{"type":"FeatureCollection","name":"Leifeng geographic source subset","license":"ODbL-1.0","attribution":"© OpenStreetMap contributors","features":[{"type":"Feature","id":"relation/2308774","properties":{"osmType":"relation","osmId":"2308774","addr:state":"ZJ","addr:street":"苏堤","alt_name":"West Lake","attraction":"tourism","name":"西湖","name:de":"Westsee","name:en":"West Lake","name:fr":"Lac de l'Ouest","name:nan":"Se-ô͘","name:nan-Hans":"西湖","name:nan-Latn-pehoeji":"Se-ô͘","name:nan-Latn-tailo":"Se-ôo","name:sk":"Západné jazero","name:zh":"西湖","name:zh-Hans":"西湖","name:zh-Hant":"西湖","name:zh-Latn-pinyin":"Xī Hú","natural":"water","source":"yahoo","type":"multipolygon","water":"lake","wikidata":"Q502371","wikipedia":"zh:西湖","wikipedia:en":"West Lake"},"geometry":{"type":"MultiPolygon","coordinates":[[[[120.1294189,30.2520875],[120.1295127,30.2520529],[120.1297051,30.2519819],[120.1297369,30.2519702],[120.1298587,30.2518415],[120.1298897,30.2517441],[120.1299324,30.2516102],[120.1299524,30.2515146],[120.1299718,30.2514218],[120.1299611,30.2513342],[120.1299503,30.2511268],[120.1299424,30.2509768],[120.1299184,30.2508758],[120.129894,30.2507216],[120.1299257,30.2505101],[120.1299229,30.2504479],[120.1299173,30.250322],[120.1300681,30.2501664],[120.1303822,30.2501809],[120.1308368,30.2502317],[120.1308555,30.2501327],[120.1306611,30.2501057],[120.1305067,30.250049],[120.1302484,30.2499377],[120.1301718,30.2498922],[120.1300316,30.2497977],[120.1298276,30.2496884],[120.1296229,30.2496752],[120.1289521,30.2496319],[120.1288971,30.2496433],[120.1286544,30.2495448],[120.1286403,30.2495106],[120.1286839,30.249433],[120.1285169,30.2493606],[120.1284653,30.2494423],[120.1283607,30.2494382],[120.1283352,30.2494058],[120.1283325,30.2493143],[120.1283218,30.2492911],[120.1283003,30.2492353],[120.1282883,30.2492042],[120.1281904,30.2491463],[120.1279999,30.2490675],[120.1279141,30.2490003],[120.1278693,30.2488821],[120.1278732,30.2487026],[120.1278855,30.2481426],[120.1279057,30.2473563],[120.1278044,30.2466441],[120.1276903,30.2465378],[120.1277663,30.2465136],[120.1277851,30.2464515],[120.1278189,30.2464264],[120.1278471,30.2463171],[120.1278197,30.2461996],[120.1277362,30.2460005],[120.1277516,30.2459329],[120.1278043,30.2457022],[120.1278747,30.2453935],[120.127891,30.2453135],[120.1278407,30.2452619],[120.1278533,30.2452191],[120.1280734,30.2444713],[120.1281648,30.2440847],[120.128227,30.2438397],[120.1278762,30.2436654],[120.1277333,30.2436256],[120.1276949,30.2436149],[120.1275104,30.2435876],[120.1273951,30.2436085],[120.1273066,30.2436873],[120.1272315,30.2437776],[120.1271188,30.2439699],[120.1270089,30.2443129],[120.1269123,30.2446373],[120.1268,30.2449908],[120.1267835,30.2450428],[120.1267374,30.2451925],[120.1267058,30.2452953],[120.1264474,30.2459199],[120.1261614,30.2462792],[120.1260145,30.2463105],[120.1258492,30.2464501],[120.125783,30.2465562],[120.1257671,30.2469253],[120.1257642,30.2469924],[120.1257607,30.2470738],[120.1258119,30.2471689],[120.1259026,30.2472351],[120.1262017,30.2472769],[120.1261932,30.247324],[120.1261282,30.2475689],[120.1261241,30.2481109],[120.1261013,30.248316],[120.1260384,30.2488823],[120.125947,30.2491265],[120.1259868,30.2492714],[120.1258511,30.2493678],[120.1257845,30.2493833],[120.1257019,30.2497778],[120.1257878,30.2498081],[120.1259098,30.2499015],[120.1259193,30.2499874],[120.125941,30.2500506],[120.1260214,30.2501127],[120.1262155,30.2501488],[120.1262059,30.2502063],[120.1259842,30.2501462],[120.1259068,30.2501289],[120.1258969,30.2501599],[120.1258812,30.2502091],[120.1258693,30.2502464],[120.1258628,30.2503302],[120.1259043,30.2503933],[120.1259901,30.2504814],[120.1260358,30.2505774],[120.1260698,30.2506489],[120.1260645,30.2508561],[120.1260372,30.2510864],[120.1260245,30.2511933],[120.1260178,30.2512895],[120.1260084,30.2513474],[120.1259936,30.251403],[120.125948,30.2514725],[120.1258992,30.2516112],[120.1258619,30.2517217],[120.1258619,30.2517585],[120.1259152,30.251892],[120.1259312,30.2519841],[120.1259472,30.2520946],[120.1259206,30.2521683],[120.1258673,30.2523018],[120.1257926,30.2524583],[120.1257595,30.2525766],[120.1257756,30.2526512],[120.1257764,30.2528182],[120.1258149,30.252896],[120.125829,30.2529722],[120.1257588,30.2530421],[120.1256761,30.2530978],[120.1256385,30.2531385],[120.125635,30.2532045],[120.1256532,30.2533454],[120.125688,30.253396],[120.1257482,30.2534521],[120.125769,30.2535041],[120.1257847,30.2535433],[120.1257886,30.2536413],[120.1257937,30.2537689],[120.1256821,30.2539888],[120.1254887,30.2543199],[120.1252823,30.2542545],[120.1254426,30.2539146],[120.125617,30.2539399],[120.125658,30.2539289],[120.1256761,30.2535876],[120.1255012,30.2535589],[120.1255109,30.2533091],[120.1254621,30.2532542],[120.1253488,30.2532142],[120.1249552,30.2530984],[120.1245216,30.2529397],[120.1242534,30.2528425],[120.1242327,30.252835],[120.124062,30.2527549],[120.1239085,30.2527002],[120.1238209,30.2526476],[120.1236478,30.2526708],[120.1236256,30.2527162],[120.1235948,30.2527628],[120.1233412,30.252842],[120.1232919,30.2527527],[120.1232216,30.2527176],[120.1231493,30.2526863],[120.1231165,30.2527248],[120.1229377,30.2526826],[120.122454,30.2525726],[120.122406,30.2524901],[120.1223641,30.2523492],[120.122369,30.2522763],[120.1224356,30.2521729],[120.1224487,30.2520991],[120.1224175,30.2519445],[120.1224186,30.2518312],[120.122451,30.2517325],[120.1224847,30.2516669],[120.122576,30.2515997],[120.1227712,30.2515454],[120.1229314,30.2514703],[120.1230524,30.2513696],[120.1231427,30.2512823],[120.1233572,30.2512548],[120.1234385,30.2512009],[120.123591,30.2510476],[120.1237234,30.2509237],[120.1238003,30.2508748],[120.1238347,30.250825],[120.1238448,30.2507851],[120.1238084,30.2506782],[120.1237386,30.2505839],[120.1235967,30.2504563],[120.1234405,30.2503211],[120.1234004,30.2502778],[120.1232865,30.2502545],[120.1225978,30.2501988],[120.1220528,30.2501674],[120.1219679,30.2502032],[120.121831,30.2501884],[120.1218077,30.2501092],[120.1217807,30.2500307],[120.1217776,30.2499594],[120.1218191,30.2500245],[120.1218948,30.2500666],[120.1220984,30.2500855],[120.1229118,30.2501413],[120.1229312,30.2501401],[120.1230157,30.2501351],[120.1234574,30.2501602],[120.1235128,30.2502535],[120.1235991,30.2504195],[120.1237308,30.250546],[120.1238043,30.2505917],[120.1238665,30.2505931],[120.1239173,30.2505751],[120.1239591,30.2505351],[120.1240526,30.2505103],[120.1240923,30.2504561],[120.1241921,30.250496],[120.1242465,30.2504975],[120.1243366,30.250472],[120.1243881,30.2504266],[120.1243993,30.2503485],[120.1243822,30.2502158],[120.1244094,30.2500729],[120.12444,30.2499862],[120.1244909,30.2498837],[120.1245043,30.249791],[120.1244929,30.2497661],[120.1244654,30.2497458],[120.1244279,30.2497226],[120.1243729,30.2496757],[120.1243561,30.2496247],[120.1243386,30.249494],[120.1243208,30.2493058],[120.1243189,30.249275],[120.1245983,30.2493966],[120.124762,30.2494025],[120.1248201,30.2493542],[120.125211,30.2495051],[120.1253112,30.2495059],[120.1253496,30.2494901],[120.1254409,30.2494173],[120.1254881,30.2494226],[120.125634,30.2493824],[120.125646,30.2493574],[120.1257636,30.249248],[120.1257636,30.2491021],[120.1257347,30.2489947],[120.1258606,30.248919],[120.1259158,30.248836],[120.1259661,30.2483148],[120.1259683,30.2482917],[120.1259797,30.2481552],[120.1259808,30.2481235],[120.1260031,30.2478197],[120.12598,30.2476264],[120.1259386,30.2473982],[120.1257566,30.2472563],[120.1256792,30.247122],[120.1256881,30.2469877],[120.1257112,30.2466392],[120.1257154,30.2465749],[120.1257409,30.2464612],[120.1259225,30.2463264],[120.1259978,30.2459974],[120.1260481,30.2459423],[120.1262179,30.24597],[120.1263005,30.2458922],[120.1263119,30.2458199],[120.1263412,30.2456334],[120.1263934,30.245525],[120.1265287,30.2452444],[120.1265642,30.2451242],[120.1266012,30.2449987],[120.1267889,30.2444867],[120.1268613,30.2442526],[120.1268801,30.2441542],[120.1268466,30.2441055],[120.1268171,30.2440858],[120.1267701,30.2440754],[120.1267312,30.244087],[120.1266749,30.2441437],[120.1266293,30.2442364],[120.1266092,30.2442886],[120.1265851,30.2442978],[120.1265569,30.2442943],[120.1265301,30.2442677],[120.1264975,30.244234],[120.1264814,30.2441505],[120.1264588,30.2440697],[120.1264362,30.2439918],[120.1263073,30.2439222],[120.1261719,30.2438999],[120.1260398,30.2438999],[120.1259624,30.2438665],[120.1258722,30.243808],[120.1257883,30.2438163],[120.12574,30.2438804],[120.125711,30.2439779],[120.1256788,30.2441477],[120.1255982,30.2442925],[120.1255563,30.2443705],[120.125437,30.2444039],[120.1252468,30.2444039],[120.1250212,30.2443538],[120.124802,30.2442758],[120.1245828,30.2440697],[120.1244765,30.2440168],[120.1243991,30.2440196],[120.1243314,30.2441004],[120.1242637,30.244131],[120.1242251,30.2442006],[120.1242927,30.2442702],[120.1245377,30.2444317],[120.1250534,30.2446099],[120.1252147,30.2446417],[120.1252372,30.2446461],[120.1254531,30.2447547],[120.1255047,30.2447909],[120.1254177,30.2447882],[120.1253242,30.2448216],[120.1252146,30.244855],[120.1251115,30.2448522],[120.1249632,30.2447882],[120.1249084,30.2446489],[120.1248343,30.2446044],[120.124412,30.2444373],[120.1243798,30.2443844],[120.1240123,30.2442312],[120.1238995,30.2442006],[120.1235868,30.2441421],[120.1235063,30.2441115],[120.1233258,30.2439584],[120.1232065,30.243886],[120.1231066,30.2437857],[120.1231195,30.2437439],[120.1230582,30.2436632],[120.1230099,30.2436632],[120.1228552,30.2434878],[120.1227875,30.2433931],[120.1227327,30.2433903],[120.1227198,30.2434488],[120.1227037,30.2434906],[120.1226456,30.2434961],[120.1225715,30.2434571],[120.1226295,30.2434098],[120.1225457,30.2432761],[120.1223841,30.2431992],[120.1222828,30.243151],[120.1221654,30.2430951],[120.1221378,30.2431337],[120.1220977,30.2431898],[120.1219752,30.2432483],[120.1219107,30.2432232],[120.1217941,30.2432507],[120.1216934,30.2434691],[120.1216459,30.2434479],[120.1215878,30.243545],[120.1214608,30.2434883],[120.1214033,30.2435785],[120.1214064,30.2435792],[120.1215676,30.2436512],[120.1214189,30.2439235],[120.1213692,30.2439279],[120.121107,30.2438511],[120.1208395,30.2437727],[120.1208428,30.2437065],[120.1208772,30.243633],[120.1207398,30.2435855],[120.1206967,30.2435702],[120.1206569,30.2436393],[120.1204604,30.2435914],[120.1204797,30.2434489],[120.1200285,30.2433224],[120.1197782,30.2432522],[120.1196737,30.2432228],[120.1195284,30.243147],[120.1194856,30.2431011],[120.1194756,30.2430904],[120.1192708,30.2430473],[120.1189926,30.2430648],[120.1190199,30.2430188],[120.119251,30.2430163],[120.1195072,30.2430521],[120.1195796,30.2429911],[120.1196801,30.2428699],[120.1197838,30.2427194],[120.1198115,30.24257],[120.1198169,30.2425408],[120.1199037,30.2424658],[120.1199137,30.2422936],[120.120161,30.2423778],[120.1203948,30.2423905],[120.1211578,30.242638],[120.1215496,30.2428072],[120.1215642,30.2428627],[120.1217973,30.242981],[120.121902,30.2429894],[120.122138,30.2429456],[120.1223225,30.2429208],[120.1224833,30.2429124],[120.1224447,30.2427346],[120.1224307,30.2426699],[120.1224278,30.242537],[120.1223169,30.2425512],[120.1221834,30.2425372],[120.1221591,30.2424243],[120.1221148,30.2424005],[120.1219061,30.2422884],[120.1217645,30.2421403],[120.1216624,30.2420284],[120.1215884,30.2419344],[120.1215433,30.2419026],[120.121325,30.2418498],[120.1211847,30.2417724],[120.1210501,30.2416174],[120.1210209,30.241528],[120.1209777,30.2413651],[120.1209292,30.240985],[120.120949,30.240908],[120.121022,30.2408351],[120.1212453,30.2407351],[120.1213512,30.2405917],[120.1213644,30.2405291],[120.1212819,30.240509],[120.1211901,30.2405327],[120.1211468,30.2405406],[120.12114,30.2405197],[120.121315,30.2404667],[120.1213354,30.240421],[120.1213029,30.240329],[120.1211573,30.2402406],[120.1207539,30.2401168],[120.1206378,30.2400545],[120.1205762,30.239945],[120.1204557,30.2398908],[120.1203971,30.239817],[120.1203129,30.2396738],[120.1201745,30.2394744],[120.1201451,30.2393516],[120.1201249,30.2392745],[120.1201898,30.2392301],[120.1201753,30.2393407],[120.120193,30.2394531],[120.1202343,30.2395275],[120.1202848,30.2395762],[120.1203512,30.2396403],[120.1204433,30.2397533],[120.120581,30.2397846],[120.1206568,30.2397918],[120.1207738,30.2398097],[120.1207943,30.2398128],[120.1208952,30.2398037],[120.1210259,30.2397208],[120.1211774,30.2395937],[120.1212046,30.239539],[120.1212162,30.239468],[120.1212023,30.2394041],[120.1211498,30.2393828],[120.1211334,30.2393054],[120.1211861,30.2391612],[120.1212465,30.2391036],[120.1214633,30.2390913],[120.1215153,30.2390677],[120.1215543,30.2389946],[120.1216108,30.2389797],[120.121676,30.239012],[120.1218867,30.2391766],[120.1220199,30.2390167],[120.122085,30.2389982],[120.1221309,30.2389398],[120.1222308,30.2389909],[120.1221524,30.2390527],[120.1220511,30.2391105],[120.1219958,30.2392418],[120.122199,30.2396774],[120.1222808,30.2399704],[120.1222694,30.2402987],[120.1224156,30.2404786],[120.1232839,30.2408575],[120.1234199,30.2409065],[120.123549,30.2409489],[120.1237225,30.2410221],[120.12413,30.2413321],[120.1243205,30.2413742],[120.1251563,30.241228],[120.1256276,30.241278],[120.1263635,30.2417851],[120.1272026,30.2421719],[120.1272605,30.2425469],[120.1276628,30.2426868],[120.1274713,30.2434076],[120.1278616,30.2435139],[120.1279566,30.2435471],[120.1282223,30.2436402],[120.1283719,30.2431763],[120.1284682,30.2430895],[120.1284622,30.2429059],[120.1286537,30.242483],[120.1296446,30.2428425],[120.1296953,30.2429484],[120.1301519,30.2431546],[120.1305649,30.2431734],[120.1307591,30.2431076],[120.1309644,30.2429846],[120.1310356,30.2429014],[120.131245,30.2428688],[120.1313581,30.2426879],[120.1317317,30.2423562],[120.1319528,30.2418738],[120.1320952,30.241711],[120.1322292,30.2415879],[120.1323288,30.2414329],[120.1322748,30.2410112],[120.1321793,30.2409525],[120.1320793,30.2409211],[120.1318672,30.2408687],[120.131755,30.2408661],[120.1316641,30.2408294],[120.1315763,30.2407587],[120.1314338,30.2407012],[120.1313096,30.2406122],[120.1309005,30.2402849],[120.1307642,30.2401488],[120.1305702,30.2399263],[120.1304127,30.2398059],[120.1303793,30.239743],[120.130274,30.2396576],[120.1295915,30.2391043],[120.1295127,30.2391697],[120.1294309,30.2391592],[120.1291066,30.238866],[120.1290763,30.2387744],[120.1290703,30.2386697],[120.1291612,30.2384969],[120.1294006,30.2383503],[120.1298824,30.2380493],[120.130043,30.2378869],[120.1301157,30.2377011],[120.1301598,30.2375632],[120.130243,30.2373031],[120.1303096,30.2372168],[120.1303672,30.2371722],[120.1304914,30.2371618],[120.1305733,30.2371801],[120.130649,30.2372613],[120.1307096,30.2372822],[120.1310187,30.2373189],[120.1310884,30.2372901],[120.1311278,30.2372272],[120.1311551,30.2367377],[120.1310763,30.236633],[120.1309914,30.2365649],[120.1308308,30.2364863],[120.1308096,30.2364157],[120.1311007,30.2359813],[120.1312387,30.2357721],[120.1313287,30.2356357],[120.1314502,30.235538],[120.1314544,30.2354186],[120.1313664,30.2352522],[120.1313916,30.2351219],[120.1317476,30.23514],[120.1319654,30.2348578],[120.1320282,30.2347782],[120.1319989,30.2347167],[120.1320533,30.2346407],[120.1321706,30.2346334],[120.1323297,30.2344815],[120.1324889,30.2342933],[120.1325601,30.2342824],[120.1326941,30.2341884],[120.1329596,30.2338148],[120.1330836,30.2337867],[120.1332679,30.2338482],[120.1334815,30.2338012],[120.133582,30.2336854],[120.1336406,30.2335153],[120.133708,30.2334713],[120.1339966,30.233736],[120.1342396,30.2339133],[120.1344615,30.234116],[120.1347199,30.2342776],[120.1348846,30.2343801],[120.1349467,30.2345284],[120.1351367,30.2345837],[120.1353455,30.2346062],[120.1354551,30.2345179],[120.1358038,30.2344866],[120.1360975,30.2345029],[120.136288,30.2344797],[120.1364087,30.2344299],[120.13652,30.2344055],[120.1366353,30.2344136],[120.1367158,30.2344426],[120.1367815,30.2344855],[120.1368485,30.234526],[120.136984,30.2345805],[120.1374158,30.2346935],[120.1374507,30.2347143],[120.1374507,30.2347398],[120.1374286,30.2347908],[120.1371253,30.2353463],[120.1363546,30.2366272],[120.136296,30.2367394],[120.1363044,30.2368262],[120.1363195,30.2368314],[120.1364509,30.2368769],[120.1365389,30.2368443],[120.1365933,30.2367466],[120.1366604,30.2366742],[120.1370708,30.2359071],[120.1373849,30.2353716],[120.1378163,30.2347275],[120.1383608,30.2338301],[120.1384529,30.2336528],[120.1386665,30.2333633],[120.1387419,30.2332005],[120.1387503,30.2330919],[120.1387168,30.2330413],[120.1385786,30.2330196],[120.1384739,30.2330702],[120.1383859,30.2331896],[120.1382644,30.2334574],[120.1380676,30.2338301],[120.1380059,30.2339791],[120.1378839,30.2341692],[120.137845,30.234219],[120.1377868,30.2342225],[120.1377819,30.2341703],[120.1377538,30.2341645],[120.1377095,30.2342086],[120.1376653,30.2341981],[120.1376371,30.2341657],[120.1376317,30.234095],[120.1376975,30.2340313],[120.1377001,30.2338934],[120.1377149,30.233803],[120.1376512,30.2336703],[120.137626,30.2336086],[120.1376199,30.233567],[120.1376188,30.2335529],[120.1376163,30.2335372],[120.1376136,30.2335313],[120.1376059,30.2335267],[120.1375791,30.2335194],[120.1375506,30.2335104],[120.1375302,30.2334928],[120.1374856,30.2334448],[120.1374166,30.2333704],[120.1372454,30.233306],[120.1371869,30.2333949],[120.1370466,30.2333619],[120.1367979,30.2332716],[120.1365726,30.2328307],[120.1365155,30.2326681],[120.1364636,30.2325331],[120.1363336,30.2323987],[120.136216,30.2321723],[120.1360734,30.2319897],[120.1360801,30.2319433],[120.1360345,30.2318668],[120.1359768,30.2318321],[120.1359473,30.2318054],[120.1359393,30.2317197],[120.1358575,30.2316455],[120.1357837,30.2315586],[120.1357113,30.2315192],[120.135659,30.2315354],[120.1356228,30.2315922],[120.1355611,30.2316015],[120.1355102,30.2315829],[120.1354597,30.2315383],[120.1354036,30.2314109],[120.1353387,30.2313975],[120.1352165,30.2314189],[120.1351591,30.2314181],[120.1351136,30.2313905],[120.1350781,30.2313465],[120.1350203,30.2313093],[120.1349416,30.2312598],[120.1349136,30.231215],[120.1348914,30.2311819],[120.1348422,30.2311466],[120.1347685,30.2311173],[120.1346951,30.2310983],[120.134616,30.2310791],[120.1345525,30.2310327],[120.134493,30.2309657],[120.1343455,30.2308369],[120.1342726,30.2307967],[120.134228,30.2308483],[120.1342025,30.2308993],[120.1341529,30.2309109],[120.1341234,30.2308935],[120.1340537,30.2308993],[120.133986,30.2308501],[120.1340001,30.2307817],[120.1339209,30.2307367],[120.1338539,30.2307058],[120.1337828,30.2306896],[120.1337425,30.230656],[120.1337452,30.2305459],[120.1337303,30.2304986],[120.1336607,30.2304358],[120.133654,30.2303976],[120.1336661,30.2303512],[120.1340114,30.2298785],[120.1340054,30.2298008],[120.134,30.2297626],[120.1338254,30.2296453],[120.1337787,30.2296189],[120.133709,30.2296021],[120.133618,30.2296256],[120.1334772,30.2295896],[120.1336772,30.2292786],[120.1337318,30.229459],[120.133756,30.2295112],[120.1338171,30.2295573],[120.1338948,30.2295982],[120.1340719,30.2296914],[120.1341043,30.2297103],[120.1341543,30.2297394],[120.1341757,30.2297846],[120.1341677,30.2299515],[120.1341476,30.2300905],[120.1341315,30.2301844],[120.134153,30.2302851],[120.1340779,30.2303037],[120.1340336,30.2303246],[120.1340369,30.2303536],[120.134055,30.2303744],[120.1340885,30.2303877],[120.1341806,30.2303893],[120.1342481,30.2303721],[120.1342817,30.2303385],[120.1343571,30.2300037],[120.1344305,30.2298924],[120.1344694,30.2298576],[120.1344462,30.2298387],[120.1343548,30.2297643],[120.1343905,30.2297449],[120.1344198,30.229729],[120.1344922,30.2297551],[120.1345162,30.2297759],[120.1345304,30.2297961],[120.1346358,30.229742],[120.1348547,30.2296947],[120.1350406,30.2296877],[120.1351584,30.2297015],[120.1352124,30.2297232],[120.1352754,30.2297278],[120.1353398,30.2297177],[120.1353573,30.2297013],[120.1354417,30.2296224],[120.1354902,30.2295693],[120.1355544,30.2295523],[120.1355638,30.2296218],[120.1355986,30.2296757],[120.1357,30.2297017],[120.1355736,30.2297017],[120.1355021,30.2297417],[120.135467,30.2297701],[120.1354437,30.2297869],[120.1354183,30.2298136],[120.1353983,30.2299065],[120.1354885,30.2300447],[120.1355309,30.2301133],[120.1359434,30.2305325],[120.1361392,30.2307315],[120.1364445,30.2305097],[120.1364901,30.2304133],[120.1364787,30.23036],[120.1365482,30.2303187],[120.1366245,30.2302961],[120.1366748,30.2302409],[120.1367122,30.230165],[120.1367408,30.2301028],[120.1368575,30.2300944],[120.1370513,30.2300233],[120.1371279,30.2299589],[120.1371116,30.2298869],[120.1371421,30.2298502],[120.1372651,30.2298976],[120.137358,30.2299361],[120.1374123,30.2299623],[120.1373982,30.2300206],[120.1383131,30.2303879],[120.1392754,30.2308362],[120.1392168,30.2309954],[120.1389513,30.2317169],[120.1389052,30.2319702],[120.1388801,30.2322199],[120.1388215,30.232408],[120.1386246,30.232788],[120.1386498,30.2328965],[120.1387587,30.2329327],[120.1388424,30.23294],[120.1389304,30.2328712],[120.139211,30.2323212],[120.1393366,30.232133],[120.1393995,30.2319846],[120.1395521,30.2317168],[120.1395896,30.2316506],[120.1396715,30.2316229],[120.1401872,30.2317347],[120.1406935,30.231824],[120.1410702,30.2319535],[120.1412781,30.2320046],[120.1413764,30.2320526],[120.1414228,30.2321135],[120.1416527,30.2323972],[120.1417167,30.2324545],[120.1418228,30.2325494],[120.1418537,30.2326013],[120.1419342,30.2326568],[120.1420301,30.2326559],[120.1421154,30.2326233],[120.1424145,30.23251],[120.1425205,30.2324683],[120.1426099,30.2324334],[120.1426783,30.232379],[120.1427038,30.2322956],[120.142736,30.232248],[120.1427923,30.2322121],[120.142846,30.2322],[120.1428761,30.2321884],[120.1428895,30.2321762],[120.1429063,30.2321693],[120.1429311,30.2321722],[120.1429895,30.2322202],[120.1430129,30.2322382],[120.1430532,30.2322463],[120.143082,30.2322446],[120.1431155,30.2322255],[120.1431631,30.23216],[120.1431987,30.2321316],[120.1432711,30.232109],[120.1433482,30.2321113],[120.1433938,30.2321275],[120.1434568,30.2321704],[120.1434776,30.2321976],[120.1434816,30.2322179],[120.1434662,30.2322394],[120.1434307,30.2322602],[120.1434112,30.2322814],[120.1434126,30.2322982],[120.1434243,30.2323153],[120.1434427,30.2323312],[120.1434505,30.2323483],[120.1434471,30.2323683],[120.1434337,30.2323842],[120.1433911,30.2324039],[120.1433207,30.2324195],[120.1432349,30.2324195],[120.1431678,30.2323981],[120.1431088,30.2323575],[120.1430813,30.2323378],[120.1430511,30.2323309],[120.1430203,30.2323407],[120.1429908,30.232361],[120.1429613,30.2323796],[120.1429117,30.2323952],[120.1427829,30.2324033],[120.1427393,30.2324172],[120.1427172,30.2324387],[120.1426971,30.2324757],[120.1426703,30.2324896],[120.1425603,30.2325227],[120.1424336,30.2325886],[120.1423223,30.2326651],[120.14175,30.2329001],[120.1416402,30.2330015],[120.1409575,30.2338048],[120.1408695,30.2339278],[120.1408342,30.2341385],[120.1408905,30.2343078],[120.1410538,30.2345683],[120.1412255,30.2346805],[120.1413512,30.2348867],[120.1415364,30.2349611],[120.1418203,30.2352341],[120.1423145,30.2354331],[120.1428254,30.2355779],[120.1436353,30.235897],[120.1446469,30.2366258],[120.1445552,30.2369673],[120.1445845,30.2370506],[120.1448597,30.2373088],[120.1449632,30.2373633],[120.1449626,30.2373962],[120.1449733,30.2374484],[120.1450091,30.2374764],[120.145088,30.2374828],[120.1451209,30.237439],[120.1452192,30.2374008],[120.1454347,30.2373219],[120.1456944,30.2370904],[120.1458411,30.2367645],[120.1463812,30.2360374],[120.1462832,30.2359334],[120.1466828,30.2355417],[120.1467833,30.2355634],[120.1469508,30.2354982],[120.147022,30.2354005],[120.147089,30.2352196],[120.1474032,30.2351364],[120.1473445,30.2350423],[120.1474869,30.2349989],[120.1476586,30.23514],[120.1478178,30.2351075],[120.1478974,30.2350423],[120.147956,30.2349157],[120.1479267,30.2347619],[120.1483623,30.2344018],[120.1484742,30.2343896],[120.1487853,30.2339097],[120.1489675,30.2338259],[120.1490994,30.2336058],[120.1491538,30.2333054],[120.1490991,30.2331942],[120.1488822,30.233106],[120.1489037,30.2330903],[120.148995,30.233113],[120.1490707,30.2331026],[120.1491036,30.2330738],[120.1491344,30.2328916],[120.1491251,30.2327387],[120.1491528,30.2326891],[120.1492927,30.2327177],[120.1494005,30.2328251],[120.1494088,30.2328683],[120.1495137,30.232874],[120.149631,30.2329191],[120.1497402,30.2329564],[120.1498164,30.2329759],[120.1499124,30.2329046],[120.1500361,30.2329025],[120.1500979,30.2329006],[120.1501311,30.2328194],[120.1501778,30.2327071],[120.1503624,30.2326673],[120.150466,30.232682],[120.1505093,30.2327781],[120.1505312,30.2328475],[120.1504898,30.2330494],[120.1504137,30.2331246],[120.1503399,30.2331376],[120.1501703,30.2331109],[120.1501262,30.2330646],[120.1501522,30.2329913],[120.1501467,30.232939],[120.1500677,30.2329495],[120.1499461,30.2330253],[120.1498338,30.2330115],[120.1497178,30.2330027],[120.1496383,30.2329716],[120.1495595,30.2329649],[120.149524,30.2329271],[120.1494795,30.2329272],[120.1494303,30.2329737],[120.1494494,30.2331986],[120.1495266,30.2337758],[120.1496701,30.2340702],[120.1503058,30.2348198],[120.1504609,30.235012],[120.1504978,30.2351031],[120.150426,30.2352367],[120.1503904,30.2353404],[120.1504245,30.235363],[120.1505483,30.23537],[120.1507131,30.235465],[120.150844,30.2356368],[120.1509408,30.2357612],[120.1509958,30.236028],[120.151226,30.236184],[120.1513595,30.2364417],[120.1513988,30.236661],[120.1512522,30.2369255],[120.1511475,30.2371245],[120.1511894,30.2372941],[120.1512496,30.2373574],[120.1510974,30.2376023],[120.1510757,30.2376569],[120.1511534,30.237696],[120.1512764,30.2377397],[120.1513993,30.2378335],[120.1515208,30.2379657],[120.1515907,30.237997],[120.1516395,30.2379851],[120.1516807,30.2379322],[120.1517069,30.2379268],[120.1517544,30.237984],[120.1518331,30.2380488],[120.151968,30.2381308],[120.1521822,30.2382098],[120.152146,30.2383239],[120.1521533,30.2384348],[120.1522093,30.2384957],[120.1522726,30.2385144],[120.1524588,30.2386191],[120.1525131,30.2386941],[120.1525637,30.2387238],[120.1526451,30.2387425],[120.1527264,30.2388066],[120.1527771,30.2389628],[120.1527481,30.2390362],[120.152683,30.2390909],[120.1526053,30.2392518],[120.1525782,30.2393689],[120.1526216,30.2394752],[120.1527047,30.2395611],[120.1527066,30.239622],[120.1526632,30.2397032],[120.1526216,30.2397204],[120.1525438,30.2397267],[120.1524191,30.2397313],[120.1522382,30.239861],[120.1521514,30.2398266],[120.1520574,30.239711],[120.1519381,30.2395595],[120.1518639,30.2394486],[120.1518242,30.2393752],[120.1517283,30.2392502],[120.1516795,30.2391909],[120.1515034,30.2391239],[120.1512689,30.2390768],[120.151072,30.2390877],[120.1509458,30.2390521],[120.150649,30.2389683],[120.1500669,30.2389357],[120.1497025,30.2388996],[120.1495648,30.2392248],[120.1495108,30.2397055],[120.1496941,30.2399706],[120.1497915,30.2406448],[120.1497967,30.2408204],[120.1498489,30.240856],[120.1499125,30.2408553],[120.1499849,30.2407824],[120.1500021,30.2407039],[120.1500639,30.2406995],[120.1500527,30.2407912],[120.1500617,30.2408618],[120.1501186,30.2408854],[120.1501895,30.2408967],[120.1502919,30.2408728],[120.1506073,30.2408824],[120.150907,30.2409055],[120.1510305,30.2410069],[120.151139,30.2410558],[120.1521628,30.2411725],[120.1522885,30.2412437],[120.1523786,30.2413987],[120.1524442,30.2415856],[120.1524309,30.2416983],[120.1523947,30.2417834],[120.1522833,30.2418119],[120.1521415,30.2418308],[120.1521035,30.2417895],[120.1521118,30.2416976],[120.152182,30.24152],[120.1521799,30.2413655],[120.1520328,30.2412368],[120.1518434,30.2412301],[120.1517608,30.2411827],[120.1516418,30.2411791],[120.1515228,30.2411846],[120.15134,30.2411188],[120.1511775,30.2410973],[120.1511302,30.2411264],[120.151113,30.2411632],[120.1511327,30.241205],[120.1511174,30.2412353],[120.1510691,30.2412491],[120.15102,30.2412409],[120.1509671,30.2412188],[120.1509136,30.2411756],[120.1509,30.2411289],[120.1509044,30.2410922],[120.1509313,30.2410645],[120.1509813,30.2410358],[120.1509726,30.2410003],[120.1509029,30.2409527],[120.1506538,30.2409236],[120.1503796,30.2409218],[120.150345,30.240974],[120.1503371,30.2410392],[120.1503537,30.2411179],[120.1504548,30.2412923],[120.1504892,30.2414529],[120.150455,30.2415758],[120.1504608,30.2416761],[120.1505001,30.2417947],[120.1505409,30.2418232],[120.1505808,30.2418436],[120.1506592,30.2419482],[120.1506711,30.2420077],[120.150644,30.2422496],[120.1506626,30.2423812],[120.1507329,30.2424381],[120.1508468,30.2424708],[120.1508511,30.2425212],[120.1508696,30.2425556],[120.1509003,30.2425757],[120.1508921,30.2426041],[120.1508866,30.2426489],[120.1508944,30.2427007],[120.150911,30.2427519],[120.1508507,30.2428458],[120.1507962,30.2428635],[120.150736,30.242863],[120.1506834,30.2428167],[120.1506592,30.2427792],[120.1506448,30.2427265],[120.1506499,30.2426747],[120.1506693,30.242613],[120.1506895,30.2425119],[120.1506673,30.242444],[120.1506044,30.2423601],[120.1506354,30.2420535],[120.150623,30.2419717],[120.1505797,30.2419124],[120.1505018,30.2418951],[120.1504696,30.2418774],[120.1504492,30.241843],[120.1504141,30.241751],[120.1503807,30.2417022],[120.1503756,30.2416658],[120.1503953,30.2416368],[120.1503875,30.2416173],[120.1503548,30.2416],[120.1503656,30.2415116],[120.1504023,30.2414382],[120.1503986,30.2413555],[120.1503439,30.2412655],[120.1503265,30.2411887],[120.1502408,30.2410903],[120.1501685,30.2409759],[120.1500942,30.2409386],[120.1499964,30.2409142],[120.1498328,30.2409463],[120.1497159,30.2410227],[120.1495178,30.2414037],[120.1494858,30.2416064],[120.1495126,30.241866],[120.149562,30.2420834],[120.1496407,30.2424296],[120.1497164,30.2427627],[120.149748,30.2428873],[120.1497949,30.243013],[120.1498479,30.2431277],[120.1498814,30.243203],[120.1499075,30.2432505],[120.149937,30.2432997],[120.1499652,30.2433437],[120.1502743,30.2437035],[120.1505238,30.244007],[120.150741,30.2442272],[120.1510709,30.2445423],[120.1516302,30.2450798],[120.1517205,30.245164],[120.1519049,30.2453998],[120.1519381,30.2454758],[120.1519952,30.2456067],[120.1521566,30.2455707],[120.1526454,30.2460264],[120.1528519,30.2462245],[120.1531336,30.2464574],[120.1535587,30.2468049],[120.1536606,30.2469022],[120.1537934,30.2470656],[120.1539382,30.2472799],[120.1540026,30.2473691],[120.1540844,30.2474467],[120.1542132,30.2475394],[120.1543848,30.2476738],[120.15459,30.2478632],[120.1549414,30.2482102],[120.1550768,30.2483701],[120.1551403,30.2484692],[120.1551814,30.2485636],[120.155215,30.2486041],[120.1552772,30.2486405],[120.1554094,30.2486725],[120.1555744,30.2486898],[120.1557098,30.2487095],[120.1557648,30.2487385],[120.1557863,30.248779],[120.1557997,30.2488416],[120.1557367,30.2491057],[120.155736,30.2491729],[120.1557172,30.2492612],[120.1556391,30.2492515],[120.155572,30.2492277],[120.1555194,30.2490745],[120.1554926,30.2490026],[120.155481,30.2489745],[120.1554368,30.2489465],[120.1553875,30.2489623],[120.1553255,30.2489668],[120.1551895,30.2489626],[120.155091,30.2489333],[120.1549893,30.2488574],[120.1549037,30.2488031],[120.1547013,30.2487668],[120.1546836,30.248651],[120.1545742,30.2485881],[120.1544133,30.248582],[120.1543138,30.2485744],[120.1541411,30.2485212],[120.1540345,30.2485301],[120.153926,30.248553],[120.1538141,30.2485807],[120.1535507,30.2485619],[120.153448,30.2485918],[120.1533805,30.2486657],[120.1532958,30.2488173],[120.1532985,30.2489482],[120.1533743,30.2491109],[120.1534074,30.2491806],[120.1535044,30.2493849],[120.1536338,30.249579],[120.153798,30.2497897],[120.1539664,30.2500059],[120.1540402,30.250087],[120.154069,30.2500992],[120.1541086,30.2501159],[120.1541518,30.2501159],[120.1542091,30.2501159],[120.1544593,30.2500673],[120.1545719,30.2500534],[120.1546195,30.2500592],[120.1546644,30.2500818],[120.1547375,30.2501802],[120.1547536,30.2502451],[120.1547484,30.2502718],[120.1547416,30.2503065],[120.1547367,30.2503447],[120.1547027,30.2503875],[120.1546436,30.2504272],[120.1543783,30.2505274],[120.1543477,30.250556],[120.1544351,30.2507155],[120.1544941,30.2508377],[120.1546014,30.2510155],[120.1546946,30.2511406],[120.1547758,30.2512356],[120.1548395,30.251326],[120.1549215,30.251454],[120.1549767,30.2515091],[120.1550327,30.2515983],[120.1550656,30.2517041],[120.1551625,30.2517614],[120.1553278,30.2518506],[120.1554475,30.2518521],[120.1555877,30.2519397],[120.155725,30.2518018],[120.1559969,30.2515285],[120.1559814,30.2514295],[120.1561271,30.2513867],[120.1561686,30.2515766],[120.1560758,30.2516267],[120.1559961,30.2516942],[120.1558977,30.2516903],[120.1556072,30.2519977],[120.1557757,30.2520996],[120.1559649,30.252214],[120.1562437,30.2523911],[120.1563145,30.2524292],[120.156383,30.2524661],[120.1563935,30.2524715],[120.1564068,30.2524784],[120.1564216,30.2524854],[120.1565076,30.2525246],[120.1566065,30.2525682],[120.156621,30.2525757],[120.1566319,30.2525814],[120.1566838,30.2526052],[120.1567078,30.2526167],[120.1567263,30.2526181],[120.1567547,30.2526069],[120.1568294,30.2525225],[120.1568671,30.2525306],[120.1568321,30.2526848],[120.1568679,30.2528384],[120.1569182,30.2528835],[120.1569799,30.2529467],[120.1569949,30.252953],[120.1570094,30.2529588],[120.1570858,30.2529745],[120.1572273,30.2529988],[120.1573862,30.2530428],[120.1574279,30.2530653],[120.1574831,30.2530952],[120.1575775,30.253155],[120.1576588,30.253229],[120.1576804,30.2532569],[120.1577805,30.2533857],[120.1578075,30.2534204],[120.1578616,30.2535728],[120.1578897,30.2537224],[120.1579072,30.2538203],[120.1578394,30.2539755],[120.1574853,30.2545411],[120.1572785,30.2548409],[120.1572502,30.2548819],[120.1570748,30.2551361],[120.157,30.2552445],[120.1569454,30.2553079],[120.1568793,30.2553846],[120.1568186,30.255466],[120.1564502,30.2559603],[120.1564085,30.2560148],[120.1563884,30.2560403],[120.1563683,30.2560658],[120.156194,30.2563148],[120.1558252,30.2568427],[120.1553719,30.2574918],[120.1552794,30.2576528],[120.155054,30.2580455],[120.1548396,30.2584199],[120.1546705,30.2585575],[120.1545799,30.258637],[120.1544908,30.2586873],[120.1542735,30.2587475],[120.1539365,30.2587805],[120.1536935,30.258766],[120.1535601,30.2588007],[120.1534845,30.2588745],[120.1533991,30.2589618],[120.1529089,30.2595769],[120.1527822,30.2597026],[120.1527044,30.2597941],[120.1526622,30.2598398],[120.1526032,30.2599169],[120.1525247,30.2600188],[120.1525019,30.2600223],[120.1524315,30.2599928],[120.1524074,30.2600009],[120.1523517,30.2601022],[120.1523155,30.2601567],[120.1522659,30.2602418],[120.1522256,30.2603096],[120.1522337,30.2603281],[120.1522739,30.26036],[120.1523128,30.2603895],[120.1523544,30.2604208],[120.1524335,30.2604561],[120.1524476,30.2604764],[120.1524463,30.2604984],[120.1521224,30.2611407],[120.15205,30.2613353],[120.1520473,30.2613926],[120.1520754,30.261432],[120.1520996,30.2614546],[120.1521776,30.2615],[120.152392,30.2616249],[120.152462,30.2616383],[120.1526094,30.2616324],[120.1526897,30.2616107],[120.1527656,30.2615818],[120.1528724,30.2615703],[120.1529698,30.2616117],[120.1530316,30.2616713],[120.1530561,30.261725],[120.1530404,30.2617659],[120.1529451,30.2618673],[120.1528982,30.2619308],[120.1528542,30.2620296],[120.1528202,30.262149],[120.1527833,30.2623433],[120.1528416,30.2624478],[120.1529435,30.262493],[120.1529906,30.2625907],[120.152928,30.2626639],[120.1528059,30.2626789],[120.152703,30.2626109],[120.1526418,30.2625279],[120.1526506,30.2624149],[120.1526928,30.2622343],[120.15279,30.261963],[120.1528395,30.2618246],[120.1529034,30.2617268],[120.1528923,30.2616838],[120.1527405,30.261639],[120.1525468,30.261743],[120.1523675,30.2617074],[120.1521707,30.2616127],[120.1520868,30.2615901],[120.1520345,30.2615925],[120.1519668,30.2616116],[120.1519038,30.261838],[120.1518689,30.2620234],[120.1518468,30.2623054],[120.1518166,30.2625128],[120.1517982,30.2625926],[120.1516838,30.2626095],[120.1510049,30.2623823],[120.1505902,30.2622159],[120.1503264,30.2620784],[120.1500667,30.2620205],[120.1497748,30.262004],[120.1494098,30.2619577],[120.1492111,30.261909],[120.1489097,30.2617889],[120.1482073,30.2614971],[120.1478597,30.2613814],[120.1475526,30.2613067],[120.1474134,30.2613979],[120.1473622,30.2614384],[120.1472914,30.2614944],[120.1472556,30.2614774],[120.1471545,30.261555],[120.1472742,30.2616591],[120.1471267,30.2617721],[120.1469656,30.2618549],[120.1468247,30.2618721],[120.1462235,30.2618134],[120.1458211,30.2617742],[120.1454968,30.2617163],[120.145038,30.261473],[120.1448831,30.2614109],[120.1447435,30.2613911],[120.1442711,30.2614133],[120.1441346,30.2614269],[120.1440319,30.2614043],[120.1439454,30.2613794],[120.1433837,30.2609702],[120.1428386,30.2605747],[120.1426359,30.2604661],[120.1423663,30.260363],[120.1421706,30.2603055],[120.1419968,30.2602033],[120.1417035,30.2599954],[120.141096,30.2595238],[120.140625,30.2590852],[120.1402884,30.2587622],[120.1398629,30.2582892],[120.1396364,30.2581127],[120.1395488,30.2580747],[120.1392452,30.2579432],[120.1385122,30.2575997],[120.1381677,30.2574478],[120.1377521,30.2573388],[120.1374013,30.2572468],[120.1371368,30.2571502],[120.1368725,30.2569765],[120.1366432,30.2568258],[120.1363042,30.2564774],[120.136124,30.2562624],[120.135933,30.2560455],[120.1358236,30.2559714],[120.1354307,30.2556605],[120.1345271,30.2548793],[120.1339469,30.2544036],[120.1338667,30.2543346],[120.1338622,30.2542644],[120.133813,30.2542083],[120.1337783,30.2541687],[120.1337239,30.2541068],[120.1332218,30.2539362],[120.1323097,30.2538041],[120.1319905,30.2537517],[120.1317434,30.2536432],[120.1316663,30.2536162],[120.1315621,30.2535797],[120.1314502,30.2535093],[120.1313832,30.25339],[120.1313748,30.2531005],[120.1313664,30.2529233],[120.1312743,30.252869],[120.1311806,30.2528798],[120.1311487,30.2528835],[120.1310063,30.2529703],[120.1309685,30.2530614],[120.1309057,30.2532127],[120.129966,30.253288],[120.129955,30.2531874],[120.1298612,30.2532025],[120.1298477,30.2531295],[120.1297875,30.2531398],[120.1298072,30.2532143],[120.1297215,30.2532273],[120.1295923,30.2530922],[120.1295545,30.2531224],[120.1296307,30.2532236],[120.1293598,30.2531485],[120.129248,30.2530933],[120.1291858,30.2530799],[120.1290687,30.2530607],[120.1288905,30.25304],[120.1286776,30.2530463],[120.1286316,30.2530603],[120.1279405,30.2532706],[120.127745,30.2533844],[120.1276599,30.2534515],[120.1273834,30.2535926],[120.127174,30.2537119],[120.1269814,30.2537771],[120.1267385,30.2538386],[120.1266575,30.2538091],[120.1265421,30.2537396],[120.1265274,30.2536632],[120.1265368,30.2535832],[120.1265435,30.2535172],[120.1265837,30.2533875],[120.1266454,30.2532728],[120.126695,30.2531952],[120.1267152,30.2531349],[120.1267071,30.2530046],[120.1266816,30.2529774],[120.1266501,30.2529698],[120.1266199,30.2529901],[120.1265998,30.2530353],[120.1265556,30.253048],[120.1264791,30.2530266],[120.1264034,30.2529667],[120.1263893,30.2529032],[120.1264402,30.2527584],[120.1265381,30.2526171],[120.1265556,30.2525551],[120.1265515,30.2524891],[120.1265254,30.2524173],[120.1264791,30.2522933],[120.1264677,30.2522354],[120.1264731,30.252207],[120.1264898,30.252189],[120.1265093,30.2521769],[120.1266012,30.2521734],[120.1267373,30.2521943],[120.1268043,30.2521937],[120.1268949,30.2521832],[120.1269861,30.2521653],[120.127033,30.2521352],[120.1270638,30.2520796],[120.127107,30.2518307],[120.1270651,30.2516787],[120.1271028,30.251411],[120.1273039,30.251241],[120.1274881,30.251165],[120.1276473,30.2511216],[120.1277185,30.2510564],[120.127819,30.2508104],[120.1279195,30.2506874],[120.128108,30.2508575],[120.12802,30.2509045],[120.127886,30.2511397],[120.1277604,30.2512844],[120.1277353,30.2513965],[120.1277981,30.2516498],[120.1278108,30.2518664],[120.1278108,30.2519846],[120.1277679,30.2520274],[120.1276875,30.2520205],[120.1276016,30.251995],[120.1274997,30.2519498],[120.1274796,30.2519776],[120.1274514,30.2520182],[120.1274018,30.2520367],[120.1274058,30.2520969],[120.12743,30.2521386],[120.1275158,30.2521746],[120.1276191,30.2521966],[120.1277639,30.2521827],[120.1278645,30.2521861],[120.1279154,30.2522139],[120.1279758,30.2522441],[120.1279798,30.2523298],[120.1279584,30.2523634],[120.1279034,30.2524028],[120.1278175,30.2523993],[120.1277934,30.2523785],[120.1277411,30.2523738],[120.1277035,30.2523877],[120.1276901,30.2524468],[120.1277156,30.2524908],[120.1277438,30.2525209],[120.1277035,30.2525928],[120.1277196,30.252653],[120.127752,30.2527207],[120.1278028,30.2527492],[120.1278609,30.252746],[120.1279237,30.2527532],[120.1279614,30.25267],[120.1280589,30.2526333],[120.1280764,30.2525673],[120.1280911,30.2524677],[120.12813,30.2524028],[120.1281568,30.2523043],[120.1281792,30.2522467],[120.1283007,30.2521925],[120.129021,30.2520514],[120.1291844,30.2520441],[120.1294189,30.2520875]],[[120.1416141,30.25429],[120.1415963,30.2543049],[120.1416476,30.2543504],[120.1414623,30.254506],[120.141295,30.2543574],[120.1414804,30.2542018],[120.1415316,30.2542474],[120.1415494,30.2542325],[120.1416141,30.25429]],[[120.13541,30.2302137],[120.1353495,30.2301667],[120.1353375,30.2300803],[120.1351945,30.2299493],[120.135024,30.2298957],[120.1348886,30.2298731],[120.1347591,30.2299345],[120.1346907,30.2299787],[120.1346885,30.2299886],[120.1346561,30.2301321],[120.1345767,30.230196],[120.1345052,30.2302399],[120.1344091,30.2303802],[120.134367,30.2306864],[120.1343822,30.2307382],[120.134453,30.2307815],[120.1346033,30.2308325],[120.134666,30.2308705],[120.1347286,30.2309173],[120.1347865,30.2309456],[120.1349533,30.2310142],[120.1350178,30.2310408],[120.1351884,30.2311537],[120.1352932,30.2312163],[120.1354554,30.2312729],[120.1355847,30.231318],[120.135745,30.2314265],[120.1357651,30.2314063],[120.1358163,30.2313545],[120.1358554,30.2313807],[120.1359284,30.2313059],[120.1358619,30.2312568],[120.1360862,30.2310476],[120.1360824,30.2308848],[120.1360403,30.2308445],[120.1358258,30.2306354],[120.1354584,30.2302628],[120.13541,30.2302137]],[[120.1519614,30.2394031],[120.152023,30.2394083],[120.1521147,30.2394096],[120.1522349,30.2393811],[120.1523131,30.2394057],[120.1524183,30.2394057],[120.152522,30.2393616],[120.1526002,30.2391694],[120.1525731,30.2390473],[120.1524303,30.2388591],[120.1523852,30.2388227],[120.1523612,30.2388331],[120.1523026,30.2388292],[120.152286,30.2388071],[120.1522815,30.2387526],[120.152262,30.2387123],[120.1522139,30.2386773],[120.1521598,30.2386877],[120.1521177,30.2386721],[120.1520155,30.238689],[120.15199,30.2387331],[120.1520621,30.2388305],[120.1521192,30.2389707],[120.1521433,30.2391253],[120.1521177,30.2392499],[120.1520546,30.2393252],[120.1519584,30.2393798],[120.1519614,30.2394031]],[[120.1500568,30.2359997],[120.1499994,30.2361131],[120.1497843,30.2366369],[120.1495433,30.2372568],[120.1494303,30.2377815],[120.1494344,30.2382374],[120.1494805,30.2384581],[120.1495416,30.2385483],[120.1500794,30.2387729],[120.1502079,30.2387837],[120.1505108,30.2388091],[120.1507621,30.2388091],[120.1508501,30.2387621],[120.1511684,30.238791],[120.1515453,30.2387657],[120.1516176,30.2388002],[120.1516815,30.2387499],[120.151837,30.238703],[120.1519156,30.2386845],[120.1520229,30.2386212],[120.1521267,30.2385617],[120.1521252,30.2385085],[120.1520861,30.2384513],[120.1520651,30.2383358],[120.1519704,30.2383254],[120.1518697,30.238289],[120.1518397,30.238228],[120.1518562,30.2381605],[120.1518261,30.2380761],[120.1517615,30.2380228],[120.1517164,30.2380215],[120.1516773,30.2380475],[120.1516142,30.2380592],[120.1515721,30.2380202],[120.1514596,30.2379451],[120.1513335,30.2378154],[120.1511138,30.2377177],[120.1509615,30.2376858],[120.1509528,30.2376407],[120.1510224,30.2375448],[120.1511333,30.2373945],[120.1510985,30.2372836],[120.1510659,30.2371051],[120.151092,30.2369735],[120.1511312,30.2367649],[120.1512551,30.2365544],[120.1512029,30.2363139],[120.1510955,30.2361863],[120.1509593,30.2360826],[120.1509168,30.2359887],[120.1508356,30.2356736],[120.1507732,30.2356574],[120.1507419,30.2356196],[120.1506582,30.235571],[120.150622,30.2355095],[120.150597,30.2354652],[120.1505299,30.2353983],[120.150445,30.2353951],[120.1504279,30.2354195],[120.1503734,30.2354376],[120.1502867,30.2355645],[120.150198,30.2357972],[120.1502408,30.2358351],[120.1502077,30.2359176],[120.1502223,30.2359885],[120.1503083,30.2360229],[120.1503787,30.2360466],[120.1504613,30.2360417],[120.1505463,30.2360101],[120.150611,30.2359927],[120.1506757,30.2359947],[120.1507071,30.2360216],[120.1507186,30.2360507],[120.1506416,30.2360852],[120.1505501,30.2361066],[120.1504639,30.2361081],[120.1503443,30.2361135],[120.1502513,30.2361121],[120.1501628,30.2360618],[120.1500568,30.2359997]],[[120.1267239,30.2524022],[120.1267192,30.2524485],[120.1267346,30.2524914],[120.1267306,30.2525487],[120.1266924,30.2526449],[120.1266501,30.2528187],[120.1266716,30.2528488],[120.1267266,30.2528615],[120.1267708,30.2528378],[120.1268868,30.2526912],[120.1269559,30.2526582],[120.1270229,30.2526449],[120.1271383,30.2526478],[120.1271819,30.2526125],[120.1271785,30.2525169],[120.127145,30.2524752],[120.1270632,30.2524671],[120.1269726,30.2524491],[120.126919,30.2524057],[120.1268882,30.2523645],[120.1268399,30.2523234],[120.126805,30.2523113],[120.1267695,30.2523176],[120.126748,30.2523327],[120.1267239,30.2524022]],[[120.1278197,30.2530016],[120.1277104,30.2529975],[120.1275726,30.2530285],[120.1275381,30.2530322],[120.1272848,30.2530594],[120.1270997,30.253062],[120.1269939,30.2530564],[120.126982,30.2532288],[120.1270281,30.2533807],[120.1271119,30.2534711],[120.1272794,30.2534241],[120.1274427,30.2534567],[120.127627,30.2533301],[120.1277009,30.2532734],[120.1277443,30.2532324],[120.1277874,30.2531853],[120.1278197,30.2530016]],[[120.1372778,30.2487818],[120.1372263,30.2485667],[120.137064,30.2484453],[120.1370065,30.2484564],[120.1369293,30.2484138],[120.1366793,30.2483802],[120.1366036,30.2484315],[120.1365141,30.2484591],[120.1364277,30.2485199],[120.1363059,30.2486768],[120.136368,30.2489968],[120.1367285,30.2492208],[120.1368242,30.24918],[120.1369841,30.2491966],[120.1369905,30.2491441],[120.1370864,30.2491496],[120.1372175,30.2489978],[120.1372778,30.2487818]],[[120.1399501,30.2482067],[120.1399452,30.248236],[120.1398301,30.2482277],[120.1398269,30.2482029],[120.1397118,30.2481808],[120.1396734,30.2481974],[120.1395086,30.2481558],[120.1394688,30.2482167],[120.139408,30.2482277],[120.1393721,30.2483569],[120.139298,30.2485009],[120.1393453,30.2487508],[120.139679,30.2488811],[120.139796,30.2488958],[120.1399804,30.2489045],[120.1400321,30.2488157],[120.1400603,30.2487415],[120.1400411,30.2486724],[120.1400827,30.2486752],[120.1400731,30.2485979],[120.1401211,30.2485785],[120.1401882,30.2484763],[120.1402026,30.2483329],[120.1401211,30.2482802],[120.1400347,30.2482471],[120.1400315,30.2482084],[120.1399501,30.2482067]],[[120.1420092,30.241716],[120.1420341,30.2413826],[120.1421005,30.2410449],[120.1421572,30.2409702],[120.1421829,30.2406958],[120.1421486,30.2405698],[120.1420971,30.2403547],[120.1419512,30.2401916],[120.1418482,30.2401323],[120.1420113,30.2400285],[120.1418133,30.2398475],[120.1417142,30.2398226],[120.1416299,30.2397514],[120.1414276,30.2397022],[120.1412298,30.2397853],[120.1410671,30.239806],[120.1408034,30.239818],[120.1406111,30.2398503],[120.1399256,30.2401174],[120.1394744,30.2402384],[120.139038,30.240402],[120.1388441,30.2405994],[120.1388685,30.2407287],[120.1389277,30.2408478],[120.1389045,30.2410314],[120.1391134,30.2413425],[120.1392531,30.2417158],[120.1396698,30.2421549],[120.1397676,30.2423673],[120.1402346,30.2427201],[120.1405769,30.2427314],[120.1411873,30.2425846],[120.1415564,30.2423568],[120.1417078,30.2421457],[120.1418804,30.242143],[120.141954,30.2420187],[120.1420193,30.2420177],[120.1420092,30.241716]],[[120.1466395,30.2604649],[120.1466032,30.260492],[120.1464916,30.260492],[120.1460625,30.260025],[120.1455303,30.2594467],[120.1451012,30.2589203],[120.1439682,30.2575859],[120.1439854,30.2574821],[120.1440341,30.257454],[120.1440841,30.2574252],[120.1441141,30.2574079],[120.1442085,30.2574302],[120.1453587,30.2587721],[120.1457792,30.2592614],[120.1460882,30.2596246],[120.1467319,30.2603141],[120.1467319,30.2603957],[120.1466934,30.2604245],[120.1466395,30.2604649]],[[120.141673,30.2547137],[120.1412393,30.2543235],[120.1412387,30.2542905],[120.1411857,30.2542505],[120.1412098,30.2542314],[120.1409892,30.254053],[120.1408354,30.2538937],[120.1406355,30.2536895],[120.1403046,30.2533191],[120.1401785,30.2531789],[120.1401121,30.2529988],[120.1401094,30.2529496],[120.1400966,30.2529292],[120.1400605,30.2529195],[120.1400347,30.252916],[120.1399907,30.2529252],[120.1397016,30.2527014],[120.1395911,30.2527877],[120.1393524,30.2526878],[120.1391762,30.2526401],[120.1384954,30.2525163],[120.1368679,30.2522213],[120.1366789,30.2522898],[120.1365519,30.2523152],[120.134853,30.2522849],[120.1341069,30.2525809],[120.1340129,30.2526959],[120.1339501,30.2533522],[120.1339519,30.2534134],[120.1340012,30.2535085],[120.1340036,30.2537215],[120.1340216,30.2537966],[120.1340381,30.2538579],[120.1340331,30.2538794],[120.1341165,30.2539295],[120.1341592,30.2539551],[120.1342406,30.2539006],[120.1343882,30.2538651],[120.134462,30.2538699],[120.1353992,30.2539915],[120.1363104,30.25444],[120.1365287,30.2545522],[120.1366022,30.2546081],[120.1366188,30.2546818],[120.1365936,30.2547555],[120.136483,30.2548464],[120.136304,30.2550274],[120.1361475,30.2551444],[120.1361166,30.2552012],[120.1361419,30.2552428],[120.1362285,30.2552675],[120.1362447,30.2553447],[120.1362985,30.2554005],[120.1364072,30.2554402],[120.1367039,30.255535],[120.1370235,30.2556459],[120.1371131,30.2556982],[120.1371874,30.2556982],[120.1374691,30.2557568],[120.1377452,30.2558258],[120.1378372,30.2558049],[120.1379389,30.2558404],[120.1381012,30.2558676],[120.1382586,30.2558655],[120.1384515,30.2558845],[120.1385879,30.2559074],[120.1392457,30.2560486],[120.139434,30.2559659],[120.1396709,30.2559693],[120.1410598,30.2548608],[120.1413,30.2550328],[120.1414793,30.2548945],[120.1422143,30.2555019],[120.142444,30.2557534],[120.142758,30.2561031],[120.1431385,30.2565956],[120.1431906,30.2566114],[120.1432373,30.2566095],[120.1432862,30.256574],[120.1433475,30.2565374],[120.143375,30.2564921],[120.1433767,30.2564677],[120.1433713,30.2564423],[120.1424973,30.2553754],[120.1424402,30.2553272],[120.141673,30.2547137]],[[120.1311026,30.2524493],[120.13109,30.252547],[120.1311319,30.2526266],[120.1312994,30.2527424],[120.1313874,30.2527424],[120.1314418,30.2526953],[120.1314879,30.2526302],[120.1319444,30.2512988],[120.1320449,30.2509515],[120.1320407,30.2508249],[120.1320198,30.2507706],[120.1319695,30.25072],[120.1318313,30.2506874],[120.1317266,30.2506947],[120.1316722,30.2507525],[120.1311026,30.2524493]],[[120.1311475,30.2502091],[120.1311337,30.2502999],[120.1311742,30.250346],[120.1312636,30.2504012],[120.1319989,30.2506187],[120.1320868,30.2505933],[120.1321496,30.2505282],[120.1323046,30.2501158],[120.1326774,30.248911],[120.1327988,30.2487012],[120.132891,30.248589],[120.1329328,30.2485058],[120.1329454,30.248419],[120.1329203,30.2483394],[120.1329203,30.2482525],[120.1329705,30.2481114],[120.1331841,30.2475868],[120.1333014,30.2472431],[120.1334773,30.2466172],[120.1334773,30.2465521],[120.1334647,30.246505],[120.1334229,30.2464616],[120.1332721,30.2464146],[120.1332176,30.2464435],[120.1331255,30.2465629],[120.1330794,30.2467691],[120.1330124,30.2469935],[120.1327025,30.2477677],[120.1325768,30.2481476],[120.1325308,30.2482308],[120.1324428,30.2483104],[120.13238,30.2484226],[120.1323758,30.248542],[120.13238,30.2486686],[120.1319821,30.2498517],[120.1318648,30.2499638],[120.1316551,30.2500821],[120.1315633,30.2501339],[120.1313958,30.2501773],[120.1311935,30.2501886],[120.1311475,30.2502091]],[[120.1331925,30.245908],[120.1330794,30.2461541],[120.1331255,30.2462192],[120.1331758,30.2462481],[120.1334606,30.2463277],[120.1335318,30.2463133],[120.133582,30.2462626],[120.1336155,30.2461866],[120.1336783,30.2459225],[120.1337663,30.2455896],[120.1341432,30.2442726],[120.1341809,30.244099],[120.1342228,30.2440375],[120.1342605,30.2438927],[120.1342689,30.2437878],[120.1346542,30.2424816],[120.1349013,30.2416856],[120.1348971,30.2415807],[120.1348678,30.2415445],[120.1348427,30.241512],[120.1347212,30.2414939],[120.1346374,30.2415228],[120.1345998,30.2415662],[120.1339757,30.2437227],[120.1339045,30.2438276],[120.1338752,30.2439362],[120.1338626,30.2440845],[120.1334354,30.2455209],[120.1331925,30.245908]],[[120.1346877,30.2412514],[120.1347128,30.241331],[120.1347422,30.2413889],[120.1348636,30.2414468],[120.1349474,30.241407],[120.1349851,30.2413274],[120.1355337,30.2395038],[120.135584,30.2394134],[120.1356719,30.2393663],[120.1357222,30.2392903],[120.1357515,30.2392071],[120.1357348,30.2391203],[120.1357096,30.2390153],[120.1357054,30.2389321],[120.1363839,30.2371663],[120.1363797,30.2370976],[120.1363672,30.2370325],[120.136275,30.2369456],[120.1362038,30.2369601],[120.136141,30.237018],[120.135429,30.2387729],[120.1354081,30.2388597],[120.1353411,30.238914],[120.1352615,30.2390081],[120.135207,30.2391022],[120.135228,30.2392071],[120.1352405,30.2393229],[120.1352322,30.2394278],[120.1346877,30.2412514]],[[120.1339374,30.2306692],[120.1339146,30.2306431],[120.1339085,30.2306205],[120.1339146,30.2305927],[120.133932,30.2305683],[120.1339481,30.2305556],[120.133989,30.2305434],[120.1340681,30.2305336],[120.1341238,30.2305318],[120.1341687,30.2305411],[120.1342009,30.2305573],[120.1342304,30.2305933],[120.1342331,30.2306356],[120.1342277,30.2306645],[120.1341955,30.2306865],[120.1341573,30.2307028],[120.1341164,30.2307068],[120.1340326,30.2306993],[120.1339374,30.2306692]],[[120.1404864,30.2403696],[120.1403585,30.2404165],[120.1403489,30.2404911],[120.1404,30.2405049],[120.1404064,30.2405408],[120.1404546,30.2405398],[120.1405215,30.2404773],[120.1405279,30.2404138],[120.1404864,30.2403696]],[[120.1227336,30.2519933],[120.1226404,30.2519755],[120.122568,30.2519352],[120.1225576,30.251886],[120.1225628,30.2518324],[120.1225835,30.2517474],[120.1226249,30.2516669],[120.1226819,30.2516267],[120.1227595,30.2515954],[120.1228475,30.251573],[120.12292,30.251573],[120.123008,30.2516043],[120.1230546,30.251649],[120.1230546,30.2517206],[120.1230287,30.2517966],[120.1229821,30.2519218],[120.1229252,30.251962],[120.1228527,30.2519889],[120.1227336,30.2519933]],[[120.1249855,30.2502672],[120.1248509,30.2502985],[120.1247422,30.2503522],[120.1246594,30.2503522],[120.1246231,30.2503209],[120.1246128,30.2502404],[120.1246231,30.2501644],[120.1246231,30.250066],[120.1245921,30.2500123],[120.124561,30.2499408],[120.1245671,30.2498987],[120.1245975,30.249802],[120.1246177,30.2497672],[120.1246331,30.2497389],[120.1246594,30.2496948],[120.1247215,30.2496412],[120.1248198,30.2496367],[120.1248923,30.2496009],[120.125001,30.249592],[120.1250632,30.2496367],[120.125146,30.2497306],[120.1252599,30.249753],[120.1254255,30.2497709],[120.1255601,30.2498066],[120.125586,30.2498558],[120.1256688,30.2499095],[120.1257724,30.2499408],[120.1258448,30.2500034],[120.1258655,30.250066],[120.1258268,30.2501497],[120.1258108,30.2501843],[120.1257931,30.2502225],[120.1256947,30.2502404],[120.125586,30.2502225],[120.1255135,30.2502136],[120.1254255,30.2502717],[120.1253634,30.2503075],[120.1252961,30.250312],[120.1252081,30.250312],[120.1251201,30.2502896],[120.1249855,30.2502672]],[[120.1253807,30.2526603],[120.1254528,30.2526514],[120.1255094,30.2526025],[120.125566,30.2526114],[120.1256433,30.2526336],[120.1256999,30.2525847],[120.1257256,30.2524869],[120.1258801,30.25218],[120.1258904,30.2520155],[120.1258235,30.2518643],[120.1257668,30.2517487],[120.125772,30.2516597],[120.1258389,30.2515219],[120.1258837,30.2514308],[120.1259065,30.2513497],[120.12594,30.2512003],[120.1259574,30.2511458],[120.1259963,30.2510756],[120.1260191,30.2509749],[120.1260242,30.2506636],[120.1259727,30.2505613],[120.1259058,30.2505257],[120.1257425,30.2505435],[120.1256912,30.250522],[120.1256762,30.250423],[120.1255141,30.2503761],[120.1252087,30.2503523],[120.1250424,30.2503254],[120.1249082,30.2503204],[120.1248291,30.2503442],[120.124735,30.2504032],[120.1246476,30.2504279],[120.1245486,30.2504461],[120.1244334,30.2505511],[120.1243076,30.2506985],[120.1242649,30.2508624],[120.1243141,30.2509974],[120.1243316,30.2512129],[120.1243961,30.2513324],[120.1244981,30.2513874],[120.1245284,30.2514448],[120.1245483,30.2517672],[120.1245479,30.2522443],[120.1245034,30.2524781],[120.1245788,30.2525636],[120.1246877,30.2526397],[120.1247725,30.2526551],[120.1248768,30.2526564],[120.1250002,30.2526486],[120.1251266,30.2526599],[120.1252297,30.2526679],[120.1253142,30.2526914],[120.1253807,30.2526603]],[[120.123633,30.2526108],[120.1235291,30.2525986],[120.1234677,30.2525822],[120.1233968,30.2525578],[120.1233024,30.252517],[120.1232835,30.252468],[120.1232787,30.2524109],[120.1233024,30.2523497],[120.1233638,30.252313],[120.1234393,30.252313],[120.1235621,30.2523456],[120.123718,30.2524191],[120.1237936,30.2524803],[120.1238219,30.252521],[120.1238219,30.2525578],[120.1237699,30.2525945],[120.123633,30.2526108]],[[120.1239683,30.2523334],[120.123888,30.2523007],[120.1238408,30.2522477],[120.1238266,30.2522028],[120.1238219,30.2521416],[120.1237699,30.2521008],[120.1237369,30.2520682],[120.1237133,30.252007],[120.1236897,30.2519417],[120.1236897,30.2518683],[120.1236944,30.2517908],[120.1237085,30.2517092],[120.1237416,30.2516684],[120.1237841,30.2516357],[120.123888,30.2516112],[120.12394,30.2515908],[120.1239683,30.251546],[120.1239778,30.2514521],[120.1239305,30.2513868],[120.1239305,30.2513175],[120.1239589,30.2512849],[120.1241006,30.2512277],[120.1241808,30.2512277],[120.1242706,30.2512685],[120.1243178,30.2513216],[120.1243887,30.2513868],[120.1244312,30.2513991],[120.1244926,30.2516031],[120.1244737,30.2516765],[120.1244737,30.2517622],[120.1245115,30.2520763],[120.1245067,30.2522028],[120.1244973,30.2522477],[120.1244501,30.2523211],[120.1243934,30.2523456],[120.1243084,30.2523497],[120.124195,30.2523497],[120.12411,30.2523742],[120.1240108,30.2523619],[120.1239683,30.2523334]],[[120.1238245,30.2512812],[120.1238706,30.2512989],[120.123909,30.2512945],[120.1239371,30.251279],[120.1241087,30.2512082],[120.124142,30.2511751],[120.1241496,30.2511375],[120.124142,30.2510955],[120.1241164,30.2510755],[120.1241266,30.2510291],[120.1241292,30.2509959],[120.1241036,30.2509362],[120.1240856,30.250892],[120.1240242,30.2508721],[120.1239704,30.2508699],[120.1239499,30.2508234],[120.1239141,30.2508212],[120.123845,30.2508632],[120.1238091,30.2508898],[120.1237758,30.2509229],[120.1237323,30.2509605],[120.1236914,30.2510291],[120.1236709,30.2510955],[120.1236888,30.251164],[120.1237349,30.2511928],[120.1237554,30.2512259],[120.1237656,30.2512702],[120.1238245,30.2512812]],[[120.1312975,30.2387535],[120.131352,30.2387606],[120.1313844,30.2388041],[120.1314222,30.2388399],[120.131442,30.2388712],[120.1314762,30.2389254],[120.1314798,30.2389704],[120.1314618,30.2390342],[120.131442,30.2390901],[120.1314186,30.2391554],[120.1313934,30.2392238],[120.131352,30.2392766],[120.1313808,30.2393248],[120.1314258,30.2393606],[120.1314564,30.2393388],[120.1315122,30.2393217],[120.1315643,30.2393528],[120.1315733,30.2393994],[120.1315445,30.2395129],[120.1315032,30.2395533],[120.1315265,30.2395751],[120.1316201,30.2396155],[120.1316615,30.2396777],[120.1317155,30.2397398],[120.1317982,30.2398098],[120.1318702,30.2398253],[120.1319619,30.2398253],[120.1320663,30.2398207],[120.132212,30.2398098],[120.1322624,30.2397989],[120.1323038,30.2398067],[120.1323368,30.239853],[120.1323096,30.2401252],[120.1322885,30.2402265],[120.1322399,30.2404603],[120.1322096,30.2405345],[120.1322035,30.2405493],[120.1321914,30.2406514],[120.1322035,30.2407404],[120.1322065,30.2407902],[120.1321368,30.2408163],[120.132044,30.2408125],[120.1320096,30.2408111],[120.1319934,30.2408064],[120.1318641,30.2407692],[120.1318278,30.2406409],[120.1318005,30.2406252],[120.1317459,30.2405938],[120.1316672,30.2406148],[120.1315611,30.240654],[120.1314732,30.2406174],[120.1312338,30.2404551],[120.1310278,30.2402928],[120.1307217,30.2399446],[120.1306187,30.2397666],[120.1305685,30.2397232],[120.1305399,30.2396985],[120.130446,30.2396514],[120.1304399,30.239586],[120.1304945,30.2395388],[120.1305399,30.2394629],[120.1306011,30.2393836],[120.1306127,30.2393687],[120.1306556,30.2393257],[120.1306702,30.2393111],[120.1306935,30.2393],[120.1307642,30.2392666],[120.1308187,30.2392823],[120.1308854,30.2393242],[120.1309702,30.2393111],[120.1310248,30.2392613],[120.1310854,30.2389995],[120.1310369,30.2389603],[120.1310318,30.2389006],[120.1310308,30.2388896],[120.1310945,30.2388687],[120.1312217,30.2388372],[120.1312975,30.2387535]],[[120.1323793,30.2398462],[120.1323707,30.2398164],[120.1323252,30.2396583],[120.1323182,30.2396341],[120.132266,30.239617],[120.1322138,30.2396248],[120.1321952,30.2396248],[120.1321545,30.2396248],[120.1321113,30.2395828],[120.1320717,30.239572],[120.1320069,30.2395937],[120.1319512,30.2396295],[120.1319062,30.2396621],[120.1318468,30.239659],[120.1317442,30.2396372],[120.1316759,30.2395968],[120.1316165,30.2395626],[120.1316003,30.2395176],[120.1316579,30.23946],[120.1316291,30.2394243],[120.1315967,30.2393777],[120.1315661,30.2393015],[120.1314978,30.2392424],[120.1314834,30.2391803],[120.1315247,30.2390264],[120.1315355,30.2389689],[120.1315283,30.2389051],[120.1314816,30.2388554],[120.1314217,30.2387951],[120.131406,30.2387792],[120.1313817,30.2387642],[120.1313484,30.2387435],[120.1313198,30.2387156],[120.1313823,30.2386095],[120.1313853,30.2385519],[120.1313066,30.2384995],[120.1311823,30.2384472],[120.131049,30.2384655],[120.1310005,30.2384341],[120.1309975,30.2383739],[120.1309642,30.2383189],[120.1308975,30.238311],[120.1308157,30.2383425],[120.1307369,30.2383137],[120.130652,30.238277],[120.1305399,30.238277],[120.1304793,30.238311],[120.1304308,30.2383582],[120.1304399,30.238421],[120.1304793,30.238476],[120.1306096,30.2384995],[120.1306884,30.2385152],[120.1307581,30.2384786],[120.1307884,30.2384315],[120.1308975,30.2384158],[120.1309369,30.2384262],[120.1309642,30.2384838],[120.1310187,30.2385021],[120.1310429,30.2385362],[120.1310066,30.2385755],[120.130946,30.2385624],[120.1308823,30.23851],[120.1308369,30.2385126],[120.130749,30.2385519],[120.130749,30.2385938],[120.1307914,30.2386435],[120.1308642,30.2386959],[120.1309642,30.2386985],[120.1309702,30.2387456],[120.1309399,30.2388529],[120.1309355,30.2388721],[120.130925,30.2389173],[120.1309113,30.2389765],[120.1309096,30.2389838],[120.130849,30.2390414],[120.1307854,30.2390833],[120.1307763,30.2391592],[120.1307369,30.2392247],[120.1306724,30.2392723],[120.1305702,30.2393477],[120.1304793,30.2393791],[120.1303642,30.239387],[120.1303127,30.239353],[120.1302702,30.2393032],[120.1302672,30.2392325],[120.1301824,30.2392221],[120.1301066,30.2391776],[120.1300612,30.23912],[120.1299793,30.2390728],[120.1298793,30.2390624],[120.1297793,30.2390755],[120.1296733,30.2390362],[120.1296309,30.2390336],[120.1295521,30.2389786],[120.1294854,30.2388791],[120.1294491,30.2387587],[120.1294591,30.2386612],[120.1294612,30.2386409],[120.1295612,30.2385388],[120.1296794,30.2384655],[120.1298672,30.2383791],[120.1299642,30.238298],[120.1300066,30.2382508],[120.1301642,30.2381278],[120.1302218,30.238099],[120.1303808,30.2379392],[120.1306127,30.2377063],[120.1306581,30.2376199],[120.1307036,30.2375545],[120.1307854,30.2375231],[120.1308793,30.2375204],[120.1310066,30.2375361],[120.1310702,30.2375806],[120.1310672,30.2377011],[120.1310217,30.2377351],[120.130949,30.2377325],[120.1308672,30.237743],[120.1307914,30.2377875],[120.1307369,30.2378293],[120.1308611,30.2379341],[120.130852,30.2379733],[120.1310884,30.2381828],[120.1311399,30.2382404],[120.1315308,30.2384472],[120.1316672,30.2385126],[120.1320611,30.2386749],[120.1321338,30.2387273],[120.132153,30.2387577],[120.1321702,30.2387849],[120.1322096,30.2389079],[120.1323065,30.2390755],[120.1323112,30.239099],[120.1323372,30.2392286],[120.1323846,30.2394656],[120.1324338,30.2397116],[120.1324471,30.2398016],[120.132452,30.2398346],[120.1323793,30.2398462]],[[120.1247682,30.2416839],[120.1247282,30.2416263],[120.124706,30.2415227],[120.1247016,30.2414421],[120.1247593,30.2413999],[120.124826,30.2414114],[120.1249992,30.2414766],[120.125017,30.2415572],[120.1250703,30.2416033],[120.1250792,30.2416801],[120.1250525,30.2417338],[120.1249459,30.2417492],[120.1247682,30.2416839]],[[120.1276112,30.2517034],[120.127569,30.2517034],[120.1275448,30.2516825],[120.1275358,30.2516461],[120.1275509,30.2516122],[120.1276172,30.2516018],[120.1276353,30.251633],[120.1276474,30.2516695],[120.1276112,30.2517034]],[[120.1235675,30.2440739],[120.1233585,30.2439286],[120.123231,30.2437808],[120.1232282,30.2437339],[120.1232744,30.2436683],[120.1233694,30.2435792],[120.1235458,30.2434947],[120.1236191,30.2434947],[120.1237521,30.243537],[120.1238173,30.2436096],[120.1238797,30.2437058],[120.1239855,30.243687],[120.1240887,30.2436659],[120.1242461,30.2437081],[120.1243303,30.2438207],[120.1243628,30.2439309],[120.1242977,30.2440505],[120.1242136,30.2441185],[120.1241294,30.2441373],[120.1240344,30.2441373],[120.1239204,30.244156],[120.123763,30.2441326],[120.123649,30.2441021],[120.1235675,30.2440739]],[[120.1238444,30.2434713],[120.1237983,30.2434596],[120.1237847,30.2434174],[120.1238281,30.2433822],[120.1237575,30.2433752],[120.1236761,30.2433517],[120.1236381,30.2433048],[120.123668,30.2432556],[120.123725,30.2432204],[120.1238471,30.2431969],[120.1239367,30.243204],[120.1239774,30.2432345],[120.123991,30.243286],[120.1239638,30.2433306],[120.1239014,30.2433705],[120.1239448,30.2433916],[120.1239421,30.2434385],[120.1239177,30.2434666],[120.1238444,30.2434713]],[[120.1253509,30.2440317],[120.1251554,30.2439192],[120.1250116,30.2438183],[120.1249763,30.2437574],[120.1249084,30.2437199],[120.1248704,30.2436519],[120.1248677,30.2435839],[120.1249084,30.2434807],[120.1249817,30.2433423],[120.1250469,30.243286],[120.125112,30.2432743],[120.1251799,30.2432814],[120.1256739,30.2434947],[120.1256956,30.2435299],[120.1257526,30.2435135],[120.1258693,30.2435604],[120.1259209,30.2436096],[120.125929,30.24368],[120.125891,30.2437222],[120.1258123,30.2437269],[120.1257282,30.2436988],[120.1256685,30.2436448],[120.1256739,30.243748],[120.125625,30.243816],[120.1255735,30.2439168],[120.1255979,30.2439567],[120.1256142,30.2440177],[120.1255816,30.2440599],[120.1255083,30.2440739],[120.1253509,30.2440317]],[[120.1261733,30.2437503],[120.12629,30.2438066],[120.1263769,30.2438394],[120.126461,30.2438746],[120.1264963,30.2438793],[120.1265181,30.2438559],[120.1265479,30.2437926],[120.1265506,30.243741],[120.1265181,30.2436823],[120.126423,30.2436331],[120.1263823,30.2435932],[120.1263416,30.2435862],[120.1262792,30.2435885],[120.1262439,30.2435979],[120.1261625,30.2437011],[120.1261733,30.2437503]],[[120.1519231,30.2393077],[120.1518192,30.2392669],[120.1517185,30.2391594],[120.1516413,30.2390452],[120.1516335,30.2388915],[120.1516901,30.2387868],[120.151846,30.2387446],[120.1519247,30.2387365],[120.1519861,30.2387909],[120.1520852,30.2389962],[120.1520884,30.2390751],[120.1520742,30.2391798],[120.1520175,30.2392478],[120.151953,30.2393022],[120.1519231,30.2393077]],[[120.1522473,30.2396758],[120.1522002,30.2396798],[120.1521662,30.2396588],[120.1521636,30.2396351],[120.1521584,30.2396227],[120.1521544,30.2396091],[120.1521453,30.2395854],[120.1521401,30.2395729],[120.1521401,30.2395515],[120.1521544,30.2395198],[120.1521636,30.2395074],[120.1521872,30.2394983],[120.1522146,30.2394961],[120.152233,30.2394961],[120.1522565,30.2394983],[120.1522774,30.2395006],[120.1522971,30.239513],[120.1523115,30.2395198],[120.1523298,30.2395209],[120.1523481,30.2395209],[120.1523834,30.2395209],[120.152407,30.2395243],[120.1524227,30.2395288],[120.1524371,30.2395334],[120.1524475,30.2395447],[120.1524488,30.2395628],[120.1524371,30.2395775],[120.1524161,30.2395854],[120.1523965,30.2395944],[120.1523808,30.2396046],[120.1523821,30.2396272],[120.1523991,30.2396509],[120.1524031,30.2396656],[120.1523913,30.2396735],[120.152369,30.2396792],[120.1523507,30.2396803],[120.1523324,30.2396814],[120.1523102,30.2396792],[120.1522905,30.2396758],[120.1522735,30.2396747],[120.1522473,30.2396758]]],[[[120.1416288,30.2408908],[120.1416119,30.2407618],[120.1417709,30.2407181],[120.1418153,30.2404941],[120.141784,30.2402412],[120.1415951,30.2401027],[120.1411087,30.2400569],[120.1409847,30.2400525],[120.1408751,30.2400739],[120.1406638,30.2400809],[120.1404786,30.2401377],[120.1403384,30.2401418],[120.1401831,30.2401916],[120.1396778,30.2403363],[120.1396001,30.2404348],[120.1395067,30.24053],[120.1393649,30.2406361],[120.1392922,30.2407485],[120.1392819,30.2408279],[120.1393353,30.2410546],[120.1394536,30.2413474],[120.1394964,30.2413558],[120.1395463,30.2413778],[120.1398408,30.2412861],[120.1402946,30.2411259],[120.1405521,30.240985],[120.1404835,30.2408886],[120.1404622,30.2406852],[120.1404832,30.2406541],[120.1406632,30.2406058],[120.1407753,30.2406439],[120.140947,30.2408886],[120.1411873,30.2408367],[120.1415049,30.2407625],[120.1415499,30.2409308],[120.1413179,30.240983],[120.1412021,30.2409928],[120.1411089,30.2410201],[120.1410315,30.24105],[120.1409899,30.2411185],[120.1408955,30.2412149],[120.140844,30.2412149],[120.140698,30.2412149],[120.1405086,30.2412147],[120.1401957,30.2412877],[120.1399551,30.2413773],[120.1395439,30.2415398],[120.1396834,30.2417139],[120.1397874,30.2418005],[120.1399599,30.2419564],[120.1401049,30.2421838],[120.14024,30.2422755],[120.1403491,30.2423527],[120.1406304,30.2424159],[120.1409843,30.2422397],[120.1411546,30.2421595],[120.1413289,30.2418914],[120.1412633,30.241759],[120.1409692,30.2417756],[120.1408783,30.2416004],[120.1409963,30.2415325],[120.1410843,30.2414966],[120.1412388,30.2415115],[120.1414276,30.2416153],[120.1415993,30.2418229],[120.1417023,30.2416598],[120.1417795,30.2414521],[120.1418131,30.2412214],[120.1417853,30.2410342],[120.1418034,30.2408527],[120.1416288,30.2408908]]]]}},{"type":"Feature","id":"relation/14719754","properties":{"osmType":"relation","osmId":"14719754","natural":"wood","type":"multipolygon"},"geometry":{"type":"MultiPolygon","coordinates":[[[[120.1322645,30.2229777],[120.1315161,30.2206943],[120.1316461,30.2202969],[120.1321158,30.2202176],[120.1323399,30.2196771],[120.1327041,30.2193478],[120.1331728,30.2190263],[120.1332643,30.2189635],[120.1333069,30.2189343],[120.1333827,30.2188838],[120.1333904,30.2183479],[120.1338862,30.2179803],[120.139957,30.2217972],[120.1413948,30.2234218],[120.1428426,30.2238562],[120.142933,30.2234739],[120.1440088,30.2243948],[120.1436569,30.2247683],[120.1449583,30.2255867],[120.1457582,30.2269575],[120.1459191,30.2269575],[120.1464821,30.2277307],[120.146452,30.2282171],[120.1474025,30.2299563],[120.1474674,30.231162],[120.1484017,30.2315117],[120.1488081,30.2316638],[120.1490211,30.2317435],[120.1491693,30.2319827],[120.1491069,30.2320582],[120.1480354,30.2318835],[120.1474087,30.231818],[120.147151,30.2318311],[120.1463323,30.2320713],[120.1459289,30.2320987],[120.1458452,30.2321245],[120.1457583,30.2317781],[120.1457255,30.2316472],[120.1454358,30.2315916],[120.1449423,30.2304143],[120.1447519,30.22976],[120.144728,30.2296816],[120.144757,30.2296676],[120.1445545,30.2296646],[120.1443265,30.2296612],[120.1437389,30.2299401],[120.1433061,30.2301455],[120.1432043,30.2303743],[120.1429927,30.2308686],[120.1430068,30.2307878],[120.1430422,30.2306447],[120.1432435,30.2300443],[120.1432745,30.2299521],[120.1407345,30.2277385],[120.1406405,30.2276971],[120.1402304,30.2275161],[120.1400665,30.2274497],[120.1399784,30.227592],[120.139833,30.2275129],[120.1398822,30.2273983],[120.1392519,30.2270843],[120.1386598,30.226823],[120.1384564,30.2268692],[120.137605,30.2270625],[120.1360423,30.2277749],[120.1355315,30.2281954],[120.1347639,30.2286839],[120.1347181,30.2287131],[120.1346057,30.228656],[120.1343302,30.2281462],[120.1340223,30.2275745],[120.1339185,30.2272608],[120.1336827,30.2270424],[120.1336732,30.2267312],[120.1336765,30.2263869],[120.1335387,30.2260317],[120.1335261,30.2260033],[120.1335226,30.2257881],[120.1330733,30.2255053],[120.1327997,30.2254775],[120.1325803,30.2253064],[120.1326705,30.2249069],[120.132772,30.2247413],[120.1327494,30.2246049],[120.1324337,30.2237084],[120.1322645,30.2229777]]]]}},{"type":"Feature","id":"relation/20059292","properties":{"osmType":"relation","osmId":"20059292","leisure":"park","name":"学士公园","type":"multipolygon"},"geometry":{"type":"MultiPolygon","coordinates":[[[[120.1500568,30.2359997],[120.150198,30.2357972],[120.1502867,30.2355645],[120.1503734,30.2354376],[120.1503812,30.2353896],[120.1503904,30.2353404],[120.150426,30.2352367],[120.1504978,30.2351031],[120.1504609,30.235012],[120.1506587,30.2349796],[120.1508735,30.2353904],[120.1509262,30.2354745],[120.1510511,30.2356267],[120.1511844,30.2357881],[120.1515459,30.2362923],[120.1516349,30.2366444],[120.1515691,30.2368162],[120.1517023,30.237212],[120.1518218,30.2373576],[120.1519108,30.2375224],[120.1521259,30.2378119],[120.1522504,30.2379328],[120.1525248,30.2381293],[120.152665,30.2382369],[120.1527486,30.2382992],[120.152914,30.2384413],[120.1533124,30.239138],[120.1535815,30.2397558],[120.1535644,30.2399836],[120.1534736,30.2410261],[120.152387,30.2409237],[120.1514144,30.2407153],[120.1514183,30.2396667],[120.1513103,30.2389063],[120.1505658,30.2388419],[120.1501451,30.2387428],[120.1500741,30.2385044],[120.1496706,30.2385623],[120.1495416,30.2385483],[120.1494805,30.2384581],[120.1494344,30.2382374],[120.1494303,30.2377815],[120.1495433,30.2372568],[120.1497843,30.2366369],[120.1499994,30.2361131],[120.1500568,30.2359997]]]]}},{"type":"Feature","id":"relation/13114952","properties":{"osmType":"relation","osmId":"13114952","highway":"pedestrian","type":"multipolygon"},"geometry":{"type":"MultiPolygon","coordinates":[[[[120.1450384,30.2335066],[120.1451122,30.233506],[120.1452834,30.2335046],[120.1452845,30.2336065],[120.1454071,30.2336055],[120.1454087,30.23375],[120.1454142,30.2342452],[120.1446437,30.2342515],[120.1446364,30.2335889],[120.144785,30.2335877],[120.1447841,30.2335087],[120.1449455,30.2335074],[120.1450384,30.2335066]],[[120.1448883,30.2336304],[120.1451356,30.2336363],[120.1453127,30.2337916],[120.1453148,30.2340059],[120.1451405,30.2341379],[120.1448936,30.2341356],[120.1447113,30.2339757],[120.1447113,30.2337857],[120.1448883,30.2336304]]]]}},{"type":"Feature","id":"way/60245868","properties":{"osmType":"way","osmId":"60245868","highway":"footway","surface":"sett","width":"3"},"geometry":{"type":"LineString","coordinates":[[120.1496429,30.2339114],[120.14954,30.2335168],[120.1494988,30.2331364],[120.1494572,30.2327569]]}},{"type":"Feature","id":"way/62124940","properties":{"osmType":"way","osmId":"62124940","highway":"footway","surface":"sett"},"geometry":{"type":"LineString","coordinates":[[120.1501878,30.2386586],[120.1499774,30.2386991],[120.1499373,30.2385172],[120.1497411,30.2384397],[120.1495342,30.2382917],[120.1495057,30.2381746],[120.1495281,30.2377178],[120.1495193,30.2374144],[120.1495541,30.2372563],[120.1496115,30.2371229],[120.1497643,30.2368233],[120.1498777,30.2365358],[120.1500156,30.2364325],[120.150086,30.2363673],[120.1501413,30.2362588],[120.150277,30.2362371],[120.1503876,30.236198],[120.1503926,30.2360026],[120.1503222,30.235894],[120.1502153,30.235764]]}},{"type":"Feature","id":"way/62124942","properties":{"osmType":"way","osmId":"62124942","foot":"designated","highway":"footway"},"geometry":{"type":"LineString","coordinates":[[120.1412642,30.2319509],[120.1415193,30.2317881],[120.141793,30.2317351],[120.1419492,30.2317417],[120.1421156,30.2317292],[120.1424745,30.2317672],[120.1438773,30.2320548],[120.1438359,30.2323004],[120.1438101,30.2323515],[120.1437429,30.2324842],[120.143701,30.232598],[120.1437671,30.2326373],[120.143812,30.232664],[120.14396,30.232654],[120.143984,30.232663],[120.144019,30.232655],[120.1441039,30.2326884],[120.1441906,30.2327038],[120.1443521,30.232721],[120.144411,30.232721],[120.1445177,30.2327145],[120.1445609,30.232672],[120.144621,30.2325919],[120.144502,30.2323606],[120.1445739,30.2321796],[120.1446943,30.2321824],[120.1448149,30.2322372],[120.1451512,30.2322921],[120.145367,30.232303],[120.1456779,30.2323633],[120.1458429,30.2324017],[120.1461285,30.2324017],[120.1464648,30.2323359],[120.1467441,30.2322043],[120.1470677,30.2321385],[120.1474295,30.2321002],[120.1477658,30.2321659],[120.14793,30.2321699],[120.1480682,30.2322191],[120.1482021,30.2322668],[120.1485012,30.232325],[120.1487017,30.2324164],[120.1488951,30.232468],[120.1490062,30.232508],[120.1491452,30.2326241],[120.1493122,30.2326608],[120.1494572,30.2327569],[120.1494855,30.2325654],[120.1495393,30.2323582]]}},{"type":"Feature","id":"way/62124948","properties":{"osmType":"way","osmId":"62124948","highway":"footway","lit":"yes","surface":"paving_stones"},"geometry":{"type":"LineString","coordinates":[[120.139428,30.2315145],[120.1396192,30.2315552],[120.1399835,30.2316331],[120.1407665,30.2318005],[120.1412642,30.2319509],[120.1414228,30.2320419],[120.1415133,30.2321304],[120.1415842,30.2321814]]}},{"type":"Feature","id":"way/62124950","properties":{"osmType":"way","osmId":"62124950","name":"放生池","natural":"water"},"geometry":{"type":"Polygon","coordinates":[[[120.1439199,30.232424],[120.144379,30.2324762],[120.1443898,30.2324352],[120.1444353,30.2324433],[120.1444559,30.2322041],[120.1439912,30.2321493],[120.1439687,30.2321982],[120.1439097,30.2321959],[120.143888,30.2323815],[120.1439204,30.2323956],[120.1439199,30.232424]]]}},{"type":"Feature","id":"way/158374217","properties":{"osmType":"way","osmId":"158374217","highway":"secondary","name":"玉皇山路"},"geometry":{"type":"LineString","coordinates":[[120.1508254,30.2324257],[120.1508765,30.2320675],[120.1507183,30.2315321],[120.1505237,30.2310807],[120.1503347,30.2306697],[120.1502392,30.2304814],[120.1499775,30.2299578],[120.1494336,30.2289068],[120.1491837,30.2283508],[120.1490022,30.2279026],[120.1488495,30.2272726],[120.1487548,30.2269984],[120.1484217,30.2260109],[120.1483635,30.2258862],[120.1483576,30.2258736],[120.1483087,30.225769],[120.1482773,30.2257005],[120.1481432,30.225408],[120.1479905,30.2249765],[120.1478612,30.2245588],[120.1478312,30.2243771]]}},{"type":"Feature","id":"way/161451427","properties":{"osmType":"way","osmId":"161451427","highway":"footway"},"geometry":{"type":"LineString","coordinates":[[120.1504738,30.2349313],[120.1503413,30.2348145],[120.1501975,30.2345443],[120.1502547,30.234439],[120.1503252,30.2343928],[120.1504013,30.2339742],[120.1504389,30.2338028],[120.1503681,30.2335979],[120.1505033,30.2333903],[120.1505182,30.2333269],[120.1505428,30.2330319],[120.1505589,30.2328604],[120.1505237,30.2327484],[120.150419,30.2325853],[120.1503155,30.2325259],[120.1495393,30.2323582],[120.1490189,30.2323258],[120.1486284,30.2322385],[120.1485159,30.232219],[120.1481483,30.2321551],[120.1480682,30.2322191]]}},{"type":"Feature","id":"way/206082676","properties":{"osmType":"way","osmId":"206082676","natural":"water"},"geometry":{"type":"Polygon","coordinates":[[[120.1417154,30.2346637],[120.1415166,30.2345413],[120.141372,30.2347842],[120.1415705,30.2349047],[120.1419297,30.2351438],[120.1420158,30.2351086],[120.1421767,30.2351642],[120.1422945,30.2352829],[120.1424181,30.2353311],[120.1425629,30.2354145],[120.1427612,30.2354961],[120.1424449,30.2351364],[120.1423054,30.2351086],[120.1421392,30.2348954],[120.1419138,30.2348352],[120.1418173,30.2348352],[120.1417207,30.2349325],[120.1416242,30.2349001],[120.1416242,30.2348166],[120.1417154,30.2346637]]]}},{"type":"Feature","id":"way/221349464","properties":{"osmType":"way","osmId":"221349464","highway":"footway"},"geometry":{"type":"LineString","coordinates":[[120.1395485,30.2293028],[120.1396005,30.2294303],[120.1397787,30.2296305],[120.1399569,30.2297383],[120.1402242,30.2299692]]}},{"type":"Feature","id":"way/221349466","properties":{"osmType":"way","osmId":"221349466","highway":"footway"},"geometry":{"type":"LineString","coordinates":[[120.1407588,30.2294149],[120.1405272,30.2295997],[120.1403311,30.2298461],[120.1402242,30.2299692],[120.1399925,30.230154],[120.1397965,30.2304004],[120.1396539,30.2306159],[120.1395716,30.230869]]}},{"type":"Feature","id":"way/229406083","properties":{"osmType":"way","osmId":"229406083","highway":"footway"},"geometry":{"type":"LineString","coordinates":[[120.1484898,30.2270199],[120.1484703,30.227105],[120.1484677,30.2271535],[120.1484653,30.2272434],[120.1484677,30.227304],[120.148521,30.2273687],[120.1486056,30.2274607],[120.1486733,30.2275463],[120.1487047,30.2276466],[120.1487096,30.2277219],[120.1487047,30.2277574],[120.1487023,30.2278222],[120.148755,30.2279545],[120.1488547,30.227958],[120.1488958,30.228006],[120.1489321,30.2280792],[120.1489683,30.2281878],[120.1489877,30.2282944],[120.1490119,30.2284177],[120.1490361,30.2284824],[120.1490482,30.2285263],[120.1490844,30.228566],[120.1491521,30.2286559],[120.1492344,30.228798],[120.1492924,30.2289254],[120.1493034,30.2289469],[120.1493287,30.2289965],[120.149348,30.2290592],[120.1493674,30.2291887],[120.1494061,30.2292806],[120.1494303,30.2293162],[120.149481,30.2293726],[120.1495004,30.2294353],[120.1495173,30.2295147],[120.1495149,30.2295376],[120.1494859,30.229569],[120.1494399,30.2296191],[120.1494254,30.2296421],[120.149456,30.2297604],[120.1494593,30.2297905],[120.1494762,30.2298406],[120.149498,30.2299242],[120.149527,30.2300015],[120.1495415,30.2300308],[120.1495246,30.2300788],[120.1494946,30.2301149],[120.1495184,30.2301627],[120.1495197,30.2302105],[120.1495656,30.2302311],[120.1496237,30.2302481],[120.1496745,30.2302293],[120.1497102,30.2302235],[120.1497519,30.2302251],[120.1497833,30.2302731],[120.1498776,30.2304361],[120.1499284,30.2305385],[120.1499502,30.2306325],[120.1499568,30.2306438],[120.1500231,30.2307377],[120.1500639,30.2307955],[120.1501775,30.230783],[120.1503347,30.2306697]]}},{"type":"Feature","id":"way/229406085","properties":{"osmType":"way","osmId":"229406085","highway":"footway"},"geometry":{"type":"LineString","coordinates":[[120.1500231,30.2307377],[120.1499575,30.2307621],[120.1498559,30.2308185],[120.1497591,30.2308728],[120.1496963,30.2308895],[120.1496561,30.2308895],[120.1495681,30.2308895],[120.1495101,30.2308895],[120.1493722,30.2308707],[120.149261,30.2308415],[120.1491812,30.230806],[120.1491338,30.2307698],[120.1490989,30.2307433],[120.1490602,30.2306973],[120.1490119,30.2306367],[120.1489974,30.2305907],[120.1489829,30.2305239],[120.1489829,30.2304466],[120.1489901,30.2303818],[120.1490143,30.2303212],[120.1490361,30.230269],[120.1490361,30.2302439],[120.1490385,30.2302209],[120.1490385,30.2301749],[120.149053,30.2300851],[120.1490457,30.230012],[120.1490288,30.229943],[120.1490143,30.2298636],[120.1490183,30.2297541],[120.1489925,30.2296275],[120.1490167,30.2295251],[120.1490191,30.2294541],[120.1490336,30.2293956],[120.1490433,30.2293454],[120.1490288,30.2293015],[120.1490022,30.2292138],[120.1489756,30.2291469],[120.1489393,30.2290675],[120.1489222,30.2290441],[120.1488934,30.2290048],[120.1488547,30.2289526],[120.1488063,30.2289108],[120.1486878,30.2288105],[120.1486201,30.2287583],[120.1485862,30.2287165],[120.1485645,30.2286747],[120.1485572,30.2286413],[120.1485621,30.2285598],[120.1485645,30.2284678],[120.1485742,30.2283842],[120.1485838,30.2283341],[120.1485742,30.2282651],[120.1485403,30.2281816],[120.1485563,30.2280649],[120.1484919,30.2279245],[120.1484484,30.2277762],[120.1484291,30.2277093],[120.1483734,30.2275944],[120.1483202,30.2274105],[120.1482864,30.2272831],[120.1482989,30.2271551],[120.1482825,30.2270173]]}},{"type":"Feature","id":"way/229406086","properties":{"osmType":"way","osmId":"229406086","highway":"footway"},"geometry":{"type":"LineString","coordinates":[[120.1504389,30.2338028],[120.1503806,30.2338347],[120.1503196,30.2338545],[120.1502332,30.2338566],[120.1501925,30.2338566],[120.150134,30.2338347],[120.1500171,30.2338017],[120.1499383,30.233782],[120.1498925,30.2337886],[120.149862,30.2338171],[120.1498086,30.2339072],[120.1497908,30.2339884],[120.1497791,30.2340205],[120.1497484,30.2340902]]}},{"type":"Feature","id":"way/229406088","properties":{"osmType":"way","osmId":"229406088","highway":"footway"},"geometry":{"type":"LineString","coordinates":[[120.143701,30.232598],[120.1436483,30.2325323],[120.1436283,30.2324764],[120.1436036,30.2324072],[120.1435666,30.232294],[120.1435234,30.2322048],[120.1434664,30.2321355],[120.1434356,30.2320982]]}},{"type":"Feature","id":"way/229406089","properties":{"osmType":"way","osmId":"229406089","highway":"footway"},"geometry":{"type":"LineString","coordinates":[[120.1438101,30.2323515],[120.1437132,30.2324257],[120.1436283,30.2324764],[120.1435645,30.2325215],[120.143451,30.2325738],[120.1432166,30.2325455],[120.1432166,30.2325106],[120.1431208,30.2325062],[120.1430622,30.2324831],[120.1430602,30.2323466]]}},{"type":"Feature","id":"way/229406096","properties":{"osmType":"way","osmId":"229406096","bridge":"yes","highway":"footway","layer":"1"},"geometry":{"type":"LineString","coordinates":[[120.1490183,30.2297541],[120.1491,30.229733],[120.1491843,30.2297167],[120.1491978,30.2296743],[120.1492626,30.2296657],[120.1492969,30.2296422],[120.1493761,30.2296693],[120.149456,30.2297604]]}},{"type":"Feature","id":"way/229406097","properties":{"osmType":"way","osmId":"229406097","highway":"footway"},"geometry":{"type":"LineString","coordinates":[[120.1495173,30.2295147],[120.1495549,30.2295469],[120.1496224,30.2296577],[120.1496651,30.2297199],[120.1497057,30.2297821],[120.1496831,30.2298463],[120.1496629,30.2298735],[120.1496047,30.2299404]]}},{"type":"Feature","id":"way/229406098","properties":{"osmType":"way","osmId":"229406098","highway":"footway"},"geometry":{"type":"LineString","coordinates":[[120.149498,30.2299242],[120.1496047,30.2299404],[120.1496806,30.2299832],[120.1497549,30.230029],[120.1497327,30.2300854],[120.1497304,30.2301379],[120.1497519,30.2302251]]}},{"type":"Feature","id":"way/229406099","properties":{"osmType":"way","osmId":"229406099","highway":"footway"},"geometry":{"type":"LineString","coordinates":[[120.1497549,30.230029],[120.1499775,30.2299578]]}},{"type":"Feature","id":"way/229406100","properties":{"osmType":"way","osmId":"229406100","highway":"footway"},"geometry":{"type":"LineString","coordinates":[[120.1491338,30.2307698],[120.1492354,30.2307911],[120.1494086,30.2308145],[120.1495007,30.2308157],[120.1495279,30.2308145],[120.1495761,30.2308078],[120.1496539,30.230797],[120.1497171,30.2307695],[120.1497982,30.2307333]]}},{"type":"Feature","id":"way/229406101","properties":{"osmType":"way","osmId":"229406101","highway":"footway"},"geometry":{"type":"LineString","coordinates":[[120.1495761,30.2308078],[120.1496111,30.2308572],[120.1496561,30.2308895]]}},{"type":"Feature","id":"way/229406102","properties":{"osmType":"way","osmId":"229406102","highway":"footway"},"geometry":{"type":"LineString","coordinates":[[120.1496561,30.2308895],[120.1496967,30.2308611],[120.1497192,30.23083],[120.1497259,30.2308086],[120.1497171,30.2307695]]}},{"type":"Feature","id":"way/229406103","properties":{"osmType":"way","osmId":"229406103","bridge":"yes","highway":"footway","layer":"1"},"geometry":{"type":"LineString","coordinates":[[120.1495007,30.2308157],[120.1494805,30.2305979],[120.149557,30.2305066],[120.1495617,30.2305061],[120.1495554,30.2304234],[120.1495866,30.2303925],[120.1495952,30.2303724],[120.1495656,30.2302311]]}},{"type":"Feature","id":"way/229406104","properties":{"osmType":"way","osmId":"229406104","highway":"footway"},"geometry":{"type":"LineString","coordinates":[[120.1438773,30.2320548],[120.1444494,30.2321025],[120.1444727,30.2319888]]}},{"type":"Feature","id":"way/229726935","properties":{"osmType":"way","osmId":"229726935","building":"yes","roof:colour":"black","roof:material":"roof_tiles","roof:shape":"gabled"},"geometry":{"type":"Polygon","coordinates":[[[120.1446682,30.2308817],[120.1450263,30.2309087],[120.1450384,30.2307885],[120.1446803,30.2307615],[120.1446682,30.2308817]]]}},{"type":"Feature","id":"way/229726936","properties":{"osmType":"way","osmId":"229726936","building":"yes","roof:colour":"black","roof:material":"roof_tiles","roof:shape":"gabled"},"geometry":{"type":"Polygon","coordinates":[[[120.1446267,30.2311454],[120.1445739,30.2314429],[120.1447289,30.2314634],[120.1447346,30.2314312],[120.1447699,30.2312323],[120.1447817,30.2311659],[120.1446267,30.2311454]]]}},{"type":"Feature","id":"way/229726937","properties":{"osmType":"way","osmId":"229726937","building":"yes","roof:colour":"black","roof:material":"roof_tiles","roof:shape":"hipped"},"geometry":{"type":"Polygon","coordinates":[[[120.1441431,30.2314857],[120.1441309,30.2315751],[120.1441184,30.2316659],[120.1441168,30.2316774],[120.1442545,30.2316928],[120.1443933,30.2317057],[120.1443985,30.2316683],[120.1444142,30.2315539],[120.1444196,30.231514],[120.1442808,30.2314998],[120.1441431,30.2314857]]]}},{"type":"Feature","id":"way/229726938","properties":{"osmType":"way","osmId":"229726938","building":"yes","roof:colour":"black","roof:material":"roof_tiles","roof:shape":"gabled"},"geometry":{"type":"Polygon","coordinates":[[[120.1429583,30.2310725],[120.1433381,30.2311235],[120.1433689,30.2309523],[120.1429891,30.2309013],[120.1429583,30.2310725]]]}},{"type":"Feature","id":"way/229726939","properties":{"osmType":"way","osmId":"229726939","building":"yes","roof:colour":"black","roof:material":"roof_tiles","roof:shape":"gabled"},"geometry":{"type":"Polygon","coordinates":[[[120.1451633,30.2318668],[120.1451394,30.2319776],[120.1456503,30.23206],[120.1456742,30.2319492],[120.1451633,30.2318668]]]}},{"type":"Feature","id":"way/229726940","properties":{"osmType":"way","osmId":"229726940","building":"yes","roof:colour":"orange","roof:material":"roof_tiles","roof:shape":"gabled"},"geometry":{"type":"Polygon","coordinates":[[[120.1443444,30.2305268],[120.1445679,30.2305585],[120.1445983,30.2303981],[120.1443749,30.2303665],[120.1443444,30.2305268]]]}},{"type":"Feature","id":"way/229726941","properties":{"osmType":"way","osmId":"229726941","building":"yes","roof:colour":"black","roof:material":"roof_tiles","roof:shape":"gabled"},"geometry":{"type":"Polygon","coordinates":[[[120.1439491,30.2308065],[120.1441068,30.2308231],[120.1441288,30.2306669],[120.143971,30.2306503],[120.1439491,30.2308065]]]}},{"type":"Feature","id":"way/229726944","properties":{"osmType":"way","osmId":"229726944","building":"yes","roof:colour":"black","roof:material":"roof_tiles","roof:shape":"gabled"},"geometry":{"type":"Polygon","coordinates":[[[120.1446281,30.2310943],[120.1450321,30.2311309],[120.1450475,30.2310037],[120.1446435,30.2309672],[120.1446281,30.2310943]]]}},{"type":"Feature","id":"way/229726945","properties":{"osmType":"way","osmId":"229726945","building":"yes","roof:colour":"black","roof:material":"roof_tiles","roof:shape":"gabled"},"geometry":{"type":"Polygon","coordinates":[[[120.1443497,30.2300864],[120.1446359,30.2301086],[120.1446728,30.2297532],[120.1443866,30.229731],[120.1443497,30.2300864]]]}},{"type":"Feature","id":"way/229726946","properties":{"osmType":"way","osmId":"229726946","building":"yes","roof:colour":"black","roof:material":"roof_tiles","roof:shape":"gabled"},"geometry":{"type":"Polygon","coordinates":[[[120.1439375,30.2310117],[120.1440785,30.2310241],[120.1440982,30.2308566],[120.1439571,30.2308442],[120.1439375,30.2310117]]]}},{"type":"Feature","id":"way/229726947","properties":{"osmType":"way","osmId":"229726947","building":"yes","roof:colour":"orange","roof:material":"roof_tiles","roof:shape":"hipped"},"geometry":{"type":"Polygon","coordinates":[[[120.1441657,30.2310455],[120.1445795,30.2310914],[120.1446208,30.2308134],[120.144207,30.2307674],[120.1441657,30.2310455]]]}},{"type":"Feature","id":"way/229726948","properties":{"osmType":"way","osmId":"229726948","building":"yes","roof:colour":"black","roof:material":"roof_tiles","roof:shape":"gabled"},"geometry":{"type":"Polygon","coordinates":[[[120.144901,30.2313826],[120.1451958,30.2314217],[120.1452186,30.2312931],[120.1449238,30.2312541],[120.1449193,30.2312795],[120.144901,30.2313826]]]}},{"type":"Feature","id":"way/229726949","properties":{"osmType":"way","osmId":"229726949","building":"yes","roof:colour":"black","roof:material":"roof_tiles","roof:shape":"gabled"},"geometry":{"type":"Polygon","coordinates":[[[120.1427137,30.2300781],[120.143071,30.230191],[120.1431428,30.2300211],[120.1427855,30.2299083],[120.1427137,30.2300781]]]}},{"type":"Feature","id":"way/229726950","properties":{"osmType":"way","osmId":"229726950","building":"yes","roof:colour":"black","roof:material":"roof_tiles","roof:shape":"gabled"},"geometry":{"type":"Polygon","coordinates":[[[120.142372,30.2307206],[120.1427344,30.2308408],[120.1427779,30.2307428],[120.1424156,30.2306226],[120.142372,30.2307206]]]}},{"type":"Feature","id":"way/340652169","properties":{"osmType":"way","osmId":"340652169","highway":"steps","name":"电梯"},"geometry":{"type":"LineString","coordinates":[[120.1450384,30.2335066],[120.1450116,30.2330711]]}},{"type":"Feature","id":"way/445291616","properties":{"osmType":"way","osmId":"445291616","landuse":"religious","name":"净慈寺","religion":"buddhist"},"geometry":{"type":"Polygon","coordinates":[[[120.1427053,30.2315313],[120.1428775,30.2311347],[120.1429927,30.2308686],[120.1432043,30.2303743],[120.1433061,30.2301455],[120.1437389,30.2299401],[120.1443265,30.2296612],[120.1445545,30.2296646],[120.144757,30.2296676],[120.1449423,30.2304143],[120.1452319,30.2311049],[120.1454358,30.2315916],[120.1457255,30.2316472],[120.1457583,30.2317781],[120.1458452,30.2321245],[120.1447791,30.2319755],[120.143291,30.2317274],[120.1426887,30.231627],[120.1427053,30.2315313]]]}},{"type":"Feature","id":"way/514648385","properties":{"osmType":"way","osmId":"514648385","highway":"steps"},"geometry":{"type":"LineString","coordinates":[[120.1467807,30.2313943],[120.1468451,30.2314734],[120.1469197,30.2315231],[120.1470381,30.2315374],[120.1471613,30.2315169],[120.1472422,30.2315216],[120.1472782,30.2315575],[120.1472941,30.2316305],[120.1472711,30.2317248],[120.1472209,30.2317597],[120.1472098,30.2317944],[120.1472431,30.2318429],[120.1472888,30.2318861]]}},{"type":"Feature","id":"way/514648386","properties":{"osmType":"way","osmId":"514648386","highway":"steps","paving_stones:length":"0.3","paving_stones:shape":"square","surface":"paving_stones"},"geometry":{"type":"LineString","coordinates":[[120.1467807,30.2313943],[120.1467457,30.2313272],[120.1467487,30.2311677],[120.1467756,30.2311103],[120.1467707,30.2310369],[120.1464473,30.2306888],[120.1462321,30.2305813],[120.1459484,30.2303328],[120.1458229,30.2302397],[120.1456229,30.2299386],[120.1455953,30.229839],[120.1453213,30.2294606],[120.1448649,30.2290078],[120.1443211,30.2287078],[120.1439451,30.2285753],[120.1436809,30.2284135],[120.1431808,30.227731],[120.1424591,30.2272821],[120.1423096,30.2270759],[120.1418508,30.2266729],[120.1413494,30.2261417],[120.1410479,30.2258226],[120.1408181,30.2256175],[120.1405071,30.2252599],[120.1401765,30.2250378],[120.1399704,30.2248543],[120.1396107,30.2245173],[120.1394598,30.2243357],[120.1391156,30.2241519],[120.1384688,30.2238648],[120.1374234,30.2234837],[120.1371612,30.2233487],[120.1368185,30.2231931],[120.1364366,30.2230265],[120.1363735,30.2226748],[120.1360087,30.2219887],[120.135837,30.2222669],[120.1355829,30.2222862],[120.1355739,30.2223506],[120.1355275,30.222371],[120.135448,30.2223219],[120.1354004,30.222336],[120.1354276,30.2224758],[120.1354135,30.2226051],[120.1353665,30.2226347],[120.1353181,30.2226117],[120.1351857,30.2224725],[120.1350204,30.2223523],[120.1349767,30.2223853],[120.1350988,30.2225871],[120.1350949,30.2226874],[120.1351478,30.222898],[120.1351452,30.2230365],[120.1350115,30.2232257],[120.1349367,30.2232613],[120.1349106,30.2233163],[120.1349993,30.2235324],[120.1351944,30.2237012],[120.1352159,30.2237868],[120.1352089,30.224104],[120.1351764,30.224339],[120.1351905,30.2244586],[120.1353731,30.2247945],[120.135385,30.2248937],[120.1354817,30.2250974],[120.135466,30.2251706],[120.134954,30.2253502]]}},{"type":"Feature","id":"way/565661278","properties":{"osmType":"way","osmId":"565661278","cycleway":"lane","highway":"secondary","lanes":"1","lit":"yes","name":"南山路","name:en":"Nanshan Road","name:zh":"南山路","name:zh-Latn-pinyin":"Nánshān Lù","source":"survey"},"geometry":{"type":"LineString","coordinates":[[120.1508254,30.2324257],[120.1500595,30.2322943],[120.1489828,30.2321067],[120.1485368,30.232029],[120.1482661,30.2319891],[120.1481689,30.231975],[120.1480094,30.2319519],[120.1475625,30.2318866],[120.1472888,30.2318861],[120.1471988,30.2318859],[120.1470309,30.2319192],[120.1468827,30.2319486],[120.146247,30.2321619],[120.1458956,30.232181],[120.1455837,30.2321737],[120.1450226,30.2320803],[120.1446258,30.2320143],[120.1444727,30.2319888]]}},{"type":"Feature","id":"way/589384551","properties":{"osmType":"way","osmId":"589384551","cycleway":"lane","highway":"secondary","lanes":"1","lit":"yes","name":"南山路","name:en":"Nanshan Road","name:zh":"南山路","name:zh-Latn-pinyin":"Nánshān Lù","source":"survey"},"geometry":{"type":"LineString","coordinates":[[120.1402555,30.2312056],[120.1401589,30.2311608],[120.1397001,30.2309416],[120.1395716,30.230869],[120.1388347,30.2305103],[120.1381476,30.2301875],[120.1373692,30.2298217],[120.1371225,30.2297095],[120.1367417,30.2295564],[120.1363555,30.2294012],[120.13628,30.2293695],[120.1347181,30.2287131]]}},{"type":"Feature","id":"way/639112504","properties":{"osmType":"way","osmId":"639112504","foot":"designated","highway":"footway"},"geometry":{"type":"LineString","coordinates":[[120.1444494,30.2321025],[120.1445739,30.2321796]]}},{"type":"Feature","id":"way/672625138","properties":{"osmType":"way","osmId":"672625138","highway":"unclassified","oneway":"yes"},"geometry":{"type":"Polygon","coordinates":[[[120.145485,30.2355838],[120.1454586,30.2355239],[120.1454553,30.2354183],[120.1455015,30.2353213],[120.1455873,30.2352586],[120.1456798,30.2352414],[120.145769,30.23527],[120.1458053,30.2353042],[120.1458581,30.2353955],[120.145868,30.2354782],[120.1458218,30.2355267],[120.1457508,30.2355667],[120.1456468,30.2355952],[120.1455444,30.2356152],[120.145485,30.2355838]]]}},{"type":"Feature","id":"way/672625139","properties":{"osmType":"way","osmId":"672625139","highway":"unclassified"},"geometry":{"type":"LineString","coordinates":[[120.145769,30.23527],[120.1458713,30.2351245],[120.1460166,30.2350389],[120.1461763,30.2349242],[120.1463541,30.2348655],[120.1465612,30.2348603],[120.146688,30.2349088],[120.1467629,30.2349248],[120.146862,30.2348506],[120.1470403,30.2346452],[120.1473111,30.2343114],[120.1475621,30.2340917],[120.1477981,30.2337278],[120.1479812,30.233463],[120.1480838,30.2333071],[120.1481531,30.2331388],[120.1482375,30.2328983],[120.1483379,30.2326809],[120.1485012,30.232325],[120.1485159,30.232219],[120.1485368,30.232029]]}},{"type":"Feature","id":"way/672625140","properties":{"osmType":"way","osmId":"672625140","building":"yes"},"geometry":{"type":"Polygon","coordinates":[[[120.144256,30.2355002],[120.1442694,30.235429],[120.144472,30.2354575],[120.1444936,30.2353427],[120.1442387,30.2353068],[120.1442545,30.235223],[120.1444931,30.2352566],[120.1445022,30.2352084],[120.1445954,30.2352216],[120.1445768,30.2353204],[120.1446546,30.2353314],[120.1446576,30.2353155],[120.1447566,30.2353295],[120.1447432,30.2354001],[120.1446439,30.2353861],[120.1446493,30.2353579],[120.1445709,30.2353468],[120.1445523,30.2354451],[120.144791,30.2354785],[120.1448525,30.2351501],[120.1449724,30.2351668],[120.1449475,30.2353],[120.1452237,30.2353386],[120.1452345,30.235281],[120.1453724,30.2353003],[120.1453245,30.2355556],[120.1451593,30.2355325],[120.1451678,30.2354874],[120.1449288,30.2354538],[120.1449015,30.2355992],[120.1446815,30.2355683],[120.1446705,30.2356268],[120.1445209,30.2356058],[120.1445334,30.2355393],[120.144256,30.2355002]]]}},{"type":"Feature","id":"way/672625141","properties":{"osmType":"way","osmId":"672625141","building":"yes"},"geometry":{"type":"Polygon","coordinates":[[[120.1452894,30.2349851],[120.1453218,30.2349608],[120.1452883,30.2349274],[120.1456935,30.2346239],[120.1457847,30.2347148],[120.1458821,30.2346418],[120.145939,30.2346986],[120.1459962,30.2346558],[120.1459628,30.2346225],[120.1460569,30.234552],[120.1461729,30.2346676],[120.1460802,30.2347371],[120.1460152,30.2346724],[120.1459545,30.2347178],[120.1460779,30.2348408],[120.145818,30.2350355],[120.1457034,30.2349213],[120.1454305,30.2351257],[120.1452894,30.2349851]]]}},{"type":"Feature","id":"way/672625142","properties":{"osmType":"way","osmId":"672625142","building":"yes"},"geometry":{"type":"Polygon","coordinates":[[[120.1462721,30.2351535],[120.1464011,30.2350565],[120.1464561,30.2351111],[120.1465076,30.2350724],[120.146577,30.2351413],[120.1465241,30.235181],[120.1465916,30.235248],[120.146464,30.235344],[120.1462721,30.2351535]]]}},{"type":"Feature","id":"way/672625143","properties":{"osmType":"way","osmId":"672625143","building":"yes"},"geometry":{"type":"Polygon","coordinates":[[[120.1465453,30.2353748],[120.1467903,30.235205],[120.1468859,30.2353079],[120.1468012,30.2353666],[120.1468421,30.2354107],[120.1467581,30.2354689],[120.1467241,30.2354323],[120.1466479,30.2354852],[120.1465453,30.2353748]]]}},{"type":"Feature","id":"way/672625144","properties":{"osmType":"way","osmId":"672625144","building":"yes"},"geometry":{"type":"Polygon","coordinates":[[[120.1462133,30.235704],[120.1463499,30.2355759],[120.1464116,30.235625],[120.1464669,30.2355733],[120.1465179,30.2356139],[120.1464576,30.2356705],[120.1464939,30.2356994],[120.1463976,30.2357898],[120.1463306,30.2357364],[120.1462954,30.2357694],[120.1462133,30.235704]]]}},{"type":"Feature","id":"way/672625145","properties":{"osmType":"way","osmId":"672625145","building":"yes"},"geometry":{"type":"Polygon","coordinates":[[[120.1457761,30.2357696],[120.1458791,30.2356641],[120.1460959,30.2358221],[120.1459929,30.2359276],[120.1457761,30.2357696]]]}},{"type":"Feature","id":"way/672625146","properties":{"osmType":"way","osmId":"672625146","highway":"unclassified"},"geometry":{"type":"Polygon","coordinates":[[[120.1446186,30.2365203],[120.1447297,30.2365523],[120.1448103,30.2365542],[120.1449889,30.2365146],[120.1452177,30.2363866],[120.1452918,30.2363302],[120.1453048,30.2362775],[120.1452983,30.2362041],[120.1452242,30.2361307],[120.145172,30.2360667],[120.1451632,30.236029],[120.145117,30.2359619],[120.1449933,30.2358935],[120.1447188,30.2356977],[120.1446447,30.2356563],[120.1445009,30.2356375],[120.144294,30.2356827],[120.1441175,30.2357617],[120.1440195,30.2358728],[120.1439802,30.2359518],[120.1439693,30.2360196],[120.1440042,30.2360667],[120.1442025,30.2361834],[120.1443179,30.2363019],[120.1444094,30.2363904],[120.1445075,30.2364676],[120.1446186,30.2365203]]]}},{"type":"Feature","id":"way/672625147","properties":{"osmType":"way","osmId":"672625147","highway":"unclassified"},"geometry":{"type":"LineString","coordinates":[[120.1442025,30.2361834],[120.1443201,30.2361928],[120.1445576,30.2361457],[120.1448016,30.2360968],[120.1449563,30.2360403],[120.145117,30.2359619],[120.1452613,30.2358916],[120.145355,30.235822],[120.1453964,30.235758],[120.1453985,30.2357053],[120.1454138,30.235645],[120.145485,30.2355838]]}},{"type":"Feature","id":"way/672625148","properties":{"osmType":"way","osmId":"672625148","highway":"footway"},"geometry":{"type":"LineString","coordinates":[[120.1448103,30.2365542],[120.1448212,30.2365937],[120.1448582,30.2366897],[120.1448582,30.2367556]]}},{"type":"Feature","id":"way/672625149","properties":{"osmType":"way","osmId":"672625149","highway":"footway"},"geometry":{"type":"Polygon","coordinates":[[[120.1448582,30.2367556],[120.1447929,30.236893],[120.1447863,30.2370153],[120.144819,30.2370962],[120.1448691,30.2371791],[120.1449127,30.2372788],[120.1449519,30.237324],[120.1449955,30.2373447],[120.1450717,30.2373541],[120.1451763,30.237339],[120.1452983,30.2372939],[120.1454116,30.2372205],[120.1454791,30.2371339],[120.1455162,30.2370398],[120.1454857,30.2370134],[120.1454225,30.2370134],[120.1453855,30.2369795],[120.1453571,30.2369325],[120.1453288,30.236893],[120.1452896,30.2368704],[120.1452264,30.2368666],[120.145185,30.2368591],[120.1451284,30.2368384],[120.145087,30.2368139],[120.145002,30.2367556],[120.1449192,30.2367556],[120.1448582,30.2367556]]]}},{"type":"Feature","id":"way/675828176","properties":{"osmType":"way","osmId":"675828176","building":"yes"},"geometry":{"type":"Polygon","coordinates":[[[120.1416139,30.2321412],[120.1417725,30.2321846],[120.141803,30.2321013],[120.1416444,30.2320579],[120.1416139,30.2321412]]]}},{"type":"Feature","id":"way/675828177","properties":{"osmType":"way","osmId":"675828177","building":"yes"},"geometry":{"type":"Polygon","coordinates":[[[120.1416444,30.2320579],[120.141803,30.2321013],[120.1418505,30.231991],[120.1416891,30.2319493],[120.1416444,30.2320579]]]}},{"type":"Feature","id":"way/675828178","properties":{"osmType":"way","osmId":"675828178","building":"yes"},"geometry":{"type":"Polygon","coordinates":[[[120.1420034,30.2322181],[120.1421726,30.2322465],[120.1421982,30.2321321],[120.1420291,30.2321038],[120.1420131,30.2321748],[120.1420034,30.2322181]]]}},{"type":"Feature","id":"way/675828179","properties":{"osmType":"way","osmId":"675828179","building":"yes"},"geometry":{"type":"Polygon","coordinates":[[[120.142202,30.2323983],[120.1422798,30.2324112],[120.1422649,30.2324783],[120.1423613,30.2324942],[120.1423748,30.2324332],[120.1423826,30.232398],[120.1423577,30.2323939],[120.1423818,30.232285],[120.142437,30.2322942],[120.1424474,30.2322469],[120.142243,30.2322131],[120.142202,30.2323983]]]}},{"type":"Feature","id":"way/675828180","properties":{"osmType":"way","osmId":"675828180","building":"yes"},"geometry":{"type":"Polygon","coordinates":[[[120.1431432,30.2354555],[120.1432682,30.2354702],[120.1432728,30.2354409],[120.143356,30.2354507],[120.1433446,30.2355229],[120.1437799,30.2355742],[120.1438122,30.2353699],[120.1435212,30.2353356],[120.143523,30.2353238],[120.1433982,30.2353091],[120.1434061,30.235259],[120.1432467,30.2352402],[120.1432395,30.2352857],[120.1431713,30.2352777],[120.1431432,30.2354555]]]}},{"type":"Feature","id":"way/675828181","properties":{"osmType":"way","osmId":"675828181","building":"pavilion"},"geometry":{"type":"Polygon","coordinates":[[[120.1435858,30.2351741],[120.1436416,30.2351766],[120.1436827,30.2351481],[120.14369,30.2350903],[120.1436526,30.235058],[120.1435931,30.2350548],[120.1435461,30.2350872],[120.1435439,30.2351405],[120.1435858,30.2351741]]]}},{"type":"Feature","id":"way/675828182","properties":{"osmType":"way","osmId":"675828182","building":"yes"},"geometry":{"type":"Polygon","coordinates":[[[120.1467099,30.2343311],[120.1468478,30.2343434],[120.1468664,30.2342119],[120.1469601,30.2342195],[120.1469739,30.234076],[120.1467452,30.2340567],[120.1467256,30.2341998],[120.1467099,30.2343311]]]}},{"type":"Feature","id":"way/675828183","properties":{"osmType":"way","osmId":"675828183","building":"yes"},"geometry":{"type":"Polygon","coordinates":[[[120.1472008,30.2340712],[120.1472974,30.2339758],[120.1472043,30.2339055],[120.1471078,30.2340009],[120.1472008,30.2340712]]]}},{"type":"Feature","id":"way/675828184","properties":{"osmType":"way","osmId":"675828184","building":"yes"},"geometry":{"type":"Polygon","coordinates":[[[120.1476549,30.2350745],[120.1477601,30.2349798],[120.1476808,30.234914],[120.1478377,30.2347728],[120.147733,30.2346859],[120.1476067,30.2348014],[120.1474897,30.234916],[120.1474709,30.2349217],[120.1476549,30.2350745]]]}},{"type":"Feature","id":"way/675828185","properties":{"osmType":"way","osmId":"675828185","building":"yes"},"geometry":{"type":"Polygon","coordinates":[[[120.1473942,30.2349505],[120.1474558,30.2348902],[120.1474897,30.234916],[120.1476067,30.2348014],[120.1475442,30.2347538],[120.1475701,30.2347284],[120.1473411,30.234554],[120.1472639,30.2346297],[120.1474157,30.2347453],[120.1473691,30.234791],[120.1472384,30.2346914],[120.1471578,30.2347704],[120.1473942,30.2349505]]]}},{"type":"Feature","id":"way/675828186","properties":{"osmType":"way","osmId":"675828186","building":"yes"},"geometry":{"type":"Polygon","coordinates":[[[120.1476823,30.2345173],[120.1478133,30.234625],[120.1479426,30.2345075],[120.1479255,30.2344934],[120.1480393,30.2343899],[120.1480013,30.2343587],[120.1480184,30.2343432],[120.1480345,30.2343564],[120.1481182,30.2342802],[120.1478493,30.2340598],[120.1477782,30.2341245],[120.1478088,30.2341497],[120.1477141,30.2342359],[120.1477999,30.2343062],[120.1478886,30.2342254],[120.1480071,30.2343225],[120.1479744,30.2343413],[120.1479369,30.2343123],[120.1478237,30.2344213],[120.1478001,30.2344103],[120.1476823,30.2345173]]]}},{"type":"Feature","id":"way/675828187","properties":{"osmType":"way","osmId":"675828187","building":"yes"},"geometry":{"type":"Polygon","coordinates":[[[120.145164,30.2367363],[120.14527,30.236786],[120.1453002,30.236738],[120.1453622,30.2367671],[120.1454219,30.2366721],[120.1452583,30.2365953],[120.1452841,30.2365541],[120.1451977,30.2365136],[120.145113,30.2366482],[120.1451952,30.2366868],[120.145164,30.2367363]]]}},{"type":"Feature","id":"way/675828188","properties":{"osmType":"way","osmId":"675828188","building":"yes"},"geometry":{"type":"Polygon","coordinates":[[[120.1455637,30.2365837],[120.1456881,30.2366514],[120.1458237,30.2364653],[120.1458679,30.2364893],[120.1459034,30.2364407],[120.1457994,30.2363842],[120.145773,30.2364205],[120.1457082,30.2363853],[120.1455637,30.2365837]]]}},{"type":"Feature","id":"way/675828189","properties":{"osmType":"way","osmId":"675828189","building":"yes"},"geometry":{"type":"Polygon","coordinates":[[[120.1457076,30.2366494],[120.1458012,30.2366974],[120.1458636,30.2366067],[120.14577,30.2365587],[120.1457076,30.2366494]]]}},{"type":"Feature","id":"way/675828190","properties":{"osmType":"way","osmId":"675828190","building":"yes"},"geometry":{"type":"Polygon","coordinates":[[[120.1457779,30.2365468],[120.1458743,30.2365953],[120.145922,30.2365244],[120.1458256,30.2364759],[120.1457779,30.2365468]]]}},{"type":"Feature","id":"way/675828191","properties":{"osmType":"way","osmId":"675828191","building":"yes"},"geometry":{"type":"Polygon","coordinates":[[[120.1455032,30.2368355],[120.1456988,30.2369304],[120.1457555,30.2368433],[120.1455598,30.2367484],[120.1455032,30.2368355]]]}},{"type":"Feature","id":"way/675828192","properties":{"osmType":"way","osmId":"675828192","building":"yes"},"geometry":{"type":"Polygon","coordinates":[[[120.1453816,30.236002],[120.145492,30.2360517],[120.145548,30.2359588],[120.1454375,30.2359091],[120.1453816,30.236002]]]}},{"type":"Feature","id":"way/675828193","properties":{"osmType":"way","osmId":"675828193","building":"yes"},"geometry":{"type":"Polygon","coordinates":[[[120.1461427,30.2359119],[120.146219,30.2359699],[120.1462923,30.2358978],[120.1462159,30.2358399],[120.1461427,30.2359119]]]}},{"type":"Feature","id":"way/675828194","properties":{"osmType":"way","osmId":"675828194","building":"yes"},"geometry":{"type":"Polygon","coordinates":[[[120.1461975,30.2341245],[120.1463189,30.2340667],[120.1461626,30.2338216],[120.1460412,30.2338793],[120.1461975,30.2341245]]]}},{"type":"Feature","id":"way/675828195","properties":{"osmType":"way","osmId":"675828195","building":"yes"},"geometry":{"type":"Polygon","coordinates":[[[120.1450958,30.2327713],[120.1452144,30.2327808],[120.145219,30.2327377],[120.145263,30.2327412],[120.1452671,30.2327027],[120.1452773,30.2326081],[120.145183,30.2326005],[120.1451851,30.2325808],[120.1451045,30.2325744],[120.145109,30.232533],[120.1448944,30.2325158],[120.1448852,30.2326014],[120.1450412,30.2326139],[120.1450387,30.232637],[120.1451096,30.2326427],[120.1450958,30.2327713]]]}},{"type":"Feature","id":"way/675828196","properties":{"osmType":"way","osmId":"675828196","building":"yes"},"geometry":{"type":"Polygon","coordinates":[[[120.1428062,30.2327491],[120.1429733,30.232757],[120.1429719,30.2328368],[120.143207,30.2328445],[120.1432089,30.2327622],[120.1433126,30.2327668],[120.1433217,30.2326223],[120.1432151,30.2326172],[120.1432183,30.2325667],[120.1431567,30.2325637],[120.143158,30.2325438],[120.1429946,30.232536],[120.1429902,30.232606],[120.1428158,30.2325977],[120.1428062,30.2327491]]]}},{"type":"Feature","id":"way/675828197","properties":{"osmType":"way","osmId":"675828197","building":"yes"},"geometry":{"type":"Polygon","coordinates":[[[120.1433321,30.2327619],[120.1434054,30.2327681],[120.143413,30.2327003],[120.1434325,30.2327019],[120.1434423,30.2326144],[120.1433497,30.2326066],[120.1433321,30.2327619]]]}},{"type":"Feature","id":"way/675828198","properties":{"osmType":"way","osmId":"675828198","highway":"footway","surface":"paving_stones"},"geometry":{"type":"LineString","coordinates":[[120.1399835,30.2316331],[120.1400055,30.2315667],[120.1400524,30.23151],[120.1400969,30.2314849],[120.1401488,30.2314592],[120.1402564,30.2313999],[120.140397,30.2312711]]}},{"type":"Feature","id":"way/675828199","properties":{"osmType":"way","osmId":"675828199","highway":"service"},"geometry":{"type":"LineString","coordinates":[[120.1418745,30.231579],[120.1418656,30.2316768],[120.1419492,30.2317417],[120.142086,30.2317862],[120.1422428,30.2318585],[120.1423553,30.2319528],[120.1423951,30.2319862],[120.1424936,30.2320919],[120.1425205,30.2321977],[120.1425369,30.2323151],[120.1425458,30.2324325]]}},{"type":"Feature","id":"way/676314607","properties":{"osmType":"way","osmId":"676314607","natural":"water","water":"pond"},"geometry":{"type":"Polygon","coordinates":[[[120.1412734,30.230841],[120.1413494,30.2309214],[120.1414795,30.2309722],[120.1415916,30.230966],[120.141682,30.2309152],[120.1416795,30.230874],[120.1416795,30.2308284],[120.1417348,30.2308089],[120.1417875,30.2308046],[120.1418302,30.2308132],[120.1418754,30.2308089],[120.1419282,30.2308176],[120.1419704,30.2307978],[120.1420161,30.2307763],[120.1420463,30.2307221],[120.141996,30.23067],[120.1419558,30.2306157],[120.1419282,30.2305636],[120.1419382,30.2305007],[120.142001,30.2304746],[120.142099,30.2304768],[120.1421568,30.2304247],[120.1421367,30.2303509],[120.1420513,30.2303705],[120.1419282,30.2303466],[120.1419232,30.2302532],[120.1418754,30.2302424],[120.1418051,30.2301925],[120.1417297,30.2301751],[120.1416971,30.2302163],[120.1416845,30.230275],[120.1416857,30.2302945],[120.1417432,30.2304055],[120.1417388,30.2306771],[120.1417825,30.2307156],[120.1417448,30.2307438],[120.1416619,30.2307308],[120.1415966,30.2306852],[120.1415966,30.2306374],[120.1415765,30.2306092],[120.1415313,30.2305788],[120.1415087,30.2306157],[120.1415036,30.2306613],[120.1414509,30.230696],[120.1414057,30.2306656],[120.1413404,30.230657],[120.1413127,30.2307025],[120.1412467,30.2308106],[120.1412734,30.230841]]]}},{"type":"Feature","id":"way/676314608","properties":{"osmType":"way","osmId":"676314608","natural":"water","water":"pond"},"geometry":{"type":"Polygon","coordinates":[[[120.1413739,30.2303691],[120.1414667,30.2303863],[120.1415688,30.2303883],[120.141608,30.2303312],[120.1415531,30.2302683],[120.1415514,30.2302142],[120.1415087,30.2301881],[120.1414785,30.2301317],[120.1414484,30.2300796],[120.141363,30.2300232],[120.1412575,30.2299971],[120.1411645,30.2300253],[120.1411042,30.2300709],[120.1410716,30.2301143],[120.1410163,30.2301252],[120.1409887,30.2301751],[120.1409587,30.2302886],[120.1413739,30.2303691]]]}},{"type":"Feature","id":"way/676314610","properties":{"osmType":"way","osmId":"676314610","building":"temple"},"geometry":{"type":"Polygon","coordinates":[[[120.1435499,30.2312132],[120.1437877,30.2312411],[120.143815,30.2310668],[120.1435773,30.231039],[120.1435499,30.2312132]]]}},{"type":"Feature","id":"way/676314611","properties":{"osmType":"way","osmId":"676314611","building":"yes"},"geometry":{"type":"Polygon","coordinates":[[[120.1433992,30.2314858],[120.1434978,30.2314937],[120.1435286,30.2312077],[120.14343,30.2311998],[120.1433992,30.2314858]]]}},{"type":"Feature","id":"way/676314612","properties":{"osmType":"way","osmId":"676314612","building":"temple"},"geometry":{"type":"Polygon","coordinates":[[[120.1438977,30.2314714],[120.1439913,30.2314822],[120.1440058,30.2313877],[120.1439122,30.2313769],[120.1438977,30.2314714]]]}},{"type":"Feature","id":"way/676314613","properties":{"osmType":"way","osmId":"676314613","building":"temple"},"geometry":{"type":"Polygon","coordinates":[[[120.1443985,30.2316683],[120.1445493,30.2316837],[120.144565,30.2315694],[120.1444142,30.2315539],[120.1443985,30.2316683]]]}},{"type":"Feature","id":"way/676314614","properties":{"osmType":"way","osmId":"676314614","building":"temple"},"geometry":{"type":"Polygon","coordinates":[[[120.1441184,30.2316659],[120.1439748,30.2316511],[120.1439464,30.2316482],[120.1438666,30.23164],[120.143879,30.2315493],[120.1441309,30.2315751],[120.1441184,30.2316659]]]}},{"type":"Feature","id":"way/676314615","properties":{"osmType":"way","osmId":"676314615","building":"temple"},"geometry":{"type":"Polygon","coordinates":[[[120.1438464,30.2317869],[120.1439263,30.2317951],[120.1439464,30.2316482],[120.1438666,30.23164],[120.1438464,30.2317869]]]}},{"type":"Feature","id":"way/676314616","properties":{"osmType":"way","osmId":"676314616","building":"temple"},"geometry":{"type":"Polygon","coordinates":[[[120.1447204,30.2315949],[120.1448132,30.2316072],[120.1448419,30.2314454],[120.1448065,30.2314408],[120.1447491,30.2314332],[120.1447221,30.2315855],[120.1447204,30.2315949]]]}},{"type":"Feature","id":"way/676314619","properties":{"osmType":"way","osmId":"676314619","building":"temple"},"geometry":{"type":"Polygon","coordinates":[[[120.1447346,30.2314312],[120.1447491,30.2314332],[120.1448065,30.2314408],[120.1448371,30.2312686],[120.1448418,30.2312418],[120.1447699,30.2312323],[120.1447346,30.2314312]]]}},{"type":"Feature","id":"way/676314620","properties":{"osmType":"way","osmId":"676314620","building":"temple"},"geometry":{"type":"Polygon","coordinates":[[[120.1448065,30.2314408],[120.1448419,30.2314454],[120.1448888,30.2314517],[120.144901,30.2313826],[120.1449193,30.2312795],[120.1448371,30.2312686],[120.1448065,30.2314408]]]}},{"type":"Feature","id":"way/676314621","properties":{"osmType":"way","osmId":"676314621","building":"yes"},"geometry":{"type":"Polygon","coordinates":[[[120.145261,30.2318602],[120.1455518,30.231912],[120.1455829,30.2317819],[120.1453529,30.2317408],[120.1453358,30.2318123],[120.145275,30.2318015],[120.145261,30.2318602]]]}},{"type":"Feature","id":"way/676314622","properties":{"osmType":"way","osmId":"676314622","building":"yes"},"geometry":{"type":"Polygon","coordinates":[[[120.1448247,30.2318567],[120.1449787,30.2318819],[120.1450032,30.2317704],[120.1448492,30.2317452],[120.1448247,30.2318567]]]}},{"type":"Feature","id":"way/676314624","properties":{"osmType":"way","osmId":"676314624","building":"yes"},"geometry":{"type":"Polygon","coordinates":[[[120.1459114,30.2319582],[120.1460835,30.231954],[120.1460811,30.2318836],[120.1459091,30.2318878],[120.1459114,30.2319582]]]}},{"type":"Feature","id":"way/676314625","properties":{"osmType":"way","osmId":"676314625","building":"yes"},"geometry":{"type":"Polygon","coordinates":[[[120.1461958,30.2320312],[120.1463073,30.2320285],[120.1463006,30.2318244],[120.1460794,30.2318298],[120.1460811,30.2318836],[120.1461909,30.2318809],[120.1461958,30.2320312]]]}},{"type":"Feature","id":"way/676314626","properties":{"osmType":"way","osmId":"676314626","building":"yes"},"geometry":{"type":"Polygon","coordinates":[[[120.1458886,30.2318596],[120.1460364,30.2318657],[120.1460402,30.2317965],[120.1458924,30.2317905],[120.1458886,30.2318596]]]}},{"type":"Feature","id":"way/676314627","properties":{"osmType":"way","osmId":"676314627","building":"yes"},"geometry":{"type":"Polygon","coordinates":[[[120.1466894,30.2317651],[120.1468109,30.2317784],[120.146818,30.2317297],[120.1466966,30.2317164],[120.1466894,30.2317651]]]}},{"type":"Feature","id":"way/676314628","properties":{"osmType":"way","osmId":"676314628","building":"yes"},"geometry":{"type":"Polygon","coordinates":[[[120.1445953,30.2306938],[120.1447913,30.230716],[120.1447988,30.2306666],[120.1448847,30.2306764],[120.1449021,30.2305618],[120.144781,30.230548],[120.1447745,30.2305906],[120.1446138,30.2305724],[120.1445953,30.2306938]]]}},{"type":"Feature","id":"way/676314629","properties":{"osmType":"way","osmId":"676314629","building":"yes"},"geometry":{"type":"Polygon","coordinates":[[[120.1422614,30.2309597],[120.1423918,30.2309997],[120.1423764,30.2310348],[120.1424689,30.2310614],[120.1424787,30.231036],[120.142633,30.2310845],[120.1427073,30.230956],[120.1423175,30.23083],[120.1422614,30.2309597]]]}},{"type":"Feature","id":"way/676314630","properties":{"osmType":"way","osmId":"676314630","building":"yes"},"geometry":{"type":"Polygon","coordinates":[[[120.1425862,30.230611],[120.1426975,30.2306464],[120.1427078,30.2306224],[120.1429347,30.2306907],[120.143068,30.2303719],[120.1427297,30.230253],[120.1425862,30.230611]]]}},{"type":"Feature","id":"way/676314631","properties":{"osmType":"way","osmId":"676314631","building":"yes"},"geometry":{"type":"Polygon","coordinates":[[[120.1422224,30.2299564],[120.1424871,30.2299948],[120.1425598,30.2296178],[120.1422851,30.2295846],[120.1422224,30.2299564]]]}},{"type":"Feature","id":"way/676314632","properties":{"osmType":"way","osmId":"676314632","building":"yes"},"geometry":{"type":"Polygon","coordinates":[[[120.14158,30.2296771],[120.1419315,30.2297225],[120.1419679,30.2295253],[120.1416124,30.2294799],[120.14158,30.2296771]]]}},{"type":"Feature","id":"way/676314635","properties":{"osmType":"way","osmId":"676314635","building":"yes"},"geometry":{"type":"Polygon","coordinates":[[[120.140788,30.2306547],[120.1412396,30.2307488],[120.141331,30.2304042],[120.1408776,30.2303131],[120.140788,30.2306547]]]}},{"type":"Feature","id":"way/687893191","properties":{"osmType":"way","osmId":"687893191","highway":"footway"},"geometry":{"type":"LineString","coordinates":[[120.1501791,30.2317289],[120.1500595,30.2322943]]}},{"type":"Feature","id":"way/687893192","properties":{"osmType":"way","osmId":"687893192","highway":"service"},"geometry":{"type":"LineString","coordinates":[[120.1500812,30.2310615],[120.150222,30.2311148],[120.1502931,30.2311948],[120.1504084,30.2315934]]}},{"type":"Feature","id":"way/687893193","properties":{"osmType":"way","osmId":"687893193","highway":"service"},"geometry":{"type":"LineString","coordinates":[[120.1499726,30.2317266],[120.1500973,30.2317359],[120.1501791,30.2317289],[120.1504084,30.2315934],[120.1507183,30.2315321]]}},{"type":"Feature","id":"way/687893194","properties":{"osmType":"way","osmId":"687893194","leisure":"park","name:en":"Chiangao Stream Eco-park"},"geometry":{"type":"Polygon","coordinates":[[[120.1474534,30.225866],[120.1476847,30.2264266],[120.1474124,30.226525],[120.1477651,30.2270998],[120.1480025,30.2270407],[120.1485175,30.228824],[120.148834,30.2288959],[120.1489761,30.2297811],[120.1489236,30.229793],[120.1488769,30.2298576],[120.1488772,30.2298939],[120.1489149,30.2302937],[120.1488244,30.2307674],[120.1490405,30.2309399],[120.1495649,30.2310075],[120.1497406,30.2310302],[120.1503602,30.2308008],[120.1497915,30.2297186],[120.149475,30.2290929],[120.1493999,30.2289213],[120.1491156,30.2283374],[120.1489145,30.2277811],[120.1486757,30.2268912],[120.1483646,30.2259804],[120.1482493,30.2257371],[120.1481347,30.2256358],[120.1480696,30.2257301],[120.1478874,30.2258004],[120.1474983,30.2258586],[120.1474534,30.225866]]]}},{"type":"Feature","id":"way/743663851","properties":{"osmType":"way","osmId":"743663851","highway":"residential","name":"阔石板路"},"geometry":{"type":"LineString","coordinates":[[120.1485482,30.2310255],[120.1486323,30.2308872],[120.1487367,30.2307809],[120.1488018,30.2306531],[120.1488471,30.2305362],[120.1488625,30.2304449],[120.1488793,30.2302909],[120.1488723,30.2301164],[120.1488598,30.2299897],[120.1488772,30.2298939],[120.1489236,30.229793],[120.1488995,30.2296316],[120.1488682,30.2293922],[120.1488369,30.2291544],[120.1488831,30.229061],[120.1489222,30.2290441],[120.1489478,30.229033],[120.1491027,30.2289968],[120.1492717,30.2289567],[120.1493034,30.2289469],[120.1494336,30.2289068]]}},{"type":"Feature","id":"way/743663855","properties":{"osmType":"way","osmId":"743663855","highway":"residential","name":"汪庄幼儿园路"},"geometry":{"type":"LineString","coordinates":[[120.1482661,30.2319891],[120.14825,30.2318536],[120.1482358,30.2317292],[120.14821,30.2315957],[120.1482126,30.231512],[120.1482209,30.231453],[120.1482523,30.2314032],[120.1482962,30.2313854],[120.1483647,30.2313785],[120.1484162,30.2313521],[120.148448,30.2313163],[120.1485038,30.2311505],[120.1485482,30.2310255]]}},{"type":"Feature","id":"way/743663858","properties":{"osmType":"way","osmId":"743663858","natural":"water","water":"pond"},"geometry":{"type":"Polygon","coordinates":[[[120.1491908,30.2303682],[120.149195,30.23043],[120.1491605,30.2305089],[120.1491648,30.2305994],[120.1492342,30.2306754],[120.1493083,30.23073],[120.1494011,30.2307382],[120.149451,30.2307055],[120.1494562,30.2306426],[120.1494541,30.2305822],[120.1494372,30.2305181],[120.149425,30.2304551],[120.1494472,30.2304099],[120.1494781,30.2303783],[120.1495183,30.2303791],[120.1495866,30.2303925],[120.1495554,30.2304234],[120.1495617,30.2305061],[120.1495509,30.2305774],[120.1495263,30.2306215],[120.1495591,30.2306517],[120.14959,30.2306632],[120.1496496,30.2306789],[120.1497188,30.2306723],[120.149762,30.2306833],[120.1497979,30.2307109],[120.1498288,30.2307559],[120.1498499,30.2307678],[120.149868,30.2307649],[120.1498784,30.2307536],[120.1498817,30.2307371],[120.149877,30.2307206],[120.1498613,30.2306839],[120.1498292,30.2306506],[120.1498123,30.2306172],[120.1498204,30.2305752],[120.1498204,30.2305275],[120.1498005,30.2304866],[120.1497719,30.2304544],[120.1497361,30.230448],[120.1497119,30.2304315],[120.1496972,30.230397],[120.1496481,30.2303711],[120.149625,30.2303328],[120.149541,30.2303119],[120.1494861,30.2302989],[120.1494508,30.230249],[120.1494496,30.2301866],[120.1494505,30.2300778],[120.1494005,30.2300156],[120.1493651,30.2299444],[120.1493386,30.2298817],[120.1493128,30.2297893],[120.1492659,30.2296987],[120.1492484,30.2296133],[120.1491965,30.2297368],[120.1491984,30.229895],[120.149177,30.2300683],[120.149143,30.2301963],[120.1491243,30.2302457],[120.1491571,30.2303018],[120.1491908,30.2303682]]]}},{"type":"Feature","id":"way/838995360","properties":{"osmType":"way","osmId":"838995360","highway":"footway"},"geometry":{"type":"LineString","coordinates":[[120.1430565,30.2322309],[120.1430848,30.2320543]]}},{"type":"Feature","id":"way/838995361","properties":{"osmType":"way","osmId":"838995361","bridge":"yes","highway":"footway","layer":"1"},"geometry":{"type":"LineString","coordinates":[[120.1430602,30.2323466],[120.1430565,30.2322309]]}},{"type":"Feature","id":"way/840030219","properties":{"osmType":"way","osmId":"840030219","highway":"footway"},"geometry":{"type":"LineString","coordinates":[[120.1498827,30.2306855],[120.1499568,30.2306438]]}},{"type":"Feature","id":"way/840030220","properties":{"osmType":"way","osmId":"840030220","bridge":"yes","highway":"footway","layer":"1"},"geometry":{"type":"LineString","coordinates":[[120.1497982,30.2307333],[120.1498827,30.2306855]]}},{"type":"Feature","id":"way/975356934","properties":{"osmType":"way","osmId":"975356934","landuse":"grass"},"geometry":{"type":"Polygon","coordinates":[[[120.1429927,30.2308686],[120.143852,30.2309837],[120.1439042,30.2306149],[120.1439127,30.2305545],[120.1441736,30.23057],[120.1441915,30.2302952],[120.1437126,30.2302489],[120.1437389,30.2299401],[120.1433061,30.2301455],[120.1432043,30.2303743],[120.1429927,30.2308686]]]}},{"type":"Feature","id":"way/975356935","properties":{"osmType":"way","osmId":"975356935","natural":"wood"},"geometry":{"type":"Polygon","coordinates":[[[120.1439042,30.2306149],[120.14417,30.230641],[120.1441593,30.2307213],[120.1445417,30.2307522],[120.1445346,30.2306256],[120.1442773,30.2305731],[120.1443273,30.2303014],[120.1441915,30.2302952],[120.1441736,30.23057],[120.1439127,30.2305545],[120.1439042,30.2306149]]]}},{"type":"Feature","id":"way/975356936","properties":{"osmType":"way","osmId":"975356936","natural":"wood"},"geometry":{"type":"Polygon","coordinates":[[[120.1437126,30.2302489],[120.1437389,30.2299401],[120.1443265,30.2296612],[120.1442773,30.2301377],[120.1443273,30.2303014],[120.1441915,30.2302952],[120.1437126,30.2302489]]]}},{"type":"Feature","id":"way/975356944","properties":{"osmType":"way","osmId":"975356944","natural":"wood"},"geometry":{"type":"Polygon","coordinates":[[[120.1374902,30.2297587],[120.1376626,30.2294918],[120.1377054,30.2296072],[120.1379308,30.2295934],[120.1381263,30.2296585],[120.1382927,30.2295474],[120.1383624,30.2294408],[120.1385066,30.2294219],[120.1386253,30.2294639],[120.1387003,30.2294878],[120.1387487,30.2295891],[120.1388721,30.2296122],[120.1388882,30.2298069],[120.1391349,30.2297837],[120.139151,30.2296493],[120.1392744,30.2295334],[120.1393334,30.2293944],[120.1392905,30.2293156],[120.1394353,30.2291766],[120.1396606,30.2291812],[120.1398752,30.2289124],[120.1398913,30.2286111],[120.1398001,30.2284581],[120.1395426,30.2284257],[120.1393441,30.2281476],[120.1392476,30.2279437],[120.1390759,30.227939],[120.1389525,30.227888],[120.138797,30.2278695],[120.1386199,30.2279946],[120.1385232,30.2279433],[120.1386043,30.2276684],[120.1385179,30.2275849],[120.1385299,30.2273918],[120.1385572,30.227292],[120.1385857,30.2269775],[120.1386107,30.2268727],[120.1386598,30.226823],[120.1392519,30.2270843],[120.1391603,30.2271872],[120.1390104,30.2271317],[120.1389533,30.2272612],[120.1390818,30.2273044],[120.1389808,30.2275015],[120.1390938,30.2275552],[120.1390461,30.227625],[120.1392316,30.2277114],[120.1391888,30.2278039],[120.1402986,30.2283589],[120.140293,30.2281631],[120.1404242,30.2279606],[120.140188,30.2278707],[120.1402744,30.2277273],[120.1401612,30.2276571],[120.1402304,30.2275161],[120.1406405,30.2276971],[120.1407345,30.2277385],[120.1432745,30.2299521],[120.1432435,30.2300443],[120.1427815,30.2298565],[120.1426925,30.2301311],[120.1425145,30.2301128],[120.1426077,30.2296185],[120.1421713,30.2295672],[120.1420611,30.2300249],[120.1414975,30.2299407],[120.1413915,30.2298675],[120.1413576,30.2297283],[120.1413661,30.2295855],[120.1413195,30.2294025],[120.1413407,30.2293439],[120.1414848,30.2293329],[120.1415187,30.2293988],[120.1414848,30.2297027],[120.1419636,30.2297759],[120.142022,30.2293989],[120.1420357,30.2293109],[120.1413534,30.2292377],[120.1412644,30.2291865],[120.1410907,30.2290839],[120.1409763,30.22904],[120.1408237,30.2289851],[120.1406373,30.2280514],[120.1403533,30.2285164],[120.1407898,30.2293073],[120.1409,30.2291865],[120.141061,30.2291901],[120.1411966,30.2292231],[120.1412983,30.2293146],[120.1412475,30.2294171],[120.1413068,30.2297613],[120.141311,30.2298565],[120.1411642,30.2299803],[120.1411373,30.2300029],[120.1411005,30.2300348],[120.1410313,30.2300908],[120.1409,30.2302556],[120.1407813,30.2302373],[120.1407517,30.2301677],[120.1409763,30.2298492],[120.1406796,30.2296295],[120.1403999,30.2299736],[120.1400948,30.22971],[120.1399296,30.2299114],[120.1402389,30.2301384],[120.1402135,30.2302336],[120.1401076,30.2303508],[120.1399931,30.2303984],[120.1399253,30.230413],[120.1400991,30.2305741],[120.1404677,30.2307718],[120.1404008,30.2308631],[120.1403047,30.2309941],[120.1402771,30.2310318],[120.1407601,30.2312661],[120.1409678,30.231332],[120.1412814,30.2313613],[120.1416331,30.2314052],[120.1416246,30.2315224],[120.1412814,30.2314894],[120.1409085,30.2314199],[120.1406076,30.23131],[120.1374902,30.2297587]]]}},{"type":"Feature","id":"way/975356945","properties":{"osmType":"way","osmId":"975356945","landuse":"grass"},"geometry":{"type":"Polygon","coordinates":[[[120.1407898,30.2293073],[120.1403533,30.2285164],[120.1406373,30.2280514],[120.1408237,30.2289851],[120.1409763,30.22904],[120.1410907,30.2290839],[120.1412644,30.2291865],[120.1413534,30.2292377],[120.1412983,30.2293146],[120.1411966,30.2292231],[120.141061,30.2291901],[120.1409,30.2291865],[120.1407898,30.2293073]]]}},{"type":"Feature","id":"way/975356949","properties":{"osmType":"way","osmId":"975356949","highway":"unclassified"},"geometry":{"type":"LineString","coordinates":[[120.1399125,30.2279808],[120.1401078,30.2281495],[120.1402866,30.228304],[120.1403686,30.2284118],[120.1409182,30.2294848],[120.1410022,30.2296129],[120.141113,30.2297133],[120.1412255,30.2297982],[120.1413504,30.2298663],[120.1416276,30.2300174],[120.1416473,30.2300624],[120.1416977,30.2309733],[120.1416994,30.2310044],[120.1417013,30.2310398],[120.1416958,30.2313874]]}},{"type":"Feature","id":"way/975356950","properties":{"osmType":"way","osmId":"975356950","highway":"service"},"geometry":{"type":"LineString","coordinates":[[120.1416276,30.2300174],[120.1418694,30.2300935],[120.1421036,30.2302356],[120.1421515,30.2302646],[120.1422325,30.230358],[120.1422445,30.2304357],[120.1421965,30.2304824],[120.1421425,30.2305939],[120.1420104,30.230835],[120.1419504,30.230892],[120.1416994,30.2310044]]}},{"type":"Feature","id":"way/975356951","properties":{"osmType":"way","osmId":"975356951","highway":"service"},"geometry":{"type":"LineString","coordinates":[[120.1421036,30.2302356],[120.1421275,30.2301739],[120.1421665,30.2301479],[120.1422205,30.2301428],[120.1423315,30.2301557],[120.1423735,30.230192],[120.1423885,30.2302387],[120.1423705,30.2303113],[120.1423315,30.2303683],[120.1422445,30.2304357]]}},{"type":"Feature","id":"way/975356968","properties":{"osmType":"way","osmId":"975356968","highway":"service"},"geometry":{"type":"LineString","coordinates":[[120.1413504,30.2298663],[120.1413044,30.2295255],[120.14139,30.2294515],[120.1414631,30.2294145],[120.1415639,30.2293644],[120.1419696,30.2294079]]}},{"type":"Feature","id":"way/975356969","properties":{"osmType":"way","osmId":"975356969","landuse":"grass"},"geometry":{"type":"Polygon","coordinates":[[[120.1413407,30.2293439],[120.1412983,30.2293146],[120.1413534,30.2292377],[120.1420357,30.2293109],[120.142022,30.2293989],[120.1414848,30.2293329],[120.1413407,30.2293439]]]}},{"type":"Feature","id":"way/975356970","properties":{"osmType":"way","osmId":"975356970","natural":"wood"},"geometry":{"type":"Polygon","coordinates":[[[120.1422604,30.2303328],[120.1421879,30.2302519],[120.1421823,30.2301978],[120.1422334,30.2301744],[120.1422815,30.2301744],[120.1423296,30.2301978],[120.1423446,30.2302211],[120.1423446,30.2302601],[120.1423145,30.2303172],[120.1422604,30.2303328]]]}},{"type":"Feature","id":"way/975356971","properties":{"osmType":"way","osmId":"975356971","natural":"wood"},"geometry":{"type":"Polygon","coordinates":[[[120.1420463,30.2307221],[120.141996,30.23067],[120.1419558,30.2306157],[120.1419282,30.2305636],[120.1419382,30.2305007],[120.142001,30.2304746],[120.142099,30.2304768],[120.1421568,30.2304247],[120.1421853,30.2304392],[120.1420463,30.2307221]]]}},{"type":"Feature","id":"way/975356972","properties":{"osmType":"way","osmId":"975356972","landuse":"grass"},"geometry":{"type":"Polygon","coordinates":[[[120.1413127,30.2307025],[120.1412988,30.2306651],[120.1413739,30.2303691],[120.1415688,30.2303883],[120.1417432,30.2304055],[120.1417388,30.2306771],[120.1418427,30.2307197],[120.1417875,30.2308046],[120.1415302,30.2307898],[120.1413127,30.2307025]]]}},{"type":"Feature","id":"way/975356973","properties":{"osmType":"way","osmId":"975356973","landuse":"grass"},"geometry":{"type":"Polygon","coordinates":[[[120.1415514,30.2302142],[120.1415087,30.2301881],[120.1412357,30.2300705],[120.1411645,30.2300253],[120.1411642,30.2299803],[120.141311,30.2298565],[120.1418938,30.2301484],[120.1420591,30.2302653],[120.1421367,30.2303509],[120.1420501,30.230434],[120.1417432,30.2304055],[120.1415688,30.2303883],[120.1414791,30.2303328],[120.1415514,30.2302142]]]}},{"type":"Feature","id":"way/975356974","properties":{"osmType":"way","osmId":"975356974","highway":"service"},"geometry":{"type":"LineString","coordinates":[[120.1416958,30.2313874],[120.1412827,30.2312668],[120.1409618,30.2311005],[120.1407645,30.2309982],[120.1406318,30.2310094],[120.1404255,30.2311038],[120.1402885,30.2311739],[120.1402555,30.2312056]]}},{"type":"Feature","id":"way/975356976","properties":{"osmType":"way","osmId":"975356976","landuse":"grass"},"geometry":{"type":"Polygon","coordinates":[[[120.1409678,30.231332],[120.1410325,30.2312112],[120.1411255,30.2312236],[120.1416331,30.2314052],[120.1412814,30.2313613],[120.1409678,30.231332]]]}},{"type":"Feature","id":"way/975356977","properties":{"osmType":"way","osmId":"975356977","building":"yes"},"geometry":{"type":"Polygon","coordinates":[[[120.140325,30.2303992],[120.1402106,30.2303096],[120.140425,30.2300719],[120.1405429,30.2301583],[120.140325,30.2303992]]]}},{"type":"Feature","id":"way/975356978","properties":{"osmType":"way","osmId":"975356978","building":"yes"},"geometry":{"type":"Polygon","coordinates":[[[120.1407216,30.2306276],[120.140425,30.2304516],[120.1406108,30.2302479],[120.1408324,30.2303436],[120.1407216,30.2306276]]]}},{"type":"Feature","id":"way/975356979","properties":{"osmType":"way","osmId":"975356979","building":"yes"},"geometry":{"type":"Polygon","coordinates":[[[120.1403535,30.2305875],[120.1400784,30.2304547],[120.1402106,30.2303096],[120.140325,30.2303992],[120.1402678,30.2304609],[120.1403893,30.2305165],[120.1403535,30.2305875]]]}},{"type":"Feature","id":"way/975356980","properties":{"osmType":"way","osmId":"975356980","building":"yes"},"geometry":{"type":"Polygon","coordinates":[[[120.1404643,30.2306647],[120.1405251,30.2305752],[120.1405787,30.2305906],[120.1405215,30.2306894],[120.1404643,30.2306647]]]}},{"type":"Feature","id":"way/975356981","properties":{"osmType":"way","osmId":"975356981","building":"yes"},"geometry":{"type":"Polygon","coordinates":[[[120.1405036,30.230078],[120.1404429,30.2300286],[120.1404858,30.2299545],[120.1405572,30.2299916],[120.1406001,30.2299422],[120.1405108,30.2298989],[120.1405751,30.2298156],[120.1406394,30.2298495],[120.1407574,30.2297199],[120.1408181,30.2297754],[120.1405751,30.2301058],[120.1405036,30.230078]]]}},{"type":"Feature","id":"way/975356982","properties":{"osmType":"way","osmId":"975356982","building":"yes"},"geometry":{"type":"Polygon","coordinates":[[[120.1407038,30.2302015],[120.1406037,30.2301491],[120.1408396,30.2298372],[120.140911,30.2298773],[120.1407038,30.2302015]]]}},{"type":"Feature","id":"way/975356983","properties":{"osmType":"way","osmId":"975356983","building":"yes"},"geometry":{"type":"Polygon","coordinates":[[[120.140325,30.2301182],[120.1402392,30.2300595],[120.1403285,30.2299607],[120.1404179,30.2300194],[120.140325,30.2301182]]]}},{"type":"Feature","id":"way/975356984","properties":{"osmType":"way","osmId":"975356984","landuse":"grass"},"geometry":{"type":"Polygon","coordinates":[[[120.1404008,30.2308631],[120.1404677,30.2307718],[120.1405966,30.2306523],[120.1408288,30.230711],[120.1412467,30.2308106],[120.1417875,30.2308046],[120.1419704,30.2307978],[120.1419504,30.230892],[120.1416977,30.2309733],[120.1416365,30.2310908],[120.1414185,30.2310136],[120.1413184,30.2311989],[120.1411812,30.2311378],[120.1412077,30.231097],[120.1407431,30.2308777],[120.140668,30.2309827],[120.1404008,30.2308631]]]}},{"type":"Feature","id":"way/975356985","properties":{"osmType":"way","osmId":"975356985","building":"yes"},"geometry":{"type":"Polygon","coordinates":[[[120.1413506,30.2312143],[120.1414221,30.2311155],[120.1415936,30.2311927],[120.14154,30.2312915],[120.1413506,30.2312143]]]}},{"type":"Feature","id":"way/975356986","properties":{"osmType":"way","osmId":"975356986","natural":"wood"},"geometry":{"type":"Polygon","coordinates":[[[120.1417759,30.23152],[120.1417902,30.2310229],[120.1419152,30.2309549],[120.1419504,30.230892],[120.1421404,30.2309395],[120.1421046,30.2311001],[120.1419152,30.2311186],[120.1419081,30.2312081],[120.1419939,30.2312081],[120.1419903,30.2312791],[120.1421475,30.2312822],[120.1422047,30.231134],[120.1423298,30.231134],[120.142219,30.231486],[120.1426335,30.2315262],[120.1428051,30.2311402],[120.1426729,30.2311124],[120.1428515,30.230745],[120.1430068,30.2307878],[120.1429927,30.2308686],[120.1428775,30.2311347],[120.1427053,30.2315313],[120.1426887,30.231627],[120.1417759,30.23152]]]}},{"type":"Feature","id":"way/975356987","properties":{"osmType":"way","osmId":"975356987","building":"yes"},"geometry":{"type":"Polygon","coordinates":[[[120.1422905,30.2313903],[120.1423226,30.2312977],[120.1426335,30.231381],[120.1426014,30.2314644],[120.1425156,30.2314459],[120.1425049,30.2314798],[120.1424048,30.2314551],[120.1424084,30.2314181],[120.1422905,30.2313903]]]}},{"type":"Feature","id":"way/975356988","properties":{"osmType":"way","osmId":"975356988","building":"yes"},"geometry":{"type":"Polygon","coordinates":[[[120.1423226,30.2312977],[120.1423584,30.2312143],[120.1426657,30.2313069],[120.1426335,30.231381],[120.1423226,30.2312977]]]}},{"type":"Feature","id":"way/975356989","properties":{"osmType":"way","osmId":"975356989","building":"yes"},"geometry":{"type":"Polygon","coordinates":[[[120.1419903,30.2312791],[120.1419939,30.2312081],[120.1419081,30.2312081],[120.1419152,30.2311186],[120.1421475,30.2311371],[120.1421475,30.2312822],[120.1419903,30.2312791]]]}},{"type":"Feature","id":"way/975356990","properties":{"osmType":"way","osmId":"975356990","natural":"wood"},"geometry":{"type":"Polygon","coordinates":[[[120.1421868,30.2308839],[120.1423512,30.2304516],[120.1423941,30.2304084],[120.1424656,30.2303992],[120.1425335,30.2304208],[120.1425647,30.2304625],[120.1425176,30.2305954],[120.1423772,30.2305883],[120.1422579,30.2308868],[120.1421868,30.2308839]]]}},{"type":"Feature","id":"way/975356991","properties":{"osmType":"way","osmId":"975356991","landuse":"grass"},"geometry":{"type":"Polygon","coordinates":[[[120.1421868,30.2308839],[120.1420582,30.2308438],[120.142269,30.2304733],[120.1423512,30.2304516],[120.1421868,30.2308839]]]}},{"type":"Feature","id":"way/975356992","properties":{"osmType":"way","osmId":"975356992","highway":"service"},"geometry":{"type":"LineString","coordinates":[[120.1423705,30.2303113],[120.1425263,30.2302942],[120.142605,30.2303034],[120.1426478,30.2303158]]}},{"type":"Feature","id":"way/975356993","properties":{"osmType":"way","osmId":"975356993","highway":"service"},"geometry":{"type":"LineString","coordinates":[[120.1420104,30.230835],[120.142194,30.2309333],[120.1422047,30.2310414],[120.1426907,30.2312359]]}},{"type":"Feature","id":"way/975356994","properties":{"osmType":"way","osmId":"975356994","landuse":"construction"},"geometry":{"type":"Polygon","coordinates":[[[120.1426887,30.231627],[120.1427053,30.2315313],[120.1428775,30.2311347],[120.1433825,30.2312039],[120.143291,30.2317274],[120.1426887,30.231627]]]}},{"type":"Feature","id":"way/975356995","properties":{"osmType":"way","osmId":"975356995","highway":"service"},"geometry":{"type":"LineString","coordinates":[[120.1429472,30.2311024],[120.1434225,30.2311518],[120.1434404,30.2310191],[120.1438839,30.2310723],[120.1440786,30.2310957],[120.144341,30.2311271]]}},{"type":"Feature","id":"way/975356996","properties":{"osmType":"way","osmId":"975356996","highway":"footway"},"geometry":{"type":"LineString","coordinates":[[120.144341,30.2311271],[120.1442888,30.2314498],[120.1442808,30.2314998]]}},{"type":"Feature","id":"way/975356997","properties":{"osmType":"way","osmId":"975356997","highway":"footway","layer":"-1","tunnel":"yes"},"geometry":{"type":"LineString","coordinates":[[120.1442808,30.2314998],[120.1442545,30.2316928]]}},{"type":"Feature","id":"way/975356998","properties":{"osmType":"way","osmId":"975356998","highway":"footway"},"geometry":{"type":"LineString","coordinates":[[120.1442545,30.2316928],[120.1442023,30.2319481]]}},{"type":"Feature","id":"way/975356999","properties":{"osmType":"way","osmId":"975356999","highway":"service"},"geometry":{"type":"LineString","coordinates":[[120.1437906,30.2315532],[120.1438839,30.2310723]]}},{"type":"Feature","id":"way/975357000","properties":{"osmType":"way","osmId":"975357000","highway":"service"},"geometry":{"type":"LineString","coordinates":[[120.1440786,30.2310957],[120.1440301,30.2314328],[120.1442552,30.2314483],[120.1442888,30.2314498],[120.1446733,30.2315038],[120.144634,30.2316829],[120.144704,30.2316918],[120.1448985,30.2317165],[120.1449985,30.2317292]]}},{"type":"Feature","id":"way/975357001","properties":{"osmType":"way","osmId":"975357001","highway":"service"},"geometry":{"type":"LineString","coordinates":[[120.1446258,30.2320143],[120.144704,30.2316918]]}},{"type":"Feature","id":"way/975357003","properties":{"osmType":"way","osmId":"975357003","natural":"wood"},"geometry":{"type":"Polygon","coordinates":[[[120.1457583,30.2317781],[120.1453333,30.2316801],[120.145363,30.2315316],[120.1452916,30.2314946],[120.1452185,30.2314851],[120.1452186,30.2312931],[120.145069,30.2312149],[120.1450905,30.2310075],[120.1450476,30.2309594],[120.1450384,30.2307885],[120.1449233,30.2307409],[120.1449447,30.2305705],[120.1446747,30.2305001],[120.144728,30.2296816],[120.1449423,30.2304143],[120.1454358,30.2315916],[120.1457255,30.2316472],[120.1457583,30.2317781]]]}},{"type":"Feature","id":"way/975357008","properties":{"osmType":"way","osmId":"975357008","natural":"wood"},"geometry":{"type":"Polygon","coordinates":[[[120.1412854,30.2348684],[120.1410842,30.2346428],[120.1408273,30.2343358],[120.140776,30.2341657],[120.1408016,30.2340215],[120.1416749,30.2328676],[120.142317,30.2326124],[120.1426703,30.2324896],[120.1427408,30.2325236],[120.1427194,30.2327825],[120.142775,30.2328824],[120.1428949,30.2329453],[120.1430361,30.2330081],[120.1430747,30.2330784],[120.1429291,30.2340696],[120.1430319,30.2340955],[120.143156,30.2331893],[120.1436311,30.2332189],[120.1436354,30.233108],[120.1435931,30.233097],[120.1435498,30.2330858],[120.1435541,30.2329305],[120.1436483,30.2328232],[120.1437681,30.2328121],[120.1439565,30.2328972],[120.1441234,30.2329083],[120.1446328,30.2329194],[120.1449325,30.2330229],[120.1449455,30.2335074],[120.1447841,30.2335087],[120.144785,30.2335877],[120.1446364,30.2335889],[120.1446437,30.2342515],[120.1454142,30.2342452],[120.1454087,30.23375],[120.1454071,30.2336055],[120.1452845,30.2336065],[120.1452834,30.2335046],[120.1451122,30.233506],[120.1450994,30.233071],[120.1451294,30.2330229],[120.1452064,30.2330044],[120.1454889,30.2330081],[120.1457201,30.2331413],[120.1458357,30.2330858],[120.145887,30.2329563],[120.1458571,30.2328047],[120.1458246,30.232661],[120.1457501,30.2323313],[120.1461781,30.2323054],[120.1464992,30.2322536],[120.1467475,30.2321575],[120.1469358,30.2320798],[120.1471156,30.2320465],[120.1473639,30.232028],[120.147595,30.2320243],[120.1484212,30.2321057],[120.148464,30.2321464],[120.1483998,30.2324053],[120.1481772,30.2328972],[120.1480531,30.2332744],[120.1475223,30.2340733],[120.1473168,30.2342249],[120.1469701,30.2346576],[120.1468117,30.2348314],[120.1467432,30.2348499],[120.146679,30.2348203],[120.1465377,30.2347759],[120.1465035,30.234702],[120.1464178,30.2347759],[120.1463451,30.2348092],[120.1458485,30.2351014],[120.1457629,30.235205],[120.1455318,30.2352124],[120.1455104,30.2351384],[120.1462338,30.2346687],[120.1460711,30.2345208],[120.1454247,30.2350718],[120.1452749,30.2351421],[120.1450994,30.2352087],[120.1447869,30.2351939],[120.1444616,30.2351643],[120.1444102,30.2352826],[120.1441748,30.2352567],[120.1441448,30.2356672],[120.1442133,30.2357819],[120.1443075,30.2358781],[120.1442818,30.235989],[120.1441705,30.2360667],[120.1439222,30.2360519],[120.1437253,30.2358854],[120.1431774,30.235682],[120.1428007,30.2356266],[120.1419831,30.235364],[120.1416706,30.2351976],[120.1415508,30.2350496],[120.1412854,30.2348684]]]}},{"type":"Feature","id":"way/975357010","properties":{"osmType":"way","osmId":"975357010","highway":"footway"},"geometry":{"type":"LineString","coordinates":[[120.1445177,30.2327145],[120.1446093,30.2327821],[120.1446484,30.2328109],[120.1446696,30.2328265],[120.1447608,30.2328907],[120.1448003,30.2329184],[120.145004,30.2330156],[120.1450116,30.2330711]]}},{"type":"Feature","id":"way/975357011","properties":{"osmType":"way","osmId":"975357011","highway":"service"},"geometry":{"type":"LineString","coordinates":[[120.1429854,30.2340452],[120.1431283,30.2330786],[120.1431648,30.2329998],[120.1432468,30.2329552],[120.1435066,30.2327965],[120.1436703,30.2326964],[120.1437157,30.2326687],[120.1437671,30.2326373]]}},{"type":"Feature","id":"way/975357012","properties":{"osmType":"way","osmId":"975357012","building":"yes"},"geometry":{"type":"Polygon","coordinates":[[[120.1434292,30.2331785],[120.1434384,30.233097],[120.1435931,30.233097],[120.1435843,30.233189],[120.1434292,30.2331785]]]}},{"type":"Feature","id":"way/975357013","properties":{"osmType":"way","osmId":"975357013","landuse":"grass"},"geometry":{"type":"Polygon","coordinates":[[[120.143156,30.2331893],[120.1431891,30.2330576],[120.1432438,30.2329998],[120.143636,30.232774],[120.1437211,30.2327687],[120.1437681,30.2328121],[120.1436483,30.2328232],[120.1435541,30.2329305],[120.1435498,30.2330858],[120.1436354,30.233108],[120.1436311,30.2332189],[120.143156,30.2331893]]]}},{"type":"Feature","id":"way/975357014","properties":{"osmType":"way","osmId":"975357014","natural":"wood"},"geometry":{"type":"Polygon","coordinates":[[[120.1434931,30.2327162],[120.1433684,30.2325376],[120.1432864,30.2325113],[120.1432985,30.2324693],[120.1433897,30.2324456],[120.1435113,30.2324325],[120.14356,30.2324509],[120.1436116,30.2326111],[120.1436177,30.2326689],[120.1434931,30.2327162]]]}},{"type":"Feature","id":"way/975357015","properties":{"osmType":"way","osmId":"975357015","natural":"wood"},"geometry":{"type":"Polygon","coordinates":[[[120.14387,30.2327083],[120.1437454,30.2325901],[120.1437667,30.2325218],[120.1437971,30.2324588],[120.1438883,30.2324535],[120.1444355,30.2324982],[120.1444811,30.2325166],[120.1445236,30.2325638],[120.1445267,30.2326164],[120.1444568,30.232753],[120.1443899,30.2327635],[120.14387,30.2327083]]]}},{"type":"Feature","id":"way/975357016","properties":{"osmType":"way","osmId":"975357016","highway":"service"},"geometry":{"type":"LineString","coordinates":[[120.1437157,30.2326687],[120.1439096,30.2327713],[120.1441436,30.2328134],[120.1445115,30.232816],[120.1446093,30.2327821]]}},{"type":"Feature","id":"way/975357017","properties":{"osmType":"way","osmId":"975357017","highway":"service"},"geometry":{"type":"LineString","coordinates":[[120.1447608,30.2328907],[120.1449097,30.2327319]]}},{"type":"Feature","id":"way/975357018","properties":{"osmType":"way","osmId":"975357018","natural":"wood"},"geometry":{"type":"Polygon","coordinates":[[[120.1446392,30.2326453],[120.1446696,30.2325533],[120.14463,30.2324509],[120.1445632,30.2323511],[120.1445723,30.2322697],[120.1446057,30.2322093],[120.1456241,30.2323879],[120.1456241,30.2324351],[120.1454326,30.2324246],[120.1453657,30.2327241],[120.1453627,30.2328396],[120.1452593,30.2328396],[120.1452671,30.2327027],[120.144794,30.2326261],[120.1447715,30.2326677],[120.1446392,30.2326453]]]}},{"type":"Feature","id":"way/975357019","properties":{"osmType":"way","osmId":"975357019","natural":"wood"},"geometry":{"type":"Polygon","coordinates":[[[120.1458357,30.2330858],[120.1457767,30.2330595],[120.1456983,30.2330246],[120.1456545,30.2330051],[120.1455907,30.2329132],[120.1455937,30.2327792],[120.1456029,30.2327162],[120.1456697,30.2326689],[120.1457336,30.2326584],[120.1458246,30.232661],[120.145887,30.2329563],[120.1458357,30.2330858]]]}},{"type":"Feature","id":"way/975357020","properties":{"osmType":"way","osmId":"975357020","building":"yes"},"geometry":{"type":"Polygon","coordinates":[[[120.1457245,30.2331128],[120.1456576,30.233076],[120.1456983,30.2330246],[120.1457767,30.2330595],[120.1457245,30.2331128]]]}},{"type":"Feature","id":"way/975357021","properties":{"osmType":"way","osmId":"975357021","highway":"footway"},"geometry":{"type":"LineString","coordinates":[[120.1423553,30.2319528],[120.1425294,30.2319466],[120.1430848,30.2320543],[120.1434356,30.2320982]]}},{"type":"Feature","id":"way/975357022","properties":{"osmType":"way","osmId":"975357022","natural":"wood"},"geometry":{"type":"Polygon","coordinates":[[[120.1426099,30.2324334],[120.1424747,30.2320359],[120.1425446,30.2319939],[120.1432894,30.2321357],[120.1431708,30.2322618],[120.1428851,30.2322907],[120.1426099,30.2324334]]]}},{"type":"Feature","id":"way/975357023","properties":{"osmType":"way","osmId":"975357023","natural":"wood"},"geometry":{"type":"Polygon","coordinates":[[[120.1434505,30.2323483],[120.1433684,30.2323143],[120.1433806,30.2322355],[120.143414,30.2321751],[120.1433938,30.2321275],[120.1434232,30.2320333],[120.142724,30.2318678],[120.1426814,30.2319414],[120.1423358,30.2319033],[120.1421716,30.2317871],[120.1419847,30.2316549],[120.1429807,30.2317884],[120.1438129,30.2319304],[120.1437515,30.2322382],[120.1437211,30.2323327],[120.1436664,30.2323616],[120.1435478,30.23238],[120.1434505,30.2323483]]]}},{"type":"Feature","id":"way/975357024","properties":{"osmType":"way","osmId":"975357024","natural":"wood"},"geometry":{"type":"Polygon","coordinates":[[[120.1386498,30.2328965],[120.1386246,30.232788],[120.1388215,30.232408],[120.1388801,30.2322199],[120.1389052,30.2319702],[120.1389513,30.2317169],[120.1392168,30.2309954],[120.1395015,30.2311586],[120.1403679,30.2315132],[120.1408999,30.2316551],[120.1412374,30.2317076],[120.1413788,30.2317133],[120.1414988,30.2317181],[120.141736,30.2316997],[120.1419847,30.2316549],[120.1423358,30.2319033],[120.1425299,30.2320407],[120.1426158,30.2323522],[120.1425797,30.2323673],[120.1424929,30.2324036],[120.1424139,30.2324745],[120.1423748,30.2324332],[120.1424412,30.2323458],[120.1424716,30.2322276],[120.142243,30.2322131],[120.1420131,30.2321748],[120.1418089,30.2324089],[120.1417167,30.2324545],[120.1414228,30.2321135],[120.1413764,30.2320526],[120.1412781,30.2320046],[120.1410702,30.2319535],[120.141055,30.2318232],[120.1408452,30.2317233],[120.1404926,30.2316314],[120.140295,30.2316052],[120.1399332,30.2315237],[120.1397265,30.2315106],[120.1396715,30.2316229],[120.1395896,30.2316506],[120.1393995,30.2319846],[120.1393366,30.232133],[120.1392188,30.232359],[120.1389304,30.2328712],[120.1388424,30.23294],[120.1387587,30.2329327],[120.1386498,30.2328965]]]}},{"type":"Feature","id":"way/975357025","properties":{"osmType":"way","osmId":"975357025","landuse":"grass"},"geometry":{"type":"Polygon","coordinates":[[[120.1396715,30.2316229],[120.1397265,30.2315106],[120.1399332,30.2315237],[120.140295,30.2316052],[120.1404926,30.2316314],[120.1408452,30.2317233],[120.141055,30.2318232],[120.1410702,30.2319535],[120.1406935,30.231824],[120.1401872,30.2317347],[120.1396715,30.2316229]]]}},{"type":"Feature","id":"way/975357026","properties":{"osmType":"way","osmId":"975357026","landuse":"grass"},"geometry":{"type":"Polygon","coordinates":[[[120.1417167,30.2324545],[120.1418228,30.2325494],[120.1418537,30.2326013],[120.1419342,30.2326568],[120.1420301,30.2326559],[120.1421154,30.2326233],[120.1424145,30.23251],[120.1425205,30.2324683],[120.1426099,30.2324334],[120.1425797,30.2323673],[120.1424139,30.2324745],[120.1423748,30.2324332],[120.1424412,30.2323458],[120.1424716,30.2322276],[120.142243,30.2322131],[120.1420131,30.2321748],[120.1418089,30.2324089],[120.1417167,30.2324545]]]}},{"type":"Feature","id":"way/975360504","properties":{"osmType":"way","osmId":"975360504","leisure":"park","name":"雷峰夕照","name:en":"Leifeng Pagoda in Evening Glow","note":"西湖十景","note:en":"Ten Scenes of West Lake"},"geometry":{"type":"Polygon","coordinates":[[[120.140701,30.2344338],[120.1406578,30.234135],[120.1407371,30.2338361],[120.1417389,30.2327028],[120.1411623,30.2320863],[120.1413788,30.2317133],[120.1419847,30.2316549],[120.1457501,30.2323313],[120.1461781,30.2323054],[120.1464992,30.2322536],[120.1469358,30.2320798],[120.147595,30.2320243],[120.1484212,30.2321057],[120.148464,30.2321464],[120.1480531,30.2332744],[120.1475223,30.2340733],[120.1468117,30.2348314],[120.1467432,30.2348499],[120.1460711,30.2345208],[120.1454247,30.2350718],[120.1450994,30.2352087],[120.1444616,30.2351643],[120.1441748,30.2352567],[120.1441448,30.2356672],[120.143738,30.2360461],[120.1431338,30.235761],[120.1423282,30.2356018],[120.1414711,30.2351724],[120.140701,30.2344338]]]}},{"type":"Feature","id":"way/976816615","properties":{"osmType":"way","osmId":"976816615","leisure":"park","name":"长桥公园"},"geometry":{"type":"Polygon","coordinates":[[[120.1504609,30.235012],[120.1503058,30.2348198],[120.1496701,30.2340702],[120.1495266,30.2337758],[120.1494494,30.2331986],[120.1494303,30.2329737],[120.1494088,30.2328683],[120.1494005,30.2328251],[120.1492927,30.2327177],[120.1491528,30.2326891],[120.1488481,30.232488],[120.1485175,30.2323917],[120.1485695,30.2321735],[120.1486549,30.2321125],[120.1487701,30.2321606],[120.1492641,30.2322409],[120.1494016,30.2322248],[120.1506013,30.2324366],[120.1507388,30.2325104],[120.1507573,30.2325907],[120.150709,30.2333224],[120.150527,30.2344135],[120.150527,30.2346221],[120.1506587,30.2349796],[120.1504609,30.235012]]]}},{"type":"Feature","id":"way/1107037585","properties":{"osmType":"way","osmId":"1107037585","landuse":"industrial","name":"富通技术研究院有限公司"},"geometry":{"type":"Polygon","coordinates":[[[120.1490441,30.2314972],[120.1491498,30.2315604],[120.1495387,30.2315647],[120.1495649,30.2310075],[120.1490405,30.2309399],[120.1490441,30.2314972]]]}},{"type":"Feature","id":"way/1136633504","properties":{"osmType":"way","osmId":"1136633504","addr:city":"杭州市","addr:district":"西湖区","addr:housenumber":"136","addr:postcode":"310002","addr:province":"浙江省","addr:street":"南山路","building":"yes","building:levels":"3","name":"国际小水电中心","name:en":"International Center on Small Hydropower","name:zh":"国际小水电中心"},"geometry":{"type":"Polygon","coordinates":[[[120.1497769,30.2316314],[120.1498435,30.2310961],[120.1499497,30.231094],[120.1499472,30.2311963],[120.1500188,30.231207],[120.150115,30.231256],[120.1501817,30.2313584],[120.1502088,30.2314629],[120.1501718,30.231578],[120.1500755,30.2316676],[120.1499422,30.2316975],[120.1498188,30.2316591],[120.1497769,30.2316314]]]}},{"type":"Feature","id":"way/1366299787","properties":{"osmType":"way","osmId":"1366299787","cycleway":"lane","highway":"secondary","lanes":"1","lit":"yes","name":"南山路","name:en":"Nanshan Road","name:zh":"南山路","name:zh-Latn-pinyin":"Nánshān Lù","source":"survey"},"geometry":{"type":"LineString","coordinates":[[120.1416929,30.2315715],[120.141409,30.2315599],[120.1410726,30.2315145],[120.14067,30.2313975],[120.140397,30.2312711],[120.1402555,30.2312056]]}},{"type":"Feature","id":"way/1366299788","properties":{"osmType":"way","osmId":"1366299788","cycleway":"lane","highway":"secondary","lanes":"1","lit":"yes","name":"南山路","name:en":"Nanshan Road","name:zh":"南山路","name:zh-Latn-pinyin":"Nánshān Lù","source":"survey"},"geometry":{"type":"LineString","coordinates":[[120.1444727,30.2319888],[120.1442023,30.2319481],[120.1437469,30.2318795],[120.1427969,30.2317057],[120.1422544,30.2316136],[120.1418745,30.231579],[120.1416929,30.2315715]]}},{"type":"Feature","id":"way/1366299789","properties":{"osmType":"way","osmId":"1366299789","highway":"unclassified"},"geometry":{"type":"LineString","coordinates":[[120.1416958,30.2313874],[120.1416929,30.2315715]]}},{"type":"Feature","id":"way/1373341969","properties":{"osmType":"way","osmId":"1373341969","highway":"footway","surface":"sett"},"geometry":{"type":"LineString","coordinates":[[120.1491452,30.2326241],[120.1494855,30.2325654]]}},{"type":"Feature","id":"way/1448129176","properties":{"osmType":"way","osmId":"1448129176","highway":"footway"},"geometry":{"type":"LineString","coordinates":[[120.145004,30.2330156],[120.1445493,30.2330479],[120.1437731,30.2329789],[120.1435066,30.2327965]]}},{"type":"Feature","id":"way/1448327494","properties":{"osmType":"way","osmId":"1448327494","highway":"footway"},"geometry":{"type":"LineString","coordinates":[[120.1455137,30.2338223],[120.145518,30.2342889]]}},{"type":"Feature","id":"way/1448327495","properties":{"osmType":"way","osmId":"1448327495","highway":"steps"},"geometry":{"type":"LineString","coordinates":[[120.1454087,30.23375],[120.1455137,30.2338223]]}},{"type":"Feature","id":"way/1465331398","properties":{"osmType":"way","osmId":"1465331398","highway":"footway","surface":"sett"},"geometry":{"type":"LineString","coordinates":[[120.1501975,30.2345443],[120.1499003,30.2342237],[120.1497602,30.2341102],[120.1497484,30.2340902],[120.1496429,30.2339114]]}},{"type":"Feature","id":"way/1465334694","properties":{"osmType":"way","osmId":"1465334694","bridge":"yes","highway":"footway","information":"board","layer":"1","name":"双投桥","name:en":"Shuangtou Bridge","surface":"sett"},"geometry":{"type":"LineString","coordinates":[[120.1502153,30.235764],[120.1501646,30.2356525],[120.1501784,30.2355811],[120.1502014,30.2355144],[120.1502335,30.2354974],[120.150263,30.235466],[120.1501911,30.2353427],[120.1503288,30.2350681],[120.1503219,30.2350151],[120.1503077,30.2349891],[120.1502856,30.23485],[120.1503089,30.2348352]]}}]}
