{"type":"Feature","id":"bulk-99377448B10324259768917","bbox":[126.09887695300002,41.363098145,128.242675781,42.824523926],"properties":{"id":"bulk-99377448B10324259768917","name":"Baishan","nameEn":"Baishan","fullName":"Baishan","level":"city","boundaryRole":"administrative-extent","boundaryQuality":"generalized-source-2020","boundaryYearRepresented":"2020","bounds":[[126.09887695300002,41.363098145],[128.242675781,42.824523926]],"center":[127.170776367,42.093811035499996],"centerMethod":"bounding-box midpoint; camera framing only","license":"CC-BY-3.0-IGO","attribution":"geoBoundaries / HDX, China administrative boundaries (2020)","source":{"provider":"geoBoundaries gbHumanitarian / HDX","url":"https://github.com/wmgeolab/geoBoundaries/raw/9469f09/releaseData/gbHumanitarian/CHN/ADM2/geoBoundaries-CHN-ADM2.geojson","metadataUrl":"https://www.geoboundaries.org/api/current/gbHumanitarian/CHN/ADM2/","shapeID":"99377448B10324259768917","shapeName":"Baishan","boundaryID":"CHN-ADM2-99377448","commit":"9469f09"},"geometryCounts":{"coordinates":3693,"components":1,"holes":0},"boundaryNotice":"geoBoundaries / HDX 2020 年行政区数据，海岸和边界经过源数据概化，并非当前测绘成果。"},"geometry":{"type":"Polygon","coordinates":[[[126.52789306600002,41.512695312],[126.54748535200001,41.53692627],[126.53308105500001,41.567871094],[126.53692627,41.596679687],[126.56652832000002,41.622314453],[126.60791015600002,41.640075684],[126.60827636700002,41.64050293],[126.60852050800001,41.641479492],[126.60888671900001,41.64251709],[126.60913085900002,41.643310547],[126.60931396500001,41.644104004],[126.60931396500001,41.645324707],[126.60931396500001,41.646484375],[126.60913085900002,41.647277832],[126.60888671900001,41.647888184],[126.60870361300002,41.648681641],[126.60852050800001,41.649291992],[126.60827636700002,41.650085449],[126.60791015600002,41.650878906],[126.60748291000002,41.651672363],[126.60729980500001,41.652282715],[126.60711669900002,41.652893066],[126.60668945300002,41.653503418],[126.60632324200002,41.65411377],[126.60607910200001,41.654724121],[126.60571289100001,41.655090332],[126.605285645,41.655700684],[126.60510253900001,41.655883789],[126.60491943400001,41.656677246],[126.60467529300001,41.657287598],[126.60467529300001,41.657897949],[126.60449218700002,41.658691406],[126.60430908200001,41.659301758],[126.60449218700002,41.659729004],[126.60430908200001,41.66027832],[126.60449218700002,41.660705566],[126.60449218700002,41.661071777],[126.60449218700002,41.661682129],[126.60449218700002,41.662109375],[126.60467529300001,41.662475586],[126.60467529300001,41.663085937],[126.60491943400001,41.663330078],[126.60510253900001,41.663879395],[126.605285645,41.664489746],[126.605285645,41.664672852],[126.60571289100001,41.665283203],[126.60589599600002,41.665710449],[126.60607910200001,41.665893555],[126.60632324200002,41.666503906],[126.60650634800001,41.666870117],[126.60668945300002,41.667297363],[126.60711669900002,41.667724609],[126.60748291000002,41.66809082],[126.60772705100001,41.668518066],[126.60809326200001,41.668884277],[126.60852050800001,41.669311523],[126.60888671900001,41.669677734],[126.60931396500001,41.67010498],[126.60968017600001,41.670288086],[126.61010742200001,41.670471191],[126.61071777300002,41.670898437],[126.61132812500001,41.671081543],[126.61230468700002,41.671081543],[126.61291503900001,41.671325684],[126.61328125000001,41.671325684],[126.61407470700001,41.671325684],[126.61511230500001,41.671325684],[126.61590576200001,41.671325684],[126.61651611300002,41.671325684],[126.61712646500001,41.671325684],[126.61791992200001,41.671325684],[126.61871337900001,41.671081543],[126.61950683600001,41.670898437],[126.62011718700002,41.670715332],[126.62072753900001,41.670471191],[126.62109375000001,41.670288086],[126.62152099600002,41.67010498],[126.62207031200002,41.669677734],[126.62268066400001,41.669311523],[126.62347412100002,41.668884277],[126.62408447300001,41.668273926],[126.62469482400002,41.667907715],[126.62530517600001,41.667297363],[126.62609863300001,41.666687012],[126.62670898400002,41.66607666],[126.62707519500002,41.665527344],[126.62792968700002,41.664672852],[126.62829589800002,41.664123535],[126.62890625000001,41.663696289],[126.62927246100001,41.662902832],[126.62988281200002,41.662475586],[126.63049316400001,41.661682129],[126.63128662100002,41.661071777],[126.63171386700002,41.660522461],[126.63232421900001,41.660095215],[126.63311767600001,41.659484863],[126.63372802700002,41.658874512],[126.63452148400002,41.658081055],[126.63507080100001,41.657714844],[126.63568115200002,41.657287598],[126.63671875000001,41.656677246],[126.63732910200001,41.656311035],[126.63787841800001,41.655883789],[126.63867187500001,41.655517578],[126.63928222700001,41.655273437],[126.64031982400002,41.654907227],[126.65747070300002,41.670715332],[126.66607666000002,41.69152832],[126.66107177700002,41.725097656],[126.70629882800002,41.708679199],[126.71868896500001,41.702270508],[126.71929931600002,41.702697754],[126.71990966800001,41.703125],[126.72052002,41.703308105],[126.72131347700001,41.703674316],[126.72167968700002,41.704101562],[126.722473145,41.704528809],[126.72308349600002,41.705078125],[126.72351074200002,41.705322266],[126.72412109400001,41.705688477],[126.72448730500001,41.706115723],[126.72491455100001,41.706481934],[126.72528076200001,41.70690918],[126.72570800800001,41.707275391],[126.72607421900001,41.707885742],[126.72631835900002,41.708312988],[126.72668457000002,41.70892334],[126.72692871100001,41.709472656],[126.72729492200001,41.710083008],[126.72747802700002,41.710876465],[126.72747802700002,41.711730957],[126.72747802700002,41.712280273],[126.72729492200001,41.71307373],[126.72692871100001,41.713928223],[126.72668457000002,41.71472168],[126.72650146500001,41.715515137],[126.72589111300002,41.716308594],[126.72528076200001,41.716674805],[126.72467041000002,41.717102051],[126.72412109400001,41.717285156],[126.72332763700001,41.717712402],[126.722473145,41.717895508],[126.72167968700002,41.718078613],[126.72070312500001,41.718688965],[126.71990966800001,41.71887207],[126.71887207000002,41.719299316],[126.71771240200002,41.719482422],[126.71667480500001,41.719909668],[126.71569824200002,41.720092773],[126.71472168000001,41.72052002],[126.71350097700001,41.72088623],[126.71270752,41.721313477],[126.71130371100001,41.721679687],[126.71051025400001,41.721679687],[126.70947265600002,41.722106934],[126.70867919900002,41.722290039],[126.70727539100001,41.722106934],[126.70587158200001,41.722290039],[126.70471191400001,41.722290039],[126.70349121100001,41.722290039],[126.70251464800002,41.722473145],[126.70147705100001,41.722473145],[126.70007324200002,41.722717285],[126.69891357400002,41.722900391],[126.69732666000002,41.723083496],[126.69592285200001,41.723327637],[126.69470214800002,41.723510742],[126.69348144500002,41.723876953],[126.69268798800002,41.724121094],[126.69171142600001,41.724304199],[126.69049072300001,41.72467041],[126.68988037100002,41.725280762],[126.68908691400001,41.725708008],[126.68792724600002,41.726318359],[126.68670654300001,41.727111816],[126.68572998000002,41.727722168],[126.68487548800002,41.728271484],[126.68408203100002,41.72869873],[126.68347168000001,41.729309082],[126.68310546900001,41.729675293],[126.68267822300001,41.730529785],[126.68212890600002,41.730895996],[126.68188476600001,41.731506348],[126.68151855500001,41.732116699],[126.68127441400001,41.732727051],[126.68109130900001,41.733276367],[126.68109130900001,41.733886719],[126.68109130900001,41.73449707],[126.68127441400001,41.735107422],[126.68151855500001,41.735717773],[126.68151855500001,41.73651123],[126.68170166000002,41.737121582],[126.68170166000002,41.737487793],[126.68170166000002,41.738098145],[126.68188476600001,41.738708496],[126.68212890600002,41.739074707],[126.68231201200001,41.739685059],[126.68267822300001,41.74029541],[126.68310546900001,41.740722656],[126.68347168000001,41.741271973],[126.68389892600001,41.742126465],[126.68432617200001,41.742675781],[126.68487548800002,41.743530273],[126.68530273400002,41.74407959],[126.68572998000002,41.744689941],[126.68609619100002,41.745300293],[126.68652343700002,41.745910645],[126.68707275400001,41.746520996],[126.6875,41.746887207],[126.68811035200001,41.747497559],[126.68872070300002,41.747924805],[126.68927002,41.748474121],[126.68988037100002,41.748901367],[126.69030761700002,41.749328613],[126.69067382800002,41.749694824],[126.69171142600001,41.74987793],[126.69232177700002,41.75012207],[126.69329834000001,41.750305176],[126.69390869100002,41.750305176],[126.695129395,41.750305176],[126.69628906200002,41.750305176],[126.69732666000002,41.750305176],[126.69812011700002,41.750305176],[126.69891357400002,41.74987793],[126.69927978500002,41.749511719],[126.69952392600001,41.749084473],[126.69989013700001,41.748718262],[126.70068359400001,41.748474121],[126.70172119100002,41.748291016],[126.70288085900002,41.747924805],[126.70410156200002,41.747680664],[126.70489502,41.747680664],[126.70587158200001,41.747497559],[126.70672607400002,41.747314453],[126.70788574200002,41.747314453],[126.70867919900002,41.747314453],[126.71008300800001,41.747314453],[126.71148681600002,41.747314453],[126.71289062500001,41.747314453],[126.71350097700001,41.747314453],[126.71429443400001,41.747070312],[126.71508789100001,41.746704102],[126.71612548800002,41.746704102],[126.71710205100001,41.746276855],[126.71850585900002,41.745910645],[126.71948242200001,41.745483398],[126.72027587900001,41.745300293],[126.72113037100002,41.744873047],[126.722473145,41.74407959],[126.72332763700001,41.743713379],[126.72430419900002,41.743103027],[126.72528076200001,41.74230957],[126.72607421900001,41.741699219],[126.72711181600002,41.741088867],[126.72772216800001,41.740478516],[126.72869873000002,41.739685059],[126.72949218700002,41.739318848],[126.730285645,41.73828125],[126.73089599600002,41.737670898],[126.73168945300002,41.736877441],[126.73229980500001,41.73651123],[126.73352050800001,41.735473633],[126.73431396500001,41.734680176],[126.73510742200001,41.734313965],[126.73571777300002,41.733703613],[126.73669433600001,41.733093262],[126.73748779300001,41.73248291],[126.73852539100001,41.731872559],[126.73931884800001,41.731689453],[126.74029541000002,41.730895996],[126.74108886700002,41.730285645],[126.74212646500001,41.729492187],[126.74328613300001,41.72869873],[126.74432373000002,41.728088379],[126.74511718700002,41.727722168],[126.745910645,41.727294922],[126.74707031200002,41.726501465],[126.74792480500001,41.726074219],[126.74890136700002,41.725708008],[126.74987793000001,41.725280762],[126.75067138700001,41.724914551],[126.75152587900001,41.724487305],[126.75231933600001,41.724121094],[126.75347900400001,41.723876953],[126.75427246100001,41.723693848],[126.75549316400001,41.723327637],[126.75628662100002,41.723083496],[126.75769043000001,41.722900391],[126.75848388700001,41.722717285],[126.75927734400001,41.722473145],[126.76007080100001,41.722290039],[126.76110839800002,41.721679687],[126.76190185500002,41.721313477],[126.76251220700001,41.72088623],[126.76348877,41.720275879],[126.76391601600001,41.719909668],[126.76470947300001,41.719482422],[126.76550293000001,41.71887207],[126.76647949200002,41.718505859],[126.76708984400001,41.717895508],[126.76788330100001,41.717285156],[126.76849365200002,41.716918945],[126.76892089800002,41.716674805],[126.76928710900002,41.716308594],[126.76971435500002,41.715881348],[126.76989746100001,41.715270996],[126.77032470700001,41.714477539],[126.77050781200002,41.714111328],[126.77069091800001,41.713500977],[126.79187011700002,41.708496094],[126.79168701200001,41.70892334],[126.79132080100001,41.709899902],[126.79107666000002,41.710693359],[126.79071044900002,41.711486816],[126.79071044900002,41.711914062],[126.79071044900002,41.712097168],[126.79089355500001,41.712280273],[126.79150390600002,41.712890625],[126.79211425800001,41.713317871],[126.79272460900002,41.713928223],[126.79309082000002,41.71472168],[126.79327392600001,41.715515137],[126.79370117200001,41.716125488],[126.79388427700002,41.716918945],[126.79412841800001,41.717529297],[126.79449462900001,41.718078613],[126.79467773400002,41.718688965],[126.79492187500001,41.719482422],[126.79528808600001,41.720092773],[126.79547119100002,41.72088623],[126.79547119100002,41.721313477],[126.79547119100002,41.721923828],[126.79528808600001,41.722717285],[126.79510498000002,41.723327637],[126.79510498000002,41.724121094],[126.79492187500001,41.724914551],[126.79492187500001,41.725524902],[126.79492187500001,41.726074219],[126.79492187500001,41.72668457],[126.79492187500001,41.727722168],[126.79492187500001,41.728515625],[126.79492187500001,41.729675293],[126.79492187500001,41.730529785],[126.79492187500001,41.731323242],[126.79510498000002,41.732116699],[126.79528808600001,41.732910156],[126.79528808600001,41.733703613],[126.79547119100002,41.734130859],[126.79571533200001,41.734924316],[126.79632568400001,41.735473633],[126.796691895,41.736328125],[126.79711914100001,41.737121582],[126.79772949200002,41.737670898],[126.79809570300002,41.738525391],[126.79870605500001,41.739074707],[126.79907226600001,41.739929199],[126.79968261700002,41.740722656],[126.80029296900001,41.741516113],[126.80090332000002,41.742492676],[126.80151367200001,41.743103027],[126.80187988300001,41.74407959],[126.80230712900001,41.744689941],[126.80267334000001,41.745117187],[126.80328369100002,41.745727539],[126.80371093700002,41.746276855],[126.80407714800002,41.746520996],[126.80468750000001,41.746887207],[126.80511474600002,41.747314453],[126.80548095700001,41.747497559],[126.80590820300002,41.747680664],[126.80670166000002,41.747924805],[126.80712890600002,41.747924805],[126.80767822300001,41.747924805],[126.80889892600001,41.747680664],[126.80987548800002,41.747497559],[126.81048584000001,41.747070312],[126.81127929700001,41.746704102],[126.81188964800002,41.746276855],[126.81268310500002,41.745727539],[126.81311035200001,41.745300293],[126.81372070300002,41.744873047],[126.81427002,41.744506836],[126.81488037100002,41.74407959],[126.81530761700002,41.743530273],[126.81591796900001,41.742675781],[126.81628418000001,41.742126465],[126.81689453100002,41.741516113],[126.81707763700001,41.740722656],[126.81750488300001,41.739929199],[126.81768798800002,41.738891602],[126.81811523400002,41.73828125],[126.81848144500002,41.737304687],[126.81890869100002,41.736328125],[126.81927490200002,41.735473633],[126.81970214800002,41.734313965],[126.82031250000001,41.732910156],[126.82049560500002,41.732116699],[126.82110595700001,41.731323242],[126.82128906200002,41.730285645],[126.82189941400001,41.729309082],[126.82208252,41.728088379],[126.82250976600001,41.727478027],[126.82287597700001,41.726318359],[126.82348632800002,41.725097656],[126.82391357400002,41.724121094],[126.83770752,41.773071289],[126.87670898400002,41.785095215],[126.87689209000001,41.785522461],[126.87768554700001,41.786071777],[126.87847900400001,41.786682129],[126.87951660200001,41.78729248],[126.88031005900001,41.787902832],[126.88092041000002,41.788085937],[126.88153076200001,41.788696289],[126.88232421900001,41.789306641],[126.88330078100002,41.789672852],[126.88427734400001,41.790283203],[126.88488769500002,41.790527344],[126.88568115200002,41.790710449],[126.88647460900002,41.79107666],[126.88769531200002,41.791320801],[126.88909912100002,41.791687012],[126.89007568400001,41.791687012],[126.89129638700001,41.791870117],[126.89251709000001,41.792297363],[126.89367675800001,41.792480469],[126.89447021500001,41.792724609],[126.89550781200002,41.792907715],[126.89709472700001,41.793273926],[126.89788818400001,41.793273926],[126.89868164100001,41.793701172],[126.89929199200002,41.794128418],[126.90032959000001,41.794311523],[126.90148925800001,41.794921875],[126.90270996100001,41.795288086],[126.90368652300002,41.795715332],[126.90472412100002,41.796081543],[126.90570068400001,41.796691895],[126.90649414100001,41.797302246],[126.90728759800001,41.797912598],[126.90808105500001,41.798278809],[126.90887451200001,41.79888916],[126.90972900400001,41.799499512],[126.91052246100001,41.800109863],[126.91149902300002,41.800720215],[126.91247558600001,41.801330566],[126.91308593700002,41.801696777],[126.913879395,41.802307129],[126.91467285200001,41.80267334],[126.91528320300002,41.803100586],[126.91589355500001,41.803527832],[126.91650390600002,41.803894043],[126.91748046900001,41.804077148],[126.91827392600001,41.804504395],[126.91931152300002,41.8046875],[126.92010498000002,41.805114746],[126.92089843700002,41.805297852],[126.921875,41.805480957],[126.92291259800001,41.805908203],[126.92388916000002,41.806274414],[126.92468261700002,41.806518555],[126.92590332000002,41.80670166],[126.92687988300001,41.806884766],[126.92791748000002,41.807128906],[126.92889404300001,41.807495117],[126.92968750000001,41.807922363],[126.93048095700001,41.808105469],[126.93127441400001,41.808288574],[126.93188476600001,41.80847168],[126.93249511700002,41.80871582],[126.93310546900001,41.80871582],[126.93389892600001,41.80871582],[126.93487548800002,41.80871582],[126.93572998000002,41.80847168],[126.93670654300001,41.808288574],[126.93768310500002,41.808288574],[126.93872070300002,41.808105469],[126.93969726600001,41.807922363],[126.94030761700002,41.807678223],[126.94091796900001,41.807678223],[126.94152832000002,41.807312012],[126.94207763700001,41.807128906],[126.94250488300001,41.806884766],[126.94311523400002,41.806518555],[126.94372558600001,41.806091309],[126.94427490200002,41.805480957],[126.945129395,41.8046875],[126.94567871100001,41.803894043],[126.94610595700001,41.803100586],[126.94671630900001,41.802124023],[126.94689941400001,41.801086426],[126.94708252,41.800292969],[126.94708252,41.799316406],[126.94732666000002,41.798522949],[126.94708252,41.797302246],[126.94708252,41.796508789],[126.94689941400001,41.795898437],[126.94689941400001,41.795288086],[126.94708252,41.794494629],[126.94708252,41.793518066],[126.94732666000002,41.792724609],[126.94708252,41.792114258],[126.94708252,41.791503906],[126.94689941400001,41.790710449],[126.94647216800001,41.789916992],[126.94610595700001,41.789123535],[126.94592285200001,41.788513184],[126.94549560500002,41.787902832],[126.94488525400001,41.787475586],[126.94409179700001,41.78692627],[126.94329834000001,41.786682129],[126.94268798800002,41.786499023],[126.94189453100002,41.786315918],[126.94110107400002,41.786315918],[126.94012451200001,41.786315918],[126.93927002,41.786315918],[126.93847656200002,41.786499023],[126.9375,41.786682129],[126.93670654300001,41.786682129],[126.93609619100002,41.786682129],[126.93530273400002,41.786682129],[126.93469238300001,41.786682129],[126.93389892600001,41.786499023],[126.93292236300002,41.786315918],[126.93212890600002,41.785888672],[126.93170166000002,41.785705566],[126.93109130900001,41.78527832],[126.93048095700001,41.784912109],[126.93029785200001,41.784484863],[126.92987060500002,41.783874512],[126.92968750000001,41.783325195],[126.929504395,41.782714844],[126.92932128900001,41.782287598],[126.92932128900001,41.781494141],[126.92932128900001,41.780883789],[126.92932128900001,41.780273437],[126.92932128900001,41.779724121],[126.92907714800002,41.778686523],[126.92907714800002,41.778076172],[126.92907714800002,41.777526855],[126.92889404300001,41.777099609],[126.92889404300001,41.776306152],[126.92889404300001,41.775695801],[126.92907714800002,41.774902344],[126.92907714800002,41.774475098],[126.929504395,41.773681641],[126.92987060500002,41.772888184],[126.93048095700001,41.772521973],[126.93127441400001,41.772094727],[126.93170166000002,41.771911621],[126.93249511700002,41.771484375],[126.93328857400002,41.770874023],[126.93389892600001,41.770324707],[126.93469238300001,41.770080566],[126.93548584000001,41.769714355],[126.93652343700002,41.769287109],[126.93768310500002,41.769104004],[126.93908691400001,41.769104004],[126.94012451200001,41.769287109],[126.94110107400002,41.769287109],[126.94189453100002,41.769470215],[126.94287109400001,41.769714355],[126.94427490200002,41.770080566],[126.94549560500002,41.770507812],[126.94671630900001,41.770507812],[126.94750976600001,41.770874023],[126.94891357400002,41.771118164],[126.95068359400001,41.77130127],[126.95172119100002,41.771728516],[126.95251464800002,41.771911621],[126.95330810500002,41.771911621],[126.95428466800001,41.772094727],[126.95532226600001,41.772277832],[126.95611572300001,41.772521973],[126.95709228500002,41.772888184],[126.95788574200002,41.773071289],[126.95867919900002,41.77331543],[126.95989990200002,41.773681641],[126.96051025400001,41.773681641],[126.96148681600002,41.773925781],[126.96252441400001,41.774108887],[126.96392822300001,41.774291992],[126.96508789100001,41.774475098],[126.96630859400001,41.774475098],[126.96728515600002,41.774475098],[126.96850585900002,41.774475098],[126.96948242200001,41.774719238],[126.97070312500001,41.774719238],[126.97149658200001,41.774902344],[126.972473145,41.774475098],[126.97308349600002,41.774475098],[126.97369384800001,41.774108887],[126.97430419900002,41.773681641],[126.97467041000002,41.77331543],[126.97528076200001,41.772705078],[126.97570800800001,41.772094727],[126.97607421900001,41.77130127],[126.97668457000002,41.770507812],[126.97692871100001,41.769714355],[126.97729492200001,41.768920898],[126.97747802700002,41.767883301],[126.97772216800001,41.766906738],[126.97790527300002,41.766113281],[126.97827148400002,41.76550293],[126.97869873000002,41.764892578],[126.97912597700001,41.764526367],[126.97967529300001,41.764099121],[126.980285645,41.763671875],[126.98132324200002,41.763305664],[126.98229980500001,41.763122559],[126.98327636700002,41.762878418],[126.98413085900002,41.762695312],[126.98529052700002,41.762329102],[126.98669433600001,41.762084961],[126.98748779300001,41.762084961],[126.98889160200001,41.762084961],[126.99029541000002,41.76171875],[126.99127197300001,41.761474609],[126.99267578100002,41.761291504],[126.99407959000001,41.761108398],[126.99530029300001,41.760925293],[126.99688720700001,41.760681152],[126.99847412100002,41.760681152],[126.99969482400002,41.760681152],[127.00067138700001,41.760681152],[127.00152587900001,41.760681152],[127.00207519500002,41.760681152],[127.00292968700002,41.760498047],[127.00347900400001,41.760314941],[127.00408935500002,41.75970459],[127.00408935500002,41.758911133],[127.00451660200001,41.758117676],[127.00451660200001,41.757324219],[127.00451660200001,41.756713867],[127.00451660200001,41.75592041],[127.00427246100001,41.755126953],[127.00408935500002,41.754516602],[127.00390625000001,41.753723145],[127.00347900400001,41.753112793],[127.00311279300001,41.752319336],[127.00268554700001,41.75189209],[127.00250244100002,41.751281738],[127.00231933600001,41.750915527],[127.00170898400002,41.750305176],[127.00128173800002,41.749511719],[127.00091552700002,41.749084473],[127.00048828100002,41.748474121],[127.00012207000002,41.747924805],[126.99987793000001,41.747497559],[126.99987793000001,41.746887207],[126.99969482400002,41.746520996],[126.99987793000001,41.745910645],[127.00030517600001,41.745483398],[127.00067138700001,41.745117187],[127.00128173800002,41.744506836],[127.00170898400002,41.74432373],[127.00231933600001,41.74407959],[127.00292968700002,41.743713379],[127.00347900400001,41.743530273],[127.00408935500002,41.743286133],[127.00488281200002,41.742919922],[127.00567627,41.742492676],[127.00671386700002,41.742126465],[127.00732421900001,41.741882324],[127.00811767600001,41.741516113],[127.00891113300001,41.741271973],[127.00970459000001,41.741088867],[127.01049804700001,41.740722656],[127.01129150400001,41.740478516],[127.01232910200001,41.740112305],[127.01330566400001,41.740112305],[127.01409912100002,41.739929199],[127.01507568400001,41.739685059],[127.01629638700001,41.739685059],[127.01770019500002,41.739685059],[127.01892089800002,41.739685059],[127.01989746100001,41.739685059],[127.02087402300002,41.739685059],[127.02209472700001,41.739685059],[127.02307128900001,41.739685059],[127.02447509800001,41.739685059],[127.02569580100001,41.739685059],[127.02691650400001,41.739685059],[127.02789306600002,41.739685059],[127.02850341800001,41.739929199],[127.02929687500001,41.740112305],[127.02990722700001,41.74029541],[127.03051757800002,41.74029541],[127.03112793000001,41.74029541],[127.03167724600002,41.740112305],[127.03228759800001,41.739929199],[127.03308105500001,41.739685059],[127.03369140600002,41.739685059],[127.03430175800001,41.739685059],[127.03509521500001,41.739685059],[127.03588867200001,41.740112305],[127.03649902300002,41.74029541],[127.03710937500001,41.740478516],[127.03747558600001,41.740905762],[127.03790283200001,41.741088867],[127.03833007800002,41.741271973],[127.03851318400001,41.741516113],[127.038879395,41.741699219],[127.03948974600002,41.741699219],[127.04010009800001,41.741882324],[127.04089355500001,41.741882324],[127.04168701200001,41.742126465],[127.04229736300002,41.74230957],[127.04309082000002,41.74230957],[127.04370117200001,41.742492676],[127.04431152300002,41.742492676],[127.04528808600001,41.74230957],[127.04608154300001,41.741882324],[127.046691895,41.741699219],[127.04748535200001,41.741271973],[127.04772949200002,41.741088867],[127.04827880900001,41.740478516],[127.04870605500001,41.739685059],[127.04870605500001,41.739074707],[127.04870605500001,41.738098145],[127.04870605500001,41.737304687],[127.04870605500001,41.73651123],[127.04852294900002,41.735717773],[127.04870605500001,41.734680176],[127.04852294900002,41.733886719],[127.04827880900001,41.733093262],[127.04809570300002,41.73248291],[127.04772949200002,41.731506348],[127.04730224600002,41.730895996],[127.04650878900001,41.730529785],[127.04589843700002,41.729919434],[127.04547119100002,41.729309082],[127.04528808600001,41.728271484],[127.04510498000002,41.727478027],[127.04528808600001,41.726501465],[127.04528808600001,41.725708008],[127.04528808600001,41.724914551],[127.04528808600001,41.724304199],[127.04528808600001,41.723510742],[127.04547119100002,41.722900391],[127.04571533200001,41.722290039],[127.04608154300001,41.721679687],[127.04650878900001,41.721313477],[127.046875,41.72088623],[127.04730224600002,41.72052002],[127.04772949200002,41.720092773],[127.04809570300002,41.719726562],[127.04870605500001,41.71887207],[127.04888916000002,41.718322754],[127.04931640600002,41.717529297],[127.04949951200001,41.716674805],[127.04949951200001,41.715881348],[127.04968261700002,41.715270996],[127.04992675800001,41.714477539],[127.05010986300002,41.713928223],[127.05029296900001,41.713317871],[127.05047607400002,41.71270752],[127.05047607400002,41.712280273],[127.05047607400002,41.711730957],[127.05010986300002,41.710876465],[127.04968261700002,41.710510254],[127.04907226600001,41.709899902],[127.04888916000002,41.709106445],[127.04852294900002,41.708679199],[127.04852294900002,41.707702637],[127.04852294900002,41.707092285],[127.04852294900002,41.706298828],[127.04827880900001,41.705505371],[127.04852294900002,41.704711914],[127.04852294900002,41.704101562],[127.04870605500001,41.703308105],[127.04888916000002,41.702697754],[127.04931640600002,41.702087402],[127.04968261700002,41.701721191],[127.05029296900001,41.701293945],[127.05108642600001,41.700683594],[127.05212402300002,41.700500488],[127.05310058600001,41.700317383],[127.05389404300001,41.700073242],[127.05511474600002,41.700073242],[127.05590820300002,41.699890137],[127.05712890600002,41.700073242],[127.05792236300002,41.700317383],[127.05889892600001,41.700500488],[127.05969238300001,41.700500488],[127.06072998000002,41.700683594],[127.06152343700002,41.700927734],[127.06292724600002,41.70111084],[127.06390380900001,41.701293945],[127.06469726600001,41.701477051],[127.06549072300001,41.701721191],[127.06652832000002,41.701904297],[127.06750488300001,41.702087402],[127.06811523400002,41.702087402],[127.06890869100002,41.702270508],[127.06970214800002,41.702270508],[127.07067871100001,41.702514648],[127.07128906200002,41.702514648],[127.07208252,41.702514648],[127.07287597700001,41.702270508],[127.07373046900001,41.702270508],[127.07452392600001,41.702087402],[127.07507324200002,41.701904297],[127.07568359400001,41.701721191],[127.07629394500002,41.701293945],[127.07672119100002,41.700927734],[127.07708740200002,41.700317383],[127.07708740200002,41.699523926],[127.07708740200002,41.698913574],[127.07690429700001,41.698486328],[127.07672119100002,41.697875977],[127.07629394500002,41.69708252],[127.07592773400002,41.696472168],[127.07568359400001,41.695922852],[127.07568359400001,41.695129395],[127.07550048800002,41.694519043],[127.07531738300001,41.693908691],[127.07470703100002,41.69329834],[127.07427978500002,41.692504883],[127.07391357400002,41.691894531],[127.07330322300001,41.69128418],[127.07250976600001,41.690307617],[127.07189941400001,41.689697266],[127.07110595700001,41.689086914],[127.070129395,41.688903809],[127.06927490200002,41.688476562],[127.06848144500002,41.688110352],[127.06768798800002,41.687927246],[127.06671142600001,41.687316895],[127.06549072300001,41.687072754],[127.06469726600001,41.686889648],[127.06372070300002,41.686523437],[127.06268310500002,41.686279297],[127.06127929700001,41.686096191],[127.06030273400002,41.686096191],[127.05932617200001,41.686279297],[127.05792236300002,41.686523437],[127.05651855500001,41.687072754],[127.05572509800001,41.687316895],[127.05487060500002,41.687927246],[127.05407714800002,41.688720703],[127.05352783200001,41.68927002],[127.05291748000002,41.690124512],[127.05230712900001,41.690917969],[127.05212402300002,41.69128418],[127.05133056600002,41.691894531],[127.05072021500001,41.692077637],[127.04968261700002,41.692504883],[127.04870605500001,41.692504883],[127.04791259800001,41.692504883],[127.046691895,41.692687988],[127.04589843700002,41.692504883],[127.04528808600001,41.692321777],[127.04510498000002,41.692077637],[127.04431152300002,41.691894531],[127.04388427700002,41.691711426],[127.04351806600002,41.69128418],[127.04309082000002,41.690673828],[127.04272460900002,41.689880371],[127.04248046900001,41.689086914],[127.04211425800001,41.688476562],[127.04168701200001,41.688110352],[127.04150390600002,41.687316895],[127.04150390600002,41.686523437],[127.04132080100001,41.685913086],[127.04107666000002,41.685302734],[127.04107666000002,41.684692383],[127.04107666000002,41.684082031],[127.04107666000002,41.68347168],[127.04089355500001,41.682678223],[127.04089355500001,41.682312012],[127.04028320300002,41.681518555],[127.03912353500002,41.680725098],[127.03833007800002,41.679870605],[127.03747558600001,41.679321289],[127.03668212900001,41.678527832],[127.03570556600002,41.67767334],[127.03430175800001,41.676879883],[127.03350830100001,41.67590332],[127.03271484400001,41.675292969],[127.03192138700001,41.674316406],[127.03167724600002,41.673706055],[127.03131103500002,41.673278809],[127.03088378900001,41.672729492],[127.03088378900001,41.672119141],[127.03088378900001,41.671691895],[127.03131103500002,41.671081543],[127.03149414100001,41.670471191],[127.03192138700001,41.67010498],[127.03247070300002,41.669677734],[127.03289794900002,41.669311523],[127.03369140600002,41.668701172],[127.03448486300002,41.667907715],[127.03509521500001,41.667480469],[127.03588867200001,41.667114258],[127.03631591800001,41.666870117],[127.03710937500001,41.666503906],[127.03771972700001,41.666320801],[127.038879395,41.665527344],[127.03948974600002,41.665283203],[127.04010009800001,41.665100098],[127.04107666000002,41.664489746],[127.04187011700002,41.664306641],[127.04272460900002,41.664123535],[127.04388427700002,41.663879395],[127.04467773400002,41.663513184],[127.04589843700002,41.663085937],[127.046875,41.662902832],[127.04809570300002,41.662475586],[127.04888916000002,41.66229248],[127.05010986300002,41.66192627],[127.05151367200001,41.661682129],[127.05291748000002,41.661499023],[127.05371093700002,41.661315918],[127.05407714800002,41.661071777],[127.05548095700001,41.660705566],[127.05670166000002,41.66027832],[127.05767822300001,41.660095215],[127.05908203100002,41.659484863],[127.05987548800002,41.659118652],[127.06091308600001,41.658691406],[127.06188964800002,41.658325195],[127.06292724600002,41.657897949],[127.06372070300002,41.657470703],[127.06469726600001,41.657104492],[127.06549072300001,41.656311035],[127.06610107400002,41.655700684],[127.06671142600001,41.654907227],[127.06732177700002,41.654296875],[127.06768798800002,41.653503418],[127.06811523400002,41.652893066],[127.06848144500002,41.652099609],[127.06890869100002,41.651123047],[127.06927490200002,41.65032959],[127.06951904300001,41.649475098],[127.06951904300001,41.648925781],[127.06988525400001,41.647888184],[127.06988525400001,41.646911621],[127.070129395,41.645874023],[127.07031250000001,41.645324707],[127.07049560500002,41.644714355],[127.07092285200001,41.644104004],[127.07128906200002,41.643920898],[127.07171630900001,41.643493652],[127.07269287100002,41.643127441],[127.07330322300001,41.642883301],[127.07452392600001,41.642883301],[127.07507324200002,41.642883301],[127.07550048800002,41.642883301],[127.07647705100001,41.643127441],[127.07708740200002,41.643310547],[127.07788085900002,41.643127441],[127.07891845700001,41.642883301],[127.07971191400001,41.642700195],[127.08087158200001,41.642272949],[127.08129882800002,41.641906738],[127.08190918000001,41.641479492],[127.08270263700001,41.641113281],[127.08367919900002,41.640930176],[127.08447265600002,41.640930176],[127.08569335900002,41.641296387],[127.08648681600002,41.641723633],[127.08709716800001,41.642272949],[127.08770752,41.642700195],[127.08831787100002,41.643310547],[127.08911132800002,41.643676758],[127.08972168000001,41.643920898],[127.09027099600002,41.644104004],[127.09130859400001,41.644287109],[127.09271240200002,41.644287109],[127.09387207000002,41.644470215],[127.09527587900001,41.644470215],[127.09649658200001,41.644470215],[127.09729003900001,41.644470215],[127.09808349600002,41.644287109],[127.09887695300002,41.643920898],[127.09948730500001,41.643676758],[127.10009765600002,41.643310547],[127.10070800800001,41.642883301],[127.10131835900002,41.642700195],[127.10192871100001,41.642089844],[127.10247802700002,41.641723633],[127.10308837900001,41.641113281],[127.10369873000002,41.64050293],[127.10388183600001,41.639892578],[127.10449218700002,41.639099121],[127.10467529300001,41.63848877],[127.10467529300001,41.637878418],[127.10449218700002,41.637329102],[127.10412597700001,41.63671875],[127.10388183600001,41.635925293],[127.10351562500001,41.635498047],[127.10290527300002,41.634887695],[127.10229492200001,41.634277344],[127.10168457000002,41.633728027],[127.10131835900002,41.633117676],[127.10070800800001,41.632324219],[127.10028076200001,41.631713867],[127.09967041000002,41.631103516],[127.09887695300002,41.63067627],[127.09790039100001,41.630310059],[127.09692382800002,41.629882812],[127.09588623000002,41.629516602],[127.09472656200002,41.629272461],[127.09350585900002,41.629089355],[127.09228515600002,41.62890625],[127.09088134800001,41.628479004],[127.08947753900001,41.628112793],[127.08789062500001,41.627685547],[127.08728027300002,41.627319336],[127.08673095700001,41.62689209],[127.08587646500001,41.626281738],[127.08587646500001,41.625671387],[127.08587646500001,41.62512207],[127.08612060500002,41.624084473],[127.08673095700001,41.623291016],[127.08728027300002,41.622680664],[127.08807373000002,41.622070312],[127.08892822300001,41.621520996],[127.08929443400001,41.62109375],[127.09027099600002,41.62109375],[127.09167480500001,41.62109375],[127.09252929700001,41.62109375],[127.09332275400001,41.620910645],[127.09411621100001,41.620483398],[127.09509277300002,41.620117187],[127.09613037100002,41.619689941],[127.09692382800002,41.61932373],[127.09790039100001,41.618896484],[127.09851074200002,41.618530273],[127.09930419900002,41.618286133],[127.10107421900001,41.618286133],[127.10290527300002,41.618530273],[127.10388183600001,41.618530273],[127.10449218700002,41.618713379],[127.10552978500002,41.61907959],[127.10668945300002,41.619689941],[127.10748291000002,41.620117187],[127.10827636700002,41.620300293],[127.10913085900002,41.620910645],[127.11029052700002,41.621276855],[127.11132812500001,41.621887207],[127.11248779300001,41.622314453],[127.11370849600002,41.622680664],[127.11468505900001,41.62310791],[127.11547851600001,41.623291016],[127.11627197300001,41.623291016],[127.11688232400002,41.62310791],[127.11767578100002,41.622680664],[127.11828613300001,41.622314453],[127.11889648400002,41.621704102],[127.11907959000001,41.62109375],[127.11968994100002,41.620483398],[127.12030029300001,41.619873047],[127.12030029300001,41.61932373],[127.12048339800002,41.618530273],[127.12048339800002,41.617675781],[127.12030029300001,41.616516113],[127.12030029300001,41.615722656],[127.12030029300001,41.614685059],[127.12048339800002,41.614074707],[127.120910645,41.61328125],[127.12170410200001,41.612670898],[127.12188720700001,41.612121582],[127.12188720700001,41.611083984],[127.12207031200002,41.610290527],[127.12152099600002,41.609313965],[127.120910645,41.608703613],[127.12011718700002,41.608276367],[127.11907959000001,41.607910156],[127.11810302700002,41.607299805],[127.11730957000002,41.606689453],[127.11688232400002,41.606079102],[127.11669921900001,41.605529785],[127.11651611300002,41.604675293],[127.11651611300002,41.604309082],[127.11669921900001,41.603515625],[127.11688232400002,41.603088379],[127.11730957000002,41.602722168],[127.11791992200001,41.602111816],[127.11853027300002,41.601501465],[127.11907959000001,41.600891113],[127.11987304700001,41.600524902],[127.12048339800002,41.600097656],[127.12152099600002,41.599487305],[127.12231445300002,41.598510742],[127.12292480500001,41.597900391],[127.12347412100002,41.597290039],[127.12432861300002,41.596923828],[127.12512207000002,41.596679687],[127.12591552700002,41.596496582],[127.12689209000001,41.596496582],[127.12792968700002,41.596496582],[127.12927246100001,41.59588623],[127.13067627,41.595703125],[127.13171386700002,41.595275879],[127.13250732400002,41.595092773],[127.13391113300001,41.595275879],[127.13531494100002,41.59552002],[127.13647460900002,41.59588623],[127.13751220700001,41.596130371],[127.13891601600001,41.596130371],[127.14031982400002,41.596130371],[127.14129638700001,41.596130371],[127.14208984400001,41.596313477],[127.14288330100001,41.596313477],[127.14392089800002,41.596313477],[127.14471435500002,41.596130371],[127.14611816400001,41.596313477],[127.14727783200001,41.596313477],[127.14807128900001,41.596679687],[127.14929199200002,41.596923828],[127.15008544900002,41.597106934],[127.15112304700001,41.597290039],[127.15209960900002,41.597290039],[127.15289306600002,41.597106934],[127.15393066400001,41.596923828],[127.15472412100002,41.596679687],[127.15570068400001,41.596496582],[127.15692138700001,41.596679687],[127.15789794900002,41.596679687],[127.15887451200001,41.597106934],[127.15991210900002,41.597290039],[127.16107177700002,41.597473145],[127.16192627,41.597717285],[127.16308593700002,41.597717285],[127.16430664100001,41.597717285],[127.16528320300002,41.597473145],[127.16650390600002,41.597473145],[127.16748046900001,41.597290039],[127.16870117200001,41.597106934],[127.16967773400002,41.596923828],[127.17089843700002,41.596923828],[127.171875,41.597106934],[127.17291259800001,41.596923828],[127.17370605500001,41.596679687],[127.17468261700002,41.596130371],[127.17547607400002,41.595275879],[127.17608642600001,41.594726562],[127.17687988300001,41.594116211],[127.17767334000001,41.593505859],[127.17810058600001,41.593078613],[127.17828369100002,41.592529297],[127.17852783200001,41.591918945],[127.17889404300001,41.591308594],[127.17907714800002,41.590270996],[127.17907714800002,41.589477539],[127.17907714800002,41.588684082],[127.17889404300001,41.587890625],[127.17871093700002,41.587524414],[127.17810058600001,41.586914062],[127.17730712900001,41.586303711],[127.17633056600002,41.585876465],[127.17510986300002,41.585327148],[127.17327880900001,41.585083008],[127.171875,41.585083008],[127.17028808600001,41.584899902],[127.16851806600002,41.584716797],[127.16668701200001,41.584716797],[127.16448974600002,41.584716797],[127.16271972700001,41.584716797],[127.16131591800001,41.584472656],[127.16009521500001,41.584289551],[127.15887451200001,41.584472656],[127.15789794900002,41.584472656],[127.15710449200002,41.584716797],[127.15631103500002,41.584472656],[127.15527343700002,41.584899902],[127.15429687500001,41.585083008],[127.15350341800001,41.585083008],[127.15191650400001,41.585510254],[127.15087890600002,41.585693359],[127.14990234400001,41.585876465],[127.14910888700001,41.586120605],[127.14831543000001,41.586120605],[127.14727783200001,41.585876465],[127.14611816400001,41.585693359],[127.14550781200002,41.585327148],[127.14471435500002,41.585083008],[127.14367675800001,41.584472656],[127.14288330100001,41.584106445],[127.14208984400001,41.583496094],[127.14129638700001,41.582885742],[127.14050293000001,41.582275391],[127.13952636700002,41.58190918],[127.13891601600001,41.581481934],[127.13848877,41.580871582],[127.13830566400001,41.580322266],[127.13812255900001,41.57989502],[127.13787841800001,41.578918457],[127.13787841800001,41.577880859],[127.13787841800001,41.577270508],[127.13812255900001,41.576721191],[127.13867187500001,41.57611084],[127.13909912100002,41.575317383],[127.13952636700002,41.574523926],[127.13970947300001,41.573730469],[127.13989257800002,41.572692871],[127.14031982400002,41.57208252],[127.14050293000001,41.571105957],[127.14050293000001,41.570495605],[127.14068603500002,41.569702148],[127.14031982400002,41.568725586],[127.13989257800002,41.56829834],[127.13928222700001,41.567871094],[127.13812255900001,41.567504883],[127.13690185500002,41.567077637],[127.13610839800002,41.567077637],[127.13452148400002,41.566894531],[127.13287353500002,41.567077637],[127.13208007800002,41.567077637],[127.13110351600001,41.567077637],[127.12908935500002,41.567077637],[127.12768554700001,41.567077637],[127.12609863300001,41.567077637],[127.12487793000001,41.567077637],[127.12390136700002,41.567077637],[127.12310791000002,41.566894531],[127.12249755900001,41.566711426],[127.12170410200001,41.56628418],[127.12127685500002,41.565673828],[127.120910645,41.565490723],[127.12048339800002,41.564880371],[127.11987304700001,41.56427002],[127.11950683600001,41.563720703],[127.11889648400002,41.563110352],[127.11828613300001,41.5625],[127.11767578100002,41.561889648],[127.11749267600001,41.561523437],[127.11669921900001,41.56072998],[127.11547851600001,41.560302734],[127.11468505900001,41.559875488],[127.11389160200001,41.559082031],[127.11328125000001,41.55871582],[127.113098145,41.557922363],[127.11291503900001,41.557128906],[127.11328125000001,41.556274414],[127.11328125000001,41.555480957],[127.11370849600002,41.555114746],[127.11389160200001,41.554321289],[127.11450195300002,41.553894043],[127.11468505900001,41.553283691],[127.11547851600001,41.55291748],[127.11608886700002,41.55267334],[127.11651611300002,41.552307129],[127.11712646500001,41.551879883],[127.11730957000002,41.551086426],[127.11730957000002,41.550292969],[127.11730957000002,41.549682617],[127.11688232400002,41.549072266],[127.11651611300002,41.548522949],[127.11590576200001,41.548095703],[127.11492919900002,41.547729492],[127.11370849600002,41.547729492],[127.11248779300001,41.548095703],[127.11151123000002,41.548522949],[127.11047363300001,41.549072266],[127.10968017600001,41.549682617],[127.10913085900002,41.550292969],[127.10852050800001,41.550720215],[127.10748291000002,41.551086426],[127.10668945300002,41.551513672],[127.10552978500002,41.551879883],[127.10449218700002,41.552124023],[127.10327148400002,41.552490234],[127.10211181600002,41.55267334],[127.10089111300002,41.55291748],[127.10028076200001,41.55291748],[127.09948730500001,41.55267334],[127.09887695300002,41.552124023],[127.09851074200002,41.551513672],[127.09808349600002,41.551086426],[127.097473145,41.550476074],[127.09729003900001,41.549926758],[127.09710693400001,41.549316406],[127.09710693400001,41.548522949],[127.09667968700002,41.547729492],[127.09667968700002,41.547119141],[127.09667968700002,41.546325684],[127.09667968700002,41.545471191],[127.09692382800002,41.544921875],[127.09710693400001,41.544311523],[127.097473145,41.543701172],[127.09832763700001,41.542907715],[127.09912109400001,41.542114258],[127.09991455100001,41.541320801],[127.10070800800001,41.540893555],[127.10131835900002,41.540527344],[127.10211181600002,41.539672852],[127.10290527300002,41.538879395],[127.10388183600001,41.538330078],[127.10467529300001,41.537902832],[127.10571289100001,41.537719727],[127.10632324200002,41.53729248],[127.10687255900001,41.53692627],[127.10852050800001,41.536315918],[127.10949707000002,41.536071777],[127.11090087900001,41.536071777],[127.11187744100002,41.536071777],[127.113098145,41.536071777],[127.11450195300002,41.536315918],[127.11572265600002,41.536315918],[127.11651611300002,41.536499023],[127.11791992200001,41.53692627],[127.11871337900001,41.53729248],[127.11950683600001,41.537475586],[127.12048339800002,41.537475586],[127.12170410200001,41.537719727],[127.12249755900001,41.537719727],[127.12329101600001,41.537475586],[127.12408447300001,41.537475586],[127.12487793000001,41.53729248],[127.12591552700002,41.53729248],[127.12670898400002,41.537109375],[127.12750244100002,41.537475586],[127.12829589800002,41.537902832],[127.12908935500002,41.538330078],[127.12969970700001,41.538696289],[127.13049316400001,41.539123535],[127.13110351600001,41.539489746],[127.13171386700002,41.539672852],[127.13232421900001,41.539672852],[127.13330078100002,41.539672852],[127.13427734400001,41.539489746],[127.13531494100002,41.539123535],[127.13629150400001,41.538879395],[127.13690185500002,41.538696289],[127.13769531200002,41.538330078],[127.13830566400001,41.538085937],[127.13867187500001,41.537475586],[127.13891601600001,41.536682129],[127.13891601600001,41.536071777],[127.13867187500001,41.53527832],[127.13848877,41.534729004],[127.13830566400001,41.533691406],[127.13787841800001,41.532897949],[127.13732910200001,41.532287598],[127.13671875000001,41.531494141],[127.13610839800002,41.530883789],[127.13549804700001,41.530273437],[127.13488769500002,41.52947998],[127.13452148400002,41.52911377],[127.13427734400001,41.528320312],[127.13452148400002,41.527709961],[127.13452148400002,41.527282715],[127.13507080100001,41.526672363],[127.13549804700001,41.526123047],[127.13592529300001,41.525878906],[127.13671875000001,41.525695801],[127.13751220700001,41.525878906],[127.13812255900001,41.525878906],[127.13848877,41.525878906],[127.13891601600001,41.52532959],[127.13928222700001,41.524902344],[127.13970947300001,41.524475098],[127.14031982400002,41.524108887],[127.14111328100002,41.524108887],[127.14172363300001,41.524291992],[127.14227294900002,41.524719238],[127.14312744100002,41.52532959],[127.14367675800001,41.525878906],[127.14410400400001,41.526489258],[127.14410400400001,41.527282715],[127.14471435500002,41.527893066],[127.14508056600002,41.528320312],[127.14569091800001,41.528686523],[127.14630127,41.52911377],[127.14691162100002,41.529724121],[127.14727783200001,41.530273437],[127.14807128900001,41.530883789],[127.14868164100001,41.531494141],[127.14929199200002,41.531921387],[127.15008544900002,41.532287598],[127.15087890600002,41.532714844],[127.15148925800001,41.533081055],[127.15228271500001,41.533508301],[127.15332031200002,41.534118652],[127.15393066400001,41.534729004],[127.15429687500001,41.53527832],[127.15472412100002,41.536071777],[127.15527343700002,41.536682129],[127.15570068400001,41.537475586],[127.15612793000001,41.538085937],[127.15667724600002,41.538696289],[127.15771484400001,41.539123535],[127.15869140600002,41.539306641],[127.15972900400001,41.539672852],[127.16052246100001,41.539916992],[127.16149902300002,41.539916992],[127.16247558600001,41.539916992],[127.16333007800002,41.539916992],[127.16448974600002,41.539672852],[127.16571044900002,41.539489746],[127.16650390600002,41.539306641],[127.16711425800001,41.538879395],[127.16772460900002,41.538513184],[127.16809082000002,41.538085937],[127.16851806600002,41.537475586],[127.16870117200001,41.53692627],[127.16888427700002,41.536315918],[127.16870117200001,41.535522461],[127.16870117200001,41.534912109],[127.16888427700002,41.534301758],[127.16870117200001,41.533508301],[127.16888427700002,41.532897949],[127.16912841800001,41.531921387],[127.16931152300002,41.531311035],[127.16967773400002,41.530273437],[127.16992187500001,41.52947998],[127.17028808600001,41.528503418],[127.17047119100002,41.527526855],[127.17089843700002,41.526672363],[127.17132568400001,41.526123047],[127.171691895,41.525695801],[127.17230224600002,41.525085449],[127.17327880900001,41.524902344],[127.17407226600001,41.524475098],[127.17510986300002,41.524291992],[127.17633056600002,41.523925781],[127.17767334000001,41.523681641],[127.17907714800002,41.523498535],[127.18029785200001,41.523498535],[127.18151855500001,41.52331543],[127.18310546900001,41.52331543],[127.18432617200001,41.523498535],[127.18591308600001,41.523681641],[127.18670654300001,41.524108887],[127.18792724600002,41.524475098],[127.18908691400001,41.524719238],[127.19049072300001,41.525085449],[127.19152832000002,41.525512695],[127.19232177700002,41.525695801],[127.19287109400001,41.526123047],[127.19348144500002,41.526489258],[127.19372558600001,41.527282715],[127.19409179700001,41.528076172],[127.19451904300001,41.528686523],[127.19488525400001,41.529296875],[127.19549560500002,41.530090332],[127.19610595700001,41.530517578],[127.19671630900001,41.530883789],[127.19708252,41.53112793],[127.19787597700001,41.531494141],[127.19830322300001,41.531677246],[127.19873046900001,41.531677246],[127.19952392600001,41.531921387],[127.20050048800002,41.531921387],[127.20111084000001,41.531921387],[127.20172119100002,41.531921387],[127.20251464800002,41.531921387],[127.20330810500002,41.531677246],[127.20471191400001,41.531677246],[127.20550537100002,41.531494141],[127.20648193400001,41.53112793],[127.20727539100001,41.530883789],[127.20812988300001,41.530700684],[127.20849609400001,41.530273437],[127.20892334000001,41.529907227],[127.20928955100001,41.52947998],[127.20928955100001,41.52911377],[127.20928955100001,41.528503418],[127.20910644500002,41.528076172],[127.20867919900002,41.527526855],[127.20849609400001,41.526916504],[127.20812988300001,41.526489258],[127.20770263700001,41.525878906],[127.20727539100001,41.52532959],[127.20709228500002,41.524902344],[127.20672607400002,41.524291992],[127.20648193400001,41.524108887],[127.20629882800002,41.523498535],[127.20611572300001,41.522888184],[127.20587158200001,41.522521973],[127.20587158200001,41.521911621],[127.20587158200001,41.52130127],[127.20587158200001,41.520874023],[127.20611572300001,41.520324707],[127.20629882800002,41.519897461],[127.20672607400002,41.519470215],[127.20709228500002,41.519104004],[127.20751953100002,41.518676758],[127.20812988300001,41.518127441],[127.20867919900002,41.51751709],[127.20928955100001,41.517089844],[127.20989990200002,41.516906738],[127.21069335900002,41.516906738],[127.21130371100001,41.516723633],[127.21228027300002,41.516723633],[127.21307373000002,41.516906738],[127.21429443400001,41.516906738],[127.21490478500002,41.517089844],[127.21569824200002,41.517272949],[127.21667480500001,41.51751709],[127.21752929700001,41.517883301],[127.21850585900002,41.518310547],[127.21948242200001,41.518920898],[127.22009277300002,41.519104004],[127.22070312500001,41.519287109],[127.22149658200001,41.519714355],[127.22210693400001,41.520080566],[127.22290039100001,41.520324707],[127.22351074200002,41.520690918],[127.22448730500001,41.520874023],[127.22528076200001,41.521118164],[127.22631835900002,41.521118164],[127.22747802700002,41.52130127],[127.22851562500001,41.521118164],[127.22930908200001,41.521118164],[127.23010253900001,41.520874023],[127.23107910200001,41.520507812],[127.23168945300002,41.520324707],[127.23248291000002,41.519897461],[127.23309326200001,41.519714355],[127.23370361300002,41.519287109],[127.23431396500001,41.518920898],[127.23492431600002,41.518310547],[127.23510742200001,41.517700195],[127.23529052700002,41.517089844],[127.23492431600002,41.516479492],[127.23468017600001,41.516113281],[127.23413085900002,41.51550293],[127.23388671900001,41.514892578],[127.23327636700002,41.514099121],[127.23291015600002,41.513122559],[127.23187255900001,41.512084961],[127.23132324200002,41.511474609],[127.23071289100001,41.510681152],[127.22967529300001,41.509887695],[127.22912597700001,41.509521484],[127.22869873000002,41.509094238],[127.22827148400002,41.508483887],[127.22808837900001,41.508117676],[127.22772216800001,41.50769043],[127.22772216800001,41.507080078],[127.22747802700002,41.506530762],[127.22790527300002,41.506103516],[127.22808837900001,41.505493164],[127.22869873000002,41.505126953],[127.22930908200001,41.504699707],[127.22967529300001,41.504516602],[127.23052978500002,41.504089355],[127.23132324200002,41.503479004],[127.23211669900002,41.503112793],[127.23272705100001,41.502685547],[127.23309326200001,41.502319336],[127.23413085900002,41.50189209],[127.23449707000002,41.501525879],[127.23468017600001,41.501281738],[127.23510742200001,41.501098633],[127.23547363300001,41.500915527],[127.23571777300002,41.500488281],[127.23608398400002,41.500305176],[127.23651123000002,41.49987793],[127.23687744100002,41.499694824],[127.23712158200001,41.499328613],[127.23730468700002,41.499084473],[127.23767089800002,41.498474121],[127.238098145,41.498291016],[127.23852539100001,41.497924805],[127.23889160200001,41.497680664],[127.23950195300002,41.497497559],[127.24011230500001,41.497314453],[127.24047851600001,41.497070312],[127.24090576200001,41.497070312],[127.24151611300002,41.497070312],[127.24212646500001,41.497070312],[127.24267578100002,41.497070312],[127.24291992200001,41.497314453],[127.24371337900001,41.497497559],[127.24407959000001,41.497680664],[127.24450683600001,41.497924805],[127.24468994100002,41.49810791],[127.24487304700001,41.498291016],[127.24530029300001,41.498474121],[127.24548339800002,41.498718262],[127.24572753900001,41.498901367],[127.245910645,41.499328613],[127.24609375000001,41.499511719],[127.24627685500002,41.499694824],[127.24652099600002,41.49987793],[127.24670410200001,41.500305176],[127.24688720700001,41.500488281],[127.24707031200002,41.500671387],[127.24749755900001,41.501098633],[127.24768066400001,41.501281738],[127.24810791000002,41.501525879],[127.24810791000002,41.501708984],[127.24847412100002,41.50189209],[127.24871826200001,41.502075195],[127.24932861300002,41.502319336],[127.25012207000002,41.502502441],[127.25091552700002,41.502685547],[127.25128173800002,41.503112793],[127.25189209000001,41.503479004],[127.25231933600001,41.504089355],[127.25268554700001,41.504272461],[127.25329589800002,41.504699707],[127.253723145,41.504882812],[127.25427246100001,41.505310059],[127.25488281200002,41.50567627],[127.25531005900001,41.506103516],[127.25567627,41.506286621],[127.25610351600001,41.506713867],[127.25653076200001,41.507080078],[127.25689697300001,41.507507324],[127.25732421900001,41.507873535],[127.25769043000001,41.508300781],[127.25811767600001,41.508728027],[127.25830078100002,41.509094238],[127.25872802700002,41.509277344],[127.25909423800002,41.50970459],[127.25952148400002,41.509887695],[127.25988769500002,41.510070801],[127.26007080100001,41.510314941],[127.26049804700001,41.510498047],[127.26092529300001,41.510681152],[127.26129150400001,41.510925293],[127.26171875000001,41.511108398],[127.26208496100001,41.511291504],[127.26251220700001,41.511291504],[127.26312255900001,41.511474609],[127.26348877,41.511474609],[127.26428222700001,41.511474609],[127.26470947300001,41.51171875],[127.26531982400002,41.51171875],[127.26568603500002,41.51171875],[127.26647949200002,41.511901855],[127.26727294900002,41.511901855],[127.26788330100001,41.511901855],[127.26849365200002,41.511901855],[127.26892089800002,41.511901855],[127.26928710900002,41.511901855],[127.26989746100001,41.511901855],[127.27032470700001,41.511901855],[127.27087402300002,41.511901855],[127.27148437500001,41.511901855],[127.27209472700001,41.511901855],[127.27288818400001,41.511901855],[127.27349853500002,41.51171875],[127.27392578100002,41.51171875],[127.27447509800001,41.511474609],[127.27532959000001,41.511291504],[127.27612304700001,41.510925293],[127.27667236300002,41.510681152],[127.27728271500001,41.510314941],[127.27770996100001,41.510070801],[127.27832031200002,41.509887695],[127.27868652300002,41.50970459],[127.27893066400001,41.509277344],[127.27929687500001,41.508911133],[127.27972412100002,41.508483887],[127.27990722700001,41.508300781],[127.28027343700002,41.507873535],[127.28051757800002,41.50769043],[127.28070068400001,41.507324219],[127.28088378900001,41.507080078],[127.28112793000001,41.506530762],[127.28131103500002,41.506103516],[127.28131103500002,41.50567627],[127.28149414100001,41.505126953],[127.28167724600002,41.504516602],[127.28192138700001,41.504089355],[127.28210449200002,41.503479004],[127.28228759800001,41.503112793],[127.28228759800001,41.502685547],[127.28228759800001,41.502502441],[127.28228759800001,41.502319336],[127.28228759800001,41.502075195],[127.28247070300002,41.501525879],[127.28247070300002,41.501098633],[127.28247070300002,41.500488281],[127.28228759800001,41.50012207],[127.28210449200002,41.499511719],[127.28192138700001,41.499328613],[127.28167724600002,41.498718262],[127.28149414100001,41.498474121],[127.28131103500002,41.49810791],[127.28088378900001,41.497497559],[127.28051757800002,41.497314453],[127.27990722700001,41.496887207],[127.27911377,41.496520996],[127.27850341800001,41.49609375],[127.27807617200001,41.495483398],[127.27770996100001,41.495300293],[127.27728271500001,41.494873047],[127.27709960900002,41.494689941],[127.27648925800001,41.49432373],[127.27630615200002,41.493896484],[127.27569580100001,41.493530273],[127.27532959000001,41.493103027],[127.27490234400001,41.492675781],[127.27447509800001,41.49230957],[127.27429199200002,41.491882324],[127.27392578100002,41.491699219],[127.27349853500002,41.491516113],[127.27288818400001,41.491271973],[127.27209472700001,41.491088867],[127.27130127,41.490905762],[127.27069091800001,41.490722656],[127.27008056600002,41.490722656],[127.26910400400001,41.490478516],[127.26812744100002,41.490722656],[127.26727294900002,41.490722656],[127.26629638700001,41.490722656],[127.26550293000001,41.490722656],[127.26489257800002,41.490722656],[127.26428222700001,41.490722656],[127.26348877,41.490478516],[127.26312255900001,41.490478516],[127.26251220700001,41.49029541],[127.26208496100001,41.490112305],[127.26171875000001,41.489929199],[127.26129150400001,41.489929199],[127.26068115200002,41.489685059],[127.26031494100002,41.489685059],[127.25970459000001,41.489501953],[127.25848388700001,41.489318848],[127.25769043000001,41.489074707],[127.25671386700002,41.488891602],[127.25628662100002,41.488708496],[127.25549316400001,41.488525391],[127.25488281200002,41.48828125],[127.25408935500002,41.48828125],[127.25347900400001,41.487915039],[127.25268554700001,41.487670898],[127.25189209000001,41.487487793],[127.25109863300001,41.487304687],[127.25048828100002,41.487121582],[127.24987793000001,41.486877441],[127.24951171900001,41.486694336],[127.24908447300001,41.48651123],[127.24871826200001,41.486328125],[127.24829101600001,41.486083984],[127.24810791000002,41.485900879],[127.24792480500001,41.485473633],[127.24768066400001,41.485107422],[127.24768066400001,41.484680176],[127.24749755900001,41.48449707],[127.24749755900001,41.484313965],[127.24749755900001,41.483886719],[127.24749755900001,41.483520508],[127.24792480500001,41.483276367],[127.24810791000002,41.482727051],[127.24829101600001,41.482116699],[127.24871826200001,41.481689453],[127.24908447300001,41.481323242],[127.24951171900001,41.480712891],[127.24969482400002,41.480285645],[127.25012207000002,41.480102539],[127.25067138700001,41.479675293],[127.25128173800002,41.479309082],[127.25170898400002,41.478881836],[127.25250244100002,41.478271484],[127.25311279300001,41.477905273],[127.253723145,41.477722168],[127.25451660200001,41.477294922],[127.25512695300002,41.477111816],[127.25610351600001,41.47668457],[127.25689697300001,41.476501465],[127.25750732400002,41.476318359],[127.25830078100002,41.476074219],[127.25927734400001,41.476074219],[127.26031494100002,41.475891113],[127.26110839800002,41.475891113],[127.26190185500002,41.475891113],[127.26287841800001,41.475891113],[127.26367187500001,41.475708008],[127.26428222700001,41.475708008],[127.26507568400001,41.475708008],[127.26611328100002,41.475708008],[127.26751709000001,41.475708008],[127.26849365200002,41.475708008],[127.26928710900002,41.475708008],[127.27008056600002,41.475708008],[127.27130127,41.475708008],[127.27227783200001,41.475708008],[127.27307128900001,41.475708008],[127.27368164100001,41.475891113],[127.27429199200002,41.476074219],[127.27471923800002,41.476501465],[127.27508544900002,41.476928711],[127.27532959000001,41.477111816],[127.27551269500002,41.477478027],[127.27587890600002,41.477905273],[127.27612304700001,41.478271484],[127.27648925800001,41.47869873],[127.27667236300002,41.479125977],[127.27728271500001,41.479309082],[127.27770996100001,41.479675293],[127.27807617200001,41.480102539],[127.27911377,41.480285645],[127.27990722700001,41.480712891],[127.28070068400001,41.480895996],[127.28112793000001,41.481323242],[127.28210449200002,41.481689453],[127.28271484400001,41.481872559],[127.28332519500002,41.482299805],[127.28411865200002,41.48248291],[127.28472900400001,41.482727051],[127.28552246100001,41.482727051],[127.28631591800001,41.482910156],[127.28710937500001,41.483093262],[127.28790283200001,41.483276367],[127.28869628900001,41.483276367],[127.28948974600002,41.483093262],[127.28991699200002,41.482910156],[127.29089355500001,41.482727051],[127.29168701200001,41.48248291],[127.29229736300002,41.482116699],[127.29290771500001,41.481689453],[127.29327392600001,41.481689453],[127.29370117200001,41.481323242],[127.29431152300002,41.481079102],[127.29510498000002,41.480895996],[127.29589843700002,41.480529785],[127.29632568400001,41.480285645],[127.296691895,41.479919434],[127.29730224600002,41.479675293],[127.29791259800001,41.479125977],[127.29827880900001,41.478881836],[127.29907226600001,41.47869873],[127.30010986300002,41.478271484],[127.30072021500001,41.477905273],[127.30151367200001,41.477722168],[127.30249023400002,41.477478027],[127.30328369100002,41.477111816],[127.30407714800002,41.476928711],[127.30511474600002,41.47668457],[127.30627441400001,41.476501465],[127.30688476600001,41.476318359],[127.30767822300001,41.475891113],[127.30847168000001,41.475708008],[127.30908203100002,41.475524902],[127.30987548800002,41.475097656],[127.31072998000002,41.47467041],[127.31152343700002,41.474304199],[127.31207275400001,41.473876953],[127.31292724600002,41.473693848],[127.31347656200002,41.473510742],[127.31408691400001,41.473327637],[127.31451416000002,41.473083496],[127.31512451200001,41.472717285],[127.31567382800002,41.472473145],[127.31610107400002,41.472106934],[127.31652832000002,41.471923828],[127.31732177700002,41.471679687],[127.31787109400001,41.471313477],[127.31872558600001,41.471130371],[127.31951904300001,41.470703125],[127.32031250000001,41.47052002],[127.32092285200001,41.470092773],[127.32208252,41.469909668],[127.32269287100002,41.469482422],[127.32348632800002,41.469299316],[127.32409668000001,41.469116211],[127.32452392600001,41.468688965],[127.32507324200002,41.468078613],[127.32568359400001,41.467895508],[127.32647705100001,41.467712402],[127.32708740200002,41.467285156],[127.32788085900002,41.467102051],[127.32867431600002,41.466674805],[127.32971191400001,41.466491699],[127.33032226600001,41.466491699],[127.33087158200001,41.466125488],[127.33190918000001,41.465515137],[127.33288574200002,41.465087891],[127.33367919900002,41.464904785],[127.33447265600002,41.464477539],[127.33532714800002,41.464111328],[127.33612060500002,41.463684082],[127.33648681600002,41.463500977],[127.33752441400001,41.462890625],[127.33850097700001,41.46270752],[127.33929443400001,41.462280273],[127.34027099600002,41.462097168],[127.34130859400001,41.461486816],[127.34228515600002,41.461303711],[127.34307861300002,41.461120605],[127.34387207000002,41.460876465],[127.34472656200002,41.460693359],[127.34527587900001,41.460510254],[127.34613037100002,41.460327148],[127.34729003900001,41.460327148],[127.34808349600002,41.460510254],[127.34887695300002,41.460693359],[127.35009765600002,41.460510254],[127.35089111300002,41.460693359],[127.35192871100001,41.460693359],[127.35308837900001,41.460693359],[127.35412597700001,41.460876465],[127.35491943400001,41.461120605],[127.35552978500002,41.461303711],[127.35589599600002,41.461730957],[127.35632324200002,41.462280273],[127.35668945300002,41.462890625],[127.35687255900001,41.463317871],[127.35711669900002,41.463928223],[127.35729980500001,41.464477539],[127.35729980500001,41.465087891],[127.35729980500001,41.465698242],[127.35729980500001,41.466125488],[127.35687255900001,41.466308594],[127.35668945300002,41.466674805],[127.35650634800001,41.467102051],[127.35632324200002,41.467529297],[127.35632324200002,41.468078613],[127.35632324200002,41.468688965],[127.35632324200002,41.469482422],[127.35632324200002,41.470092773],[127.35632324200002,41.470703125],[127.35607910200001,41.471496582],[127.35571289100001,41.471923828],[127.35552978500002,41.472717285],[127.355285645,41.473083496],[127.35510253900001,41.473876953],[127.35491943400001,41.474487305],[127.35510253900001,41.475097656],[127.35491943400001,41.475708008],[127.35510253900001,41.476074219],[127.355285645,41.476501465],[127.35589599600002,41.47668457],[127.35668945300002,41.477111816],[127.35748291000002,41.477294922],[127.35827636700002,41.477294922],[127.35913085900002,41.477294922],[127.35992431600002,41.477478027],[127.36090087900001,41.477478027],[127.36187744100002,41.477294922],[127.36267089800002,41.477294922],[127.36370849600002,41.477111816],[127.36450195300002,41.476928711],[127.36529541000002,41.47668457],[127.36608886700002,41.476318359],[127.36669921900001,41.476074219],[127.36712646500001,41.475891113],[127.36767578100002,41.475891113],[127.36871337900001,41.475891113],[127.36968994100002,41.475891113],[127.37048339800002,41.475891113],[127.37152099600002,41.475891113],[127.37249755900001,41.476074219],[127.37310791000002,41.476074219],[127.37371826200001,41.476318359],[127.37451171900001,41.47668457],[127.37530517600001,41.47668457],[127.37609863300001,41.477111816],[127.37670898400002,41.477478027],[127.37750244100002,41.477722168],[127.37811279300001,41.478088379],[127.37890625000001,41.478271484],[127.37969970700001,41.47869873],[127.38067627,41.479125977],[127.38153076200001,41.479309082],[127.38269043000001,41.479309082],[127.38348388700001,41.479492187],[127.38427734400001,41.479309082],[127.38488769500002,41.479309082],[127.38568115200002,41.479309082],[127.38629150400001,41.479125977],[127.38708496100001,41.479125977],[127.38787841800001,41.478881836],[127.38867187500001,41.47869873],[127.38928222700001,41.47869873],[127.39007568400001,41.478515625],[127.39111328100002,41.478515625],[127.39190673800002,41.478515625],[127.39288330100001,41.478515625],[127.39367675800001,41.478271484],[127.39447021500001,41.478088379],[127.39532470700001,41.477722168],[127.39587402300002,41.477478027],[127.39648437500001,41.477294922],[127.39672851600001,41.476928711],[127.39709472700001,41.476501465],[127.39752197300001,41.476074219],[127.39788818400001,41.475280762],[127.39831543000001,41.474487305],[127.39849853500002,41.473876953],[127.39868164100001,41.472900391],[127.39892578100002,41.472106934],[127.39910888700001,41.471679687],[127.39910888700001,41.471130371],[127.39910888700001,41.470275879],[127.39910888700001,41.469482422],[127.39910888700001,41.468688965],[127.39910888700001,41.467712402],[127.39892578100002,41.466674805],[127.39892578100002,41.466125488],[127.39910888700001,41.465515137],[127.39910888700001,41.465087891],[127.39910888700001,41.46472168],[127.39929199200002,41.464111328],[127.39947509800001,41.463500977],[127.39971923800002,41.462890625],[127.39990234400001,41.462280273],[127.40032959000001,41.461486816],[127.40087890600002,41.460876465],[127.40130615200002,41.460327148],[127.40191650400001,41.459716797],[127.40289306600002,41.459106445],[127.40368652300002,41.458496094],[127.40490722700001,41.457885742],[127.40551757800002,41.457275391],[127.40649414100001,41.456481934],[127.40728759800001,41.456298828],[127.40832519500002,41.455871582],[127.40887451200001,41.455688477],[127.40948486300002,41.455688477],[127.41027832000002,41.455505371],[127.41107177700002,41.455505371],[127.41192627,41.455688477],[127.41290283200001,41.455688477],[127.41351318400001,41.456115723],[127.41412353500002,41.456298828],[127.41491699200002,41.456481934],[127.41552734400001,41.457092285],[127.41607666000002,41.457519531],[127.41668701200001,41.457885742],[127.41687011700002,41.458312988],[127.41748046900001,41.45892334],[127.41790771500001,41.459472656],[127.41851806600002,41.459716797],[127.41912841800001,41.460083008],[127.41967773400002,41.460327148],[127.42010498000002,41.460693359],[127.42089843700002,41.461120605],[127.421691895,41.461303711],[127.42230224600002,41.461486816],[127.42309570300002,41.461486816],[127.42388916000002,41.461730957],[127.42449951200001,41.461914062],[127.42529296900001,41.461914062],[127.42651367200001,41.461730957],[127.42712402300002,41.461730957],[127.42791748000002,41.461730957],[127.42889404300001,41.461486816],[127.42968750000001,41.461120605],[127.43029785200001,41.460876465],[127.43109130900001,41.460693359],[127.43188476600001,41.460327148],[127.43249511700002,41.460083008],[127.43328857400002,41.460083008],[127.43432617200001,41.459899902],[127.43487548800002,41.459716797],[127.43530273400002,41.459472656],[127.43609619100002,41.459106445],[127.43670654300001,41.458679199],[127.437316895,41.458496094],[127.43829345700001,41.458312988],[127.43927002,41.457885742],[127.44030761700002,41.457519531],[127.44091796900001,41.457275391],[127.44171142600001,41.457275391],[127.44268798800002,41.457092285],[127.44390869100002,41.457092285],[127.44531250000001,41.457275391],[127.44647216800001,41.457092285],[127.44812011700002,41.457092285],[127.44927978500002,41.457092285],[127.45031738300001,41.457092285],[127.45147705100001,41.457092285],[127.45227050800001,41.457519531],[127.45330810500002,41.457885742],[127.45391845700001,41.458129883],[127.45471191400001,41.458312988],[127.45568847700001,41.458496094],[127.45629882800002,41.458679199],[127.45690918000001,41.459106445],[127.45727539100001,41.459472656],[127.45770263700001,41.459899902],[127.45849609400001,41.460327148],[127.45947265600002,41.460510254],[127.46032714800002,41.460693359],[127.46112060500002,41.460876465],[127.46191406200002,41.461120605],[127.46252441400001,41.461486816],[127.46270752,41.461914062],[127.46270752,41.462280273],[127.46252441400001,41.462890625],[127.46228027300002,41.463500977],[127.46191406200002,41.464111328],[127.46130371100001,41.464477539],[127.46087646500001,41.465087891],[127.46051025400001,41.465881348],[127.46008300800001,41.466491699],[127.45989990200002,41.467285156],[127.45971679700001,41.467895508],[127.45928955100001,41.468505859],[127.45892334000001,41.469116211],[127.45867919900002,41.469482422],[127.45892334000001,41.47052002],[127.45910644500002,41.471130371],[127.45910644500002,41.471923828],[127.45910644500002,41.472717285],[127.45910644500002,41.473510742],[127.45910644500002,41.474121094],[127.45947265600002,41.47467041],[127.45947265600002,41.475524902],[127.46008300800001,41.476318359],[127.46032714800002,41.47668457],[127.46087646500001,41.477478027],[127.46148681600002,41.478088379],[127.46173095700001,41.478515625],[127.46228027300002,41.479125977],[127.46307373000002,41.479492187],[127.46350097700001,41.479675293],[127.46411132800002,41.479919434],[127.46472168000001,41.480102539],[127.46527099600002,41.480285645],[127.46612548800002,41.480529785],[127.46667480500001,41.480712891],[127.46752929700001,41.480712891],[127.46807861300002,41.480895996],[127.46868896500001,41.480895996],[127.46929931600002,41.480712891],[127.47009277300002,41.480712891],[127.47070312500001,41.480529785],[127.47113037100002,41.480285645],[127.47167968700002,41.480285645],[127.47210693400001,41.480102539],[127.472473145,41.479919434],[127.47308349600002,41.479675293],[127.47332763700001,41.479309082],[127.47351074200002,41.47869873],[127.47351074200002,41.478271484],[127.47351074200002,41.477722168],[127.47351074200002,41.477111816],[127.47332763700001,41.476501465],[127.47308349600002,41.475708008],[127.47290039100001,41.475097656],[127.47290039100001,41.474487305],[127.472473145,41.473876953],[127.472473145,41.473083496],[127.47210693400001,41.472717285],[127.47192382800002,41.472106934],[127.47167968700002,41.471679687],[127.47149658200001,41.471313477],[127.47149658200001,41.470703125],[127.47149658200001,41.470275879],[127.47210693400001,41.469299316],[127.47271728500002,41.46887207],[127.47308349600002,41.468688965],[127.47387695300002,41.468505859],[127.47448730500001,41.468322754],[127.47528076200001,41.468078613],[127.47589111300002,41.468078613],[127.47692871100001,41.468078613],[127.47772216800001,41.468078613],[127.47827148400002,41.468078613],[127.47888183600001,41.468505859],[127.47949218700002,41.468688965],[127.48010253900001,41.46887207],[127.48071289100001,41.469299316],[127.48132324200002,41.469482422],[127.48168945300002,41.469726562],[127.48229980500001,41.469726562],[127.48272705100001,41.469909668],[127.48327636700002,41.469909668],[127.48388671900001,41.470092773],[127.48431396500001,41.470092773],[127.48492431600002,41.470275879],[127.48547363300001,41.47052002],[127.48590087900001,41.470703125],[127.48651123000002,41.471130371],[127.48712158200001,41.471313477],[127.48767089800002,41.471679687],[127.48828125000001,41.471679687],[127.48870849600002,41.471923828],[127.48907470700001,41.471923828],[127.48931884800001,41.472290039],[127.48968505900001,41.472473145],[127.49011230500001,41.472717285],[127.49029541000002,41.473083496],[127.49072265600002,41.473327637],[127.49108886700002,41.473510742],[127.49127197300001,41.473876953],[127.49169921900001,41.474121094],[127.49212646500001,41.474487305],[127.49230957000002,41.47467041],[127.49267578100002,41.475097656],[127.49310302700002,41.475280762],[127.49353027300002,41.475280762],[127.49389648400002,41.475280762],[127.49468994100002,41.475280762],[127.49511718700002,41.475280762],[127.495910645,41.475097656],[127.49627685500002,41.475097656],[127.49688720700001,41.474914551],[127.49731445300002,41.474914551],[127.49792480500001,41.474487305],[127.49847412100002,41.474121094],[127.49890136700002,41.473876953],[127.49932861300002,41.473693848],[127.49987793000001,41.473327637],[127.50048828100002,41.472900391],[127.50067138700001,41.472473145],[127.50128173800002,41.472106934],[127.50189209000001,41.471679687],[127.50207519500002,41.471496582],[127.50268554700001,41.47088623],[127.50311279300001,41.47052002],[127.50347900400001,41.469909668],[127.50427246100001,41.469482422],[127.50488281200002,41.469116211],[127.50567627,41.468688965],[127.50628662100002,41.468322754],[127.50708007800002,41.468078613],[127.50787353500002,41.467895508],[127.50848388700001,41.467529297],[127.50909423800002,41.467285156],[127.50988769500002,41.466674805],[127.51049804700001,41.466491699],[127.51110839800002,41.466308594],[127.51171875000001,41.466125488],[127.51251220700001,41.465881348],[127.51348877,41.465698242],[127.51428222700001,41.465515137],[127.51507568400001,41.465270996],[127.51568603500002,41.465087891],[127.51672363300001,41.465087891],[127.51770019500002,41.464904785],[127.51831054700001,41.464904785],[127.51947021500001,41.464904785],[127.52050781200002,41.464904785],[127.52148437500001,41.465087891],[127.52227783200001,41.465270996],[127.52307128900001,41.465515137],[127.52392578100002,41.465698242],[127.52471923800002,41.465881348],[127.52532959000001,41.466308594],[127.52587890600002,41.466674805],[127.52667236300002,41.467102051],[127.52728271500001,41.467529297],[127.52752685500002,41.468078613],[127.52789306600002,41.468688965],[127.52807617200001,41.469299316],[127.52850341800001,41.469909668],[127.52850341800001,41.47052002],[127.52868652300002,41.471313477],[127.52893066400001,41.471679687],[127.52929687500001,41.472290039],[127.52972412100002,41.472473145],[127.53027343700002,41.472900391],[127.53070068400001,41.473327637],[127.53149414100001,41.473510742],[127.53210449200002,41.473693848],[127.53271484400001,41.473876953],[127.53369140600002,41.473876953],[127.53472900400001,41.474121094],[127.53552246100001,41.474121094],[127.53668212900001,41.474304199],[127.53790283200001,41.474487305],[127.538879395,41.474304199],[127.53967285200001,41.474304199],[127.54052734400001,41.474121094],[127.54107666000002,41.473876953],[127.54168701200001,41.473693848],[127.54187011700002,41.473327637],[127.54211425800001,41.472717285],[127.54187011700002,41.471923828],[127.54187011700002,41.471130371],[127.54187011700002,41.470275879],[127.54168701200001,41.469482422],[127.54168701200001,41.46887207],[127.54168701200001,41.468322754],[127.54132080100001,41.467712402],[127.54089355500001,41.467102051],[127.54052734400001,41.466308594],[127.54010009800001,41.465698242],[127.53967285200001,41.465087891],[127.53912353500002,41.464477539],[127.538879395,41.463684082],[127.538879395,41.462890625],[127.538879395,41.461914062],[127.538879395,41.460876465],[127.53869628900001,41.460083008],[127.53851318400001,41.459289551],[127.53833007800002,41.458312988],[127.53833007800002,41.457275391],[127.53833007800002,41.456115723],[127.53833007800002,41.455078125],[127.53851318400001,41.454284668],[127.53851318400001,41.453308105],[127.53869628900001,41.452087402],[127.538879395,41.451477051],[127.53930664100001,41.450683594],[127.53967285200001,41.450073242],[127.53991699200002,41.44909668],[127.54052734400001,41.448486328],[127.54107666000002,41.447875977],[127.54132080100001,41.44732666],[127.54187011700002,41.446899414],[127.54248046900001,41.445922852],[127.54290771500001,41.4453125],[127.54327392600001,41.444702148],[127.54370117200001,41.444274902],[127.54412841800001,41.443481445],[127.54467773400002,41.443115234],[127.54510498000002,41.442504883],[127.54547119100002,41.441894531],[127.54608154300001,41.44128418],[127.54650878900001,41.440673828],[127.54711914100001,41.440124512],[127.54748535200001,41.43951416],[127.54809570300002,41.439086914],[127.54870605500001,41.438720703],[127.54949951200001,41.438110352],[127.54968261700002,41.437683105],[127.55029296900001,41.437072754],[127.55090332000002,41.436279297],[127.55108642600001,41.43548584],[127.55133056600002,41.434875488],[127.55212402300002,41.434082031],[127.55291748000002,41.433288574],[127.55371093700002,41.432678223],[127.55432128900001,41.432128906],[127.55511474600002,41.43170166],[127.55609130900001,41.431274414],[127.55712890600002,41.430725098],[127.55828857400002,41.430297852],[127.55950927700002,41.4296875],[127.56072998000002,41.429321289],[127.56188964800002,41.428894043],[127.56311035200001,41.428283691],[127.56390380900001,41.42791748],[127.56512451200001,41.427490234],[127.56652832000002,41.427307129],[127.56707763700001,41.427124023],[127.56829834000001,41.426879883],[127.56927490200002,41.426513672],[127.57049560500002,41.426330566],[127.57147216800001,41.426330566],[127.57250976600001,41.426330566],[127.57373046900001,41.426330566],[127.57507324200002,41.426330566],[127.57592773400002,41.426086426],[127.57690429700001,41.42590332],[127.57788085900002,41.425476074],[127.57867431600002,41.425292969],[127.57952880900001,41.425109863],[127.58172607400002,41.424926758],[127.58270263700001,41.425109863],[127.58392334000001,41.424682617],[127.58532714800002,41.424316406],[127.58612060500002,41.424072266],[127.58752441400001,41.42388916],[127.58850097700001,41.42388916],[127.58947753900001,41.42388916],[127.59051513700001,41.424072266],[127.59149169900002,41.424499512],[127.59228515600002,41.425109863],[127.59332275400001,41.425476074],[127.59448242200001,41.425720215],[127.59570312500001,41.426086426],[127.59667968700002,41.426330566],[127.59790039100001,41.426696777],[127.59887695300002,41.427124023],[127.60028076200001,41.427307129],[127.60131835900002,41.427490234],[127.60247802700002,41.427490234],[127.60327148400002,41.42767334],[127.60449218700002,41.42791748],[127.60607910200001,41.428283691],[127.60711669900002,41.428894043],[127.60809326200001,41.429321289],[127.60931396500001,41.4296875],[127.61029052700002,41.429870605],[127.61132812500001,41.429870605],[127.61248779300001,41.430114746],[127.61328125000001,41.4296875],[127.61407470700001,41.429321289],[127.61492919900002,41.428894043],[127.61547851600001,41.428283691],[127.61627197300001,41.427307129],[127.61688232400002,41.426696777],[127.61749267600001,41.425720215],[127.61810302700002,41.424926758],[127.61889648400002,41.424072266],[127.61932373000002,41.423278809],[127.61987304700001,41.422302246],[127.62048339800002,41.421081543],[127.620910645,41.420471191],[127.62152099600002,41.419494629],[127.62231445300002,41.418273926],[127.62310791000002,41.417480469],[127.62347412100002,41.416870117],[127.62432861300002,41.415893555],[127.62487793000001,41.415283203],[127.62567138700001,41.414123535],[127.62670898400002,41.413513184],[127.62768554700001,41.412475586],[127.62908935500002,41.41192627],[127.63012695300002,41.411071777],[127.63067627,41.410522461],[127.63153076200001,41.410095215],[127.63232421900001,41.409301758],[127.63330078100002,41.408691406],[127.63427734400001,41.408081055],[127.63507080100001,41.407714844],[127.63629150400001,41.407104492],[127.63732910200001,41.406677246],[127.63812255900001,41.406311035],[127.63928222700001,41.405883789],[127.64031982400002,41.405517578],[127.64147949200002,41.405090332],[127.64227294900002,41.404724121],[127.64349365200002,41.404296875],[127.64489746100001,41.403930664],[127.64587402300002,41.403503418],[127.64709472700001,41.403320312],[127.64831543000001,41.403076172],[127.64929199200002,41.403076172],[127.65032959000001,41.403076172],[127.65148925800001,41.403076172],[127.65289306600002,41.403320312],[127.65368652300002,41.403503418],[127.65447998000002,41.403686523],[127.65551757800002,41.40411377],[127.65631103500002,41.40447998],[127.65728759800001,41.404907227],[127.65832519500002,41.405273437],[127.65911865200002,41.405883789],[127.65948486300002,41.406494141],[127.65991210900002,41.407287598],[127.66009521500001,41.408081055],[127.65991210900002,41.408874512],[127.65911865200002,41.409729004],[127.65887451200001,41.41027832],[127.65808105500001,41.410888672],[127.65710449200002,41.411682129],[127.65612793000001,41.412475586],[127.65509033200001,41.413085937],[127.65429687500001,41.413879395],[127.65368652300002,41.414306641],[127.65270996100001,41.414916992],[127.65191650400001,41.415527344],[127.65112304700001,41.41607666],[127.65032959000001,41.416870117],[127.64929199200002,41.417724609],[127.64868164100001,41.418518066],[127.64831543000001,41.419311523],[127.64788818400001,41.419921875],[127.64752197300001,41.420898437],[127.64727783200001,41.421508789],[127.64727783200001,41.422119141],[127.64709472700001,41.422729492],[127.64709472700001,41.423278809],[127.64727783200001,41.42388916],[127.64752197300001,41.424316406],[127.64788818400001,41.424682617],[127.64849853500002,41.425292969],[127.64910888700001,41.425476074],[127.64990234400001,41.425720215],[127.65051269500002,41.426086426],[127.65130615200002,41.426086426],[127.65209960900002,41.426086426],[127.65307617200001,41.426086426],[127.65393066400001,41.426086426],[127.65447998000002,41.425720215],[127.65509033200001,41.425476074],[127.65551757800002,41.425109863],[127.65612793000001,41.424499512],[127.65649414100001,41.424072266],[127.65710449200002,41.423706055],[127.65728759800001,41.423278809],[127.65808105500001,41.423095703],[127.65869140600002,41.422912598],[127.65930175800001,41.422729492],[127.65948486300002,41.422302246],[127.66009521500001,41.421875],[127.66088867200001,41.421508789],[127.66131591800001,41.420898437],[127.66168212900001,41.420471191],[127.66210937500001,41.42010498],[127.66247558600001,41.419677734],[127.66271972700001,41.419128418],[127.66290283200001,41.418518066],[127.66333007800002,41.417724609],[127.66369628900001,41.417114258],[127.66412353500002,41.416320801],[127.66430664100001,41.415527344],[127.66467285200001,41.414916992],[127.66467285200001,41.414489746],[127.66528320300002,41.414123535],[127.66571044900002,41.413696289],[127.66668701200001,41.413696289],[127.66748046900001,41.413513184],[127.66809082000002,41.413330078],[127.66851806600002,41.413085937],[127.66912841800001,41.412719727],[127.66967773400002,41.412475586],[127.67028808600001,41.41229248],[127.67108154300001,41.412109375],[127.671691895,41.41229248],[127.67230224600002,41.412475586],[127.67272949200002,41.412902832],[127.67327880900001,41.413513184],[127.67370605500001,41.413879395],[127.67407226600001,41.414489746],[127.67468261700002,41.415100098],[127.67510986300002,41.415710449],[127.67547607400002,41.416503906],[127.67590332000002,41.417114258],[127.67633056600002,41.417724609],[127.67669677700002,41.418273926],[127.67730712900001,41.418701172],[127.67791748000002,41.419128418],[127.67852783200001,41.419494629],[127.67932128900001,41.42010498],[127.68011474600002,41.420288086],[127.68127441400001,41.420715332],[127.68188476600001,41.420898437],[127.68310546900001,41.421081543],[127.68389892600001,41.421081543],[127.68487548800002,41.421325684],[127.68591308600001,41.421325684],[127.68670654300001,41.421325684],[127.6875,41.421081543],[127.68829345700001,41.420898437],[127.68890380900001,41.420715332],[127.68988037100002,41.420471191],[127.69067382800002,41.42010498],[127.69152832000002,41.419677734],[127.69232177700002,41.419494629],[127.69329834000001,41.419311523],[127.69409179700001,41.419128418],[127.695129395,41.418884277],[127.69628906200002,41.418273926],[127.69708252,41.41809082],[127.69812011700002,41.417724609],[127.69873046900001,41.417724609],[127.69970703100002,41.417480469],[127.70007324200002,41.417480469],[127.70068359400001,41.417297363],[127.70147705100001,41.417114258],[127.70251464800002,41.416687012],[127.703125,41.416687012],[127.70391845700001,41.416687012],[127.70532226600001,41.416687012],[127.70648193400001,41.416503906],[127.70770263700001,41.416687012],[127.70849609400001,41.416503906],[127.70947265600002,41.416503906],[127.71069335900002,41.416503906],[127.71191406200002,41.416320801],[127.71289062500001,41.416320801],[127.71392822300001,41.416503906],[127.71508789100001,41.416503906],[127.71612548800002,41.41607666],[127.71752929700001,41.41607666],[127.71832275400001,41.416320801],[127.71948242200001,41.416503906],[127.72070312500001,41.416870117],[127.72131347700001,41.417480469],[127.72192382800002,41.418273926],[127.722473145,41.418701172],[127.72308349600002,41.419128418],[127.72412109400001,41.419677734],[127.72467041000002,41.42010498],[127.72570800800001,41.420288086],[127.72650146500001,41.420715332],[127.72747802700002,41.421081543],[127.72851562500001,41.421325684],[127.72967529300001,41.421691895],[127.73071289100001,41.422119141],[127.73229980500001,41.422485352],[127.73352050800001,41.422729492],[127.73492431600002,41.423095703],[127.73632812500001,41.423522949],[127.73748779300001,41.423706055],[127.73852539100001,41.42388916],[127.73968505900001,41.42388916],[127.74090576200001,41.424072266],[127.74212646500001,41.424316406],[127.74353027300002,41.424316406],[127.74450683600001,41.424499512],[127.74530029300001,41.424499512],[127.74627685500002,41.424499512],[127.74768066400001,41.424682617],[127.74871826200001,41.424682617],[127.74969482400002,41.424682617],[127.75128173800002,41.424499512],[127.75268554700001,41.424316406],[127.753723145,41.424072266],[127.75488281200002,41.423706055],[127.75567627,41.423278809],[127.75628662100002,41.422729492],[127.75689697300001,41.422302246],[127.75769043000001,41.422119141],[127.75848388700001,41.421875],[127.75927734400001,41.421691895],[127.75988769500002,41.421081543],[127.76110839800002,41.420471191],[127.76190185500002,41.42010498],[127.76269531200002,41.419677734],[127.76367187500001,41.419494629],[127.76470947300001,41.419311523],[127.76550293000001,41.419311523],[127.76647949200002,41.419494629],[127.76751709000001,41.419677734],[127.76831054700001,41.419921875],[127.76892089800002,41.420288086],[127.76971435500002,41.421081543],[127.77032470700001,41.421691895],[127.77087402300002,41.422119141],[127.77148437500001,41.422485352],[127.77209472700001,41.422912598],[127.77270507800002,41.423278809],[127.77331543000001,41.423706055],[127.77392578100002,41.424072266],[127.77490234400001,41.424316406],[127.77587890600002,41.424316406],[127.77648925800001,41.424316406],[127.77728271500001,41.42388916],[127.77789306600002,41.423706055],[127.77868652300002,41.423278809],[127.77911377,41.422729492],[127.77947998000002,41.421875],[127.78009033200001,41.421081543],[127.78051757800002,41.420288086],[127.78112793000001,41.419311523],[127.78131103500002,41.418701172],[127.78167724600002,41.41809082],[127.78210449200002,41.417480469],[127.78228759800001,41.416870117],[127.78228759800001,41.41607666],[127.78210449200002,41.415100098],[127.78210449200002,41.414306641],[127.78210449200002,41.413513184],[127.78192138700001,41.412109375],[127.78210449200002,41.411071777],[127.78228759800001,41.41027832],[127.78271484400001,41.409484863],[127.78332519500002,41.408325195],[127.78387451200001,41.407287598],[127.78430175800001,41.406311035],[127.78472900400001,41.405517578],[127.78527832000002,41.405090332],[127.78631591800001,41.404907227],[127.78729248000002,41.404724121],[127.78808593700002,41.404724121],[127.78912353500002,41.404724121],[127.79028320300002,41.405090332],[127.79071044900002,41.405517578],[127.79107666000002,41.405700684],[127.79107666000002,41.40612793],[127.79089355500001,41.406921387],[127.79052734400001,41.407470703],[127.79028320300002,41.408325195],[127.78991699200002,41.409118652],[127.78991699200002,41.409912109],[127.79010009800001,41.410705566],[127.79010009800001,41.411682129],[127.79010009800001,41.412719727],[127.78991699200002,41.413513184],[127.78991699200002,41.413879395],[127.79010009800001,41.414672852],[127.79028320300002,41.415283203],[127.79052734400001,41.415893555],[127.79071044900002,41.416687012],[127.79107666000002,41.417480469],[127.79168701200001,41.418273926],[127.79248046900001,41.418884277],[127.79370117200001,41.419677734],[127.79431152300002,41.419921875],[127.79510498000002,41.420471191],[127.79571533200001,41.420715332],[127.79632568400001,41.420898437],[127.796875,41.421081543],[127.79730224600002,41.421325684],[127.79772949200002,41.421325684],[127.79827880900001,41.421508789],[127.79907226600001,41.421875],[127.79992675800001,41.421875],[127.80072021500001,41.422119141],[127.80133056600002,41.422302246],[127.80212402300002,41.422485352],[127.80267334000001,41.422485352],[127.80328369100002,41.422485352],[127.80389404300001,41.422485352],[127.80432128900001,41.422485352],[127.80468750000001,41.422485352],[127.80548095700001,41.422302246],[127.80609130900001,41.422302246],[127.80670166000002,41.421875],[127.80767822300001,41.421875],[127.80828857400002,41.421508789],[127.80908203100002,41.421325684],[127.80969238300001,41.421081543],[127.81030273400002,41.420898437],[127.81091308600001,41.420715332],[127.81152343700002,41.420288086],[127.81207275400001,41.420288086],[127.81268310500002,41.419677734],[127.81311035200001,41.419311523],[127.81372070300002,41.418701172],[127.81408691400001,41.418273926],[127.81451416000002,41.417907715],[127.81512451200001,41.417297363],[127.81549072300001,41.416687012],[127.81591796900001,41.416320801],[127.81628418000001,41.415893555],[127.81652832000002,41.415283203],[127.81671142600001,41.414489746],[127.81671142600001,41.413879395],[127.81707763700001,41.413330078],[127.81707763700001,41.41229248],[127.81732177700002,41.41192627],[127.81768798800002,41.411071777],[127.81787109400001,41.410522461],[127.81848144500002,41.409912109],[127.81872558600001,41.409301758],[127.81909179700001,41.408691406],[127.81970214800002,41.408081055],[127.820129395,41.407470703],[127.82067871100001,41.407104492],[127.82128906200002,41.406494141],[127.82208252,41.405883789],[127.82330322300001,41.407287598],[127.82971191400001,41.409301758],[127.82952880900001,41.409484863],[127.82928466800001,41.41027832],[127.82910156200002,41.410888672],[127.82910156200002,41.411315918],[127.82891845700001,41.412109375],[127.82867431600002,41.412719727],[127.82849121100001,41.413513184],[127.82830810500002,41.414123535],[127.828125,41.414672852],[127.82830810500002,41.415283203],[127.82849121100001,41.415710449],[127.82867431600002,41.41607666],[127.82910156200002,41.416687012],[127.82952880900001,41.416870117],[127.82971191400001,41.417114258],[127.83032226600001,41.417480469],[127.83050537100002,41.417480469],[127.83087158200001,41.417907715],[127.83129882800002,41.41809082],[127.83190918000001,41.418273926],[127.83227539100001,41.418518066],[127.83288574200002,41.418701172],[127.83331298800002,41.418884277],[127.83367919900002,41.419128418],[127.83447265600002,41.419311523],[127.83489990200002,41.419311523],[127.83569335900002,41.419311523],[127.83648681600002,41.419311523],[127.83752441400001,41.419311523],[127.83831787100002,41.419494629],[127.83892822300001,41.419677734],[127.83947753900001,41.419921875],[127.84008789100001,41.42010498],[127.84088134800001,41.42010498],[127.84167480500001,41.420288086],[127.84271240200002,41.420471191],[127.84332275400001,41.420471191],[127.84411621100001,41.420471191],[127.84472656200002,41.420288086],[127.84570312500001,41.42010498],[127.84631347700001,41.419677734],[127.84692382800002,41.419311523],[127.847473145,41.418884277],[127.84808349600002,41.418518066],[127.84851074200002,41.41809082],[127.84887695300002,41.417480469],[127.84930419900002,41.416687012],[127.84948730500001,41.416320801],[127.84948730500001,41.41607666],[127.85070800800001,41.416503906],[127.86987304700001,41.424499512],[127.86968994100002,41.425292969],[127.86968994100002,41.42590332],[127.86950683600001,41.426879883],[127.86907959000001,41.42791748],[127.86907959000001,41.428527832],[127.86907959000001,41.429504395],[127.86907959000001,41.430297852],[127.86889648400002,41.431274414],[127.86871337900001,41.432128906],[127.86871337900001,41.432922363],[127.86853027300002,41.433898926],[127.86828613300001,41.435119629],[127.86791992200001,41.436279297],[127.86767578100002,41.437316895],[127.86791992200001,41.438110352],[127.86828613300001,41.438903809],[127.86889648400002,41.43951416],[127.86968994100002,41.440124512],[127.87030029300001,41.440490723],[127.87048339800002,41.441101074],[127.87109375000001,41.441711426],[127.87170410200001,41.442504883],[127.87231445300002,41.443115234],[127.87292480500001,41.443481445],[127.87347412100002,41.444091797],[127.87408447300001,41.444274902],[127.87469482400002,41.444702148],[127.87530517600001,41.444885254],[127.87609863300001,41.445129395],[127.87689209000001,41.4453125],[127.87750244100002,41.4453125],[127.87829589800002,41.4453125],[127.87908935500002,41.4453125],[127.87988281200002,41.445495605],[127.88067627,41.4453125],[127.88171386700002,41.445129395],[127.88232421900001,41.444885254],[127.88287353500002,41.444702148],[127.88348388700001,41.444274902],[127.88391113300001,41.444091797],[127.88427734400001,41.443908691],[127.88488769500002,41.443481445],[127.88507080100001,41.44329834],[127.88549804700001,41.442871094],[127.88568115200002,41.442504883],[127.88568115200002,41.442077637],[127.88568115200002,41.441711426],[127.88531494100002,41.44128418],[127.88470459000001,41.440917969],[127.88427734400001,41.440490723],[127.88348388700001,41.439880371],[127.88311767600001,41.43951416],[127.88232421900001,41.439086914],[127.88171386700002,41.438903809],[127.88110351600001,41.438476562],[127.88067627,41.438110352],[127.88031005900001,41.437927246],[127.88031005900001,41.4375],[127.88031005900001,41.436889648],[127.88067627,41.436279297],[127.88092041000002,41.43572998],[127.88128662100002,41.435119629],[127.88189697300001,41.434509277],[127.88232421900001,41.433898926],[127.88330078100002,41.433288574],[127.88391113300001,41.432678223],[127.88452148400002,41.432312012],[127.88507080100001,41.431884766],[127.88568115200002,41.431518555],[127.88629150400001,41.431274414],[127.90069580100001,41.4375],[127.90869140600002,41.428283691],[127.90869140600002,41.428894043],[127.90887451200001,41.4296875],[127.90911865200002,41.430297852],[127.90930175800001,41.430908203],[127.90991210900002,41.431518555],[127.91052246100001,41.432495117],[127.91088867200001,41.433105469],[127.91149902300002,41.43371582],[127.91192627,41.434082031],[127.91247558600001,41.434692383],[127.91308593700002,41.435302734],[127.91369628900001,41.435913086],[127.91412353500002,41.436279297],[127.91467285200001,41.436889648],[127.91528320300002,41.437072754],[127.91607666000002,41.4375],[127.91668701200001,41.4375],[127.91748046900001,41.437683105],[127.91827392600001,41.437683105],[127.91870117200001,41.438110352],[127.91949462900001,41.438293457],[127.92028808600001,41.438720703],[127.92132568400001,41.439086914],[127.92211914100001,41.43951416],[127.92272949200002,41.440124512],[127.92352294900002,41.440673828],[127.92407226600001,41.441101074],[127.92510986300002,41.44152832],[127.92590332000002,41.441894531],[127.92669677700002,41.442504883],[127.92712402300002,41.442687988],[127.92767334000001,41.44329834],[127.92810058600001,41.443725586],[127.92828369100002,41.444274902],[127.92828369100002,41.445129395],[127.92828369100002,41.445678711],[127.92810058600001,41.446472168],[127.92791748000002,41.44708252],[127.92767334000001,41.447692871],[127.92791748000002,41.448120117],[127.92767334000001,41.448730469],[127.92767334000001,41.449523926],[127.92730712900001,41.450317383],[127.92712402300002,41.450927734],[127.92687988300001,41.451293945],[127.92687988300001,41.451904297],[127.92712402300002,41.452514648],[127.92767334000001,41.452880859],[127.92828369100002,41.453491211],[127.92932128900001,41.454101562],[127.92987060500002,41.45489502],[127.93072509800001,41.455505371],[127.93151855500001,41.456115723],[127.93212890600002,41.456298828],[127.93267822300001,41.456481934],[127.93310546900001,41.456298828],[127.93347168000001,41.456115723],[127.93389892600001,41.455688477],[127.93432617200001,41.455078125],[127.93450927700002,41.454711914],[127.93487548800002,41.453918457],[127.93511962900001,41.453125],[127.93530273400002,41.452270508],[127.93530273400002,41.451721191],[127.93530273400002,41.45111084],[127.93530273400002,41.450500488],[127.93511962900001,41.450073242],[127.93487548800002,41.449707031],[127.93487548800002,41.449279785],[127.93469238300001,41.448486328],[127.93487548800002,41.447875977],[127.93530273400002,41.447509766],[127.93548584000001,41.44708252],[127.93609619100002,41.446899414],[127.93652343700002,41.446716309],[127.937316895,41.446716309],[127.93829345700001,41.446716309],[127.93908691400001,41.446899414],[127.93988037100002,41.44732666],[127.94067382800002,41.447509766],[127.94128418000001,41.447692871],[127.94189453100002,41.447875977],[127.94268798800002,41.448120117],[127.94311523400002,41.448303223],[127.94348144500002,41.448486328],[127.94409179700001,41.448486328],[127.94470214800002,41.448303223],[127.945129395,41.447875977],[127.94549560500002,41.447509766],[127.94567871100001,41.446899414],[127.94567871100001,41.446472168],[127.94549560500002,41.445678711],[127.945129395,41.444885254],[127.94488525400001,41.444274902],[127.94427490200002,41.443725586],[127.94390869100002,41.443115234],[127.94329834000001,41.442504883],[127.94287109400001,41.441894531],[127.94232177700002,41.44152832],[127.94189453100002,41.441101074],[127.94152832000002,41.440673828],[127.94110107400002,41.440490723],[127.94091796900001,41.439880371],[127.94067382800002,41.43951416],[127.94067382800002,41.439086914],[127.94067382800002,41.438476562],[127.94091796900001,41.438110352],[127.94128418000001,41.437683105],[127.94171142600001,41.437072754],[127.94207763700001,41.436889648],[127.94268798800002,41.436706543],[127.94390869100002,41.436096191],[127.94470214800002,41.435913086],[127.94531250000001,41.43572998],[127.94610595700001,41.43548584],[127.94689941400001,41.435302734],[127.94787597700001,41.435302734],[127.94873046900001,41.435302734],[127.94952392600001,41.435119629],[127.95050048800002,41.434875488],[127.95147705100001,41.434875488],[127.95251464800002,41.434875488],[127.95330810500002,41.435119629],[127.95410156200002,41.435302734],[127.95507812500001,41.43548584],[127.95611572300001,41.43572998],[127.95690918000001,41.435913086],[127.95751953100002,41.436096191],[127.95831298800002,41.436096191],[127.95928955100001,41.436096191],[127.96008300800001,41.436096191],[127.96087646500001,41.436096191],[127.96148681600002,41.436096191],[127.96209716800001,41.436096191],[127.96307373000002,41.435913086],[127.96411132800002,41.43572998],[127.96508789100001,41.43548584],[127.96588134800001,41.43548584],[127.96667480500001,41.435119629],[127.96752929700001,41.434875488],[127.96832275400001,41.434692383],[127.96929931600002,41.434326172],[127.96972656200002,41.434082031],[127.97052002,41.43371582],[127.97113037100002,41.43347168],[127.97210693400001,41.433105469],[127.972473145,41.432678223],[127.97332763700001,41.432312012],[127.97387695300002,41.431884766],[127.97467041000002,41.431274414],[127.97528076200001,41.430908203],[127.97570800800001,41.430480957],[127.97607421900001,41.430114746],[127.97650146500001,41.4296875],[127.97650146500001,41.429321289],[127.97668457000002,41.428894043],[127.97668457000002,41.428283691],[127.97668457000002,41.42767334],[127.97668457000002,41.427124023],[127.97650146500001,41.426513672],[127.97631835900002,41.42590332],[127.97607421900001,41.425292969],[127.97607421900001,41.424682617],[127.97589111300002,41.424072266],[127.97589111300002,41.423522949],[127.97589111300002,41.422912598],[127.97570800800001,41.422485352],[127.97570800800001,41.421691895],[127.97570800800001,41.420898437],[127.97570800800001,41.42010498],[127.97570800800001,41.419494629],[127.97570800800001,41.418701172],[127.97570800800001,41.41809082],[127.97589111300002,41.417297363],[127.97607421900001,41.416687012],[127.97631835900002,41.416320801],[127.97650146500001,41.41607666],[127.97772216800001,41.414672852],[127.97808837900001,41.414672852],[127.97869873000002,41.414306641],[127.97912597700001,41.414306641],[127.97991943400001,41.414306641],[127.98052978500002,41.414489746],[127.98132324200002,41.414672852],[127.98168945300002,41.414916992],[127.98229980500001,41.415283203],[127.98272705100001,41.415710449],[127.98327636700002,41.41607666],[127.98388671900001,41.416320801],[127.98431396500001,41.416687012],[127.98492431600002,41.417114258],[127.98547363300001,41.417480469],[127.98608398400002,41.417907715],[127.98669433600001,41.418273926],[127.98730468700002,41.418884277],[127.98767089800002,41.419494629],[127.98791503900001,41.42010498],[127.988098145,41.420471191],[127.98828125000001,41.421081543],[127.988098145,41.421875],[127.988098145,41.422485352],[127.98828125000001,41.423095703],[127.98852539100001,41.42388916],[127.98870849600002,41.424316406],[127.98907470700001,41.425109863],[127.98931884800001,41.425476074],[127.98950195300002,41.426330566],[127.98968505900001,41.426879883],[127.98992919900002,41.42767334],[127.99011230500001,41.428283691],[127.99011230500001,41.429077148],[127.99011230500001,41.4296875],[127.99047851600001,41.430297852],[127.99090576200001,41.430725098],[127.99108886700002,41.431274414],[127.99151611300002,41.431884766],[127.99188232400002,41.432495117],[127.99188232400002,41.433105469],[127.99230957000002,41.434082031],[127.99291992200001,41.434692383],[127.99328613300001,41.43548584],[127.99389648400002,41.436279297],[127.99407959000001,41.437072754],[127.99450683600001,41.437683105],[127.99487304700001,41.438476562],[127.99530029300001,41.439086914],[127.99548339800002,41.43951416],[127.995910645,41.440307617],[127.99627685500002,41.440917969],[127.99670410200001,41.44152832],[127.99707031200002,41.442077637],[127.99731445300002,41.442687988],[127.99768066400001,41.442871094],[127.99810791000002,41.44329834],[127.99847412100002,41.443481445],[127.99908447300001,41.443908691],[127.99969482400002,41.444091797],[128.000305176,41.444274902],[128.00109863300003,41.444519043],[128.00189209,41.444702148],[128.00250244100002,41.444885254],[128.003112793,41.444885254],[128.003723145,41.445129395],[128.00451660200002,41.445129395],[128.00549316400003,41.445129395],[128.00628662100002,41.445129395],[128.00750732400002,41.444885254],[128.008483887,41.444702148],[128.00927734400003,41.444519043],[128.010070801,41.444274902],[128.01049804700003,41.443908691],[128.010925293,41.443481445],[128.011291504,41.442871094],[128.011474609,41.442321777],[128.01171875000003,41.441894531],[128.01171875000003,41.44128418],[128.01171875000003,41.440673828],[128.011474609,41.440307617],[128.011108398,41.43951416],[128.010925293,41.439086914],[128.01049804700003,41.438476562],[128.010070801,41.438110352],[128.009887695,41.4375],[128.009521484,41.436889648],[128.00891113300003,41.436096191],[128.00872802700002,41.43548584],[128.008117676,41.434875488],[128.00750732400002,41.434509277],[128.006896973,41.434509277],[128.00592041000002,41.434326172],[128.00469970700001,41.434082031],[128.00390625000003,41.433898926],[128.003112793,41.43347168],[128.00231933600003,41.433105469],[128.00128173800002,41.432495117],[128.00091552700002,41.432128906],[128.000305176,41.43170166],[127.99951171900001,41.431091309],[127.99871826200001,41.430725098],[127.99810791000002,41.430297852],[127.99749755900001,41.4296875],[127.99707031200002,41.429077148],[127.99688720700001,41.428710937],[127.99688720700001,41.428100586],[127.99707031200002,41.427307129],[127.99749755900001,41.426696777],[127.99810791000002,41.426086426],[127.99847412100002,41.425720215],[127.99908447300001,41.425292969],[127.99969482400002,41.424926758],[128.00012207,41.424682617],[128.000488281,41.424682617],[128.00128173800002,41.424682617],[128.002075195,41.424682617],[128.00268554700003,41.424682617],[128.003723145,41.424926758],[128.004882812,41.424926758],[128.00628662100002,41.425109863],[128.00732421900003,41.425292969],[128.008483887,41.425476074],[128.00927734400003,41.425476074],[128.010070801,41.425720215],[128.011108398,41.425720215],[128.01190185500002,41.425476074],[128.012878418,41.425476074],[128.01330566400003,41.425292969],[128.01348877,41.425109863],[128.01348877,41.424682617],[128.01330566400003,41.424072266],[128.01330566400003,41.423706055],[128.013122559,41.423095703],[128.013122559,41.422729492],[128.012695312,41.421875],[128.01251220700001,41.421508789],[128.01208496100003,41.420898437],[128.01190185500002,41.420288086],[128.01171875000003,41.419494629],[128.011474609,41.418884277],[128.011291504,41.417907715],[128.011291504,41.417114258],[128.011291504,41.416503906],[128.011474609,41.415710449],[128.01171875000003,41.414916992],[128.01190185500002,41.414306641],[128.01190185500002,41.413696289],[128.01190185500002,41.413085937],[128.01171875000003,41.412719727],[128.01171875000003,41.41229248],[128.01190185500002,41.411682129],[128.01208496100003,41.411499023],[128.01232910200002,41.410888672],[128.012695312,41.410705566],[128.013122559,41.410522461],[128.01367187500003,41.41027832],[128.01428222700002,41.409912109],[128.015075684,41.409729004],[128.01568603500002,41.409301758],[128.016479492,41.409118652],[128.01690673800002,41.408874512],[128.017700195,41.408874512],[128.01867675800003,41.408691406],[128.019287109,41.408508301],[128.01989746100003,41.408691406],[128.02032470700001,41.408874512],[128.020874023,41.408874512],[128.02148437500003,41.409301758],[128.02227783200001,41.409729004],[128.022888184,41.410095215],[128.02349853500002,41.410522461],[128.024108887,41.410888672],[128.02490234400003,41.411499023],[128.02532959,41.41192627],[128.025878906,41.41229248],[128.02667236300002,41.412719727],[128.027282715,41.413085937],[128.02789306600002,41.413513184],[128.02807617200003,41.414123535],[128.028503418,41.414489746],[128.028686523,41.415100098],[128.02893066400003,41.415710449],[128.02893066400003,41.416503906],[128.028686523,41.417114258],[128.028686523,41.417724609],[128.02893066400003,41.418273926],[128.02929687500003,41.418701172],[128.02972412100002,41.419128418],[128.030517578,41.419311523],[128.03149414100002,41.419128418],[128.032287598,41.418884277],[128.03289794900002,41.418701172],[128.033691406,41.418518066],[128.03448486300002,41.41809082],[128.035095215,41.417907715],[128.03552246100003,41.417724609],[128.03607177700002,41.417480469],[128.036682129,41.417114258],[128.03747558600003,41.416687012],[128.038085937,41.416320801],[128.038513184,41.41607666],[128.038879395,41.415527344],[128.03967285200002,41.415283203],[128.039916992,41.414916992],[128.040283203,41.414306641],[128.04071044900002,41.413879395],[128.04071044900002,41.413085937],[128.04071044900002,41.41229248],[128.04052734400003,41.411682129],[128.039916992,41.411071777],[128.03930664100002,41.410522461],[128.038513184,41.409912109],[128.03790283200001,41.409301758],[128.03771972700002,41.408691406],[128.03710937500003,41.407897949],[128.036682129,41.407287598],[128.036315918,41.406494141],[128.03588867200003,41.405883789],[128.03570556600002,41.405273437],[128.03527832,41.404724121],[128.035095215,41.404296875],[128.035095215,41.403686523],[128.035095215,41.403076172],[128.03527832,41.402526855],[128.03552246100003,41.402099609],[128.03570556600002,41.401489258],[128.03588867200003,41.401123047],[128.03607177700002,41.400695801],[128.036315918,41.400085449],[128.036682129,41.399719238],[128.036682129,41.399108887],[128.03692627,41.398681641],[128.03710937500003,41.398071289],[128.03729248000002,41.397521973],[128.03747558600003,41.396911621],[128.03729248000002,41.396484375],[128.03710937500003,41.395874023],[128.03692627,41.395507812],[128.036315918,41.395080566],[128.03570556600002,41.394714355],[128.035095215,41.394287109],[128.03430175800003,41.393920898],[128.03308105500003,41.393493652],[128.032470703,41.393310547],[128.031921387,41.392883301],[128.03131103500002,41.39251709],[128.03131103500002,41.392089844],[128.031921387,41.391723633],[128.032287598,41.391113281],[128.03289794900002,41.390686035],[128.033325195,41.39050293],[128.033874512,41.390319824],[128.034729004,41.390319824],[128.03527832,41.390075684],[128.03588867200003,41.390075684],[128.036682129,41.389892578],[128.03729248000002,41.389526367],[128.03790283200001,41.389282227],[128.03869628900003,41.388916016],[128.03912353500002,41.389282227],[128.03967285200002,41.389282227],[128.040283203,41.389099121],[128.04107666000002,41.389282227],[128.041870117,41.389282227],[128.04248046900003,41.389282227],[128.04309082,41.389526367],[128.04370117200003,41.389709473],[128.044677734,41.389709473],[128.04571533200001,41.389709473],[128.046691895,41.390075684],[128.04730224600002,41.390075684],[128.04748535200002,41.39050293],[128.047912598,41.390686035],[128.047912598,41.391296387],[128.048095703,41.391723633],[128.048278809,41.392089844],[128.04870605500003,41.39251709],[128.04907226600002,41.392883301],[128.049499512,41.393310547],[128.049682617,41.393493652],[128.05029296900003,41.393676758],[128.05090332,41.393920898],[128.05133056600002,41.394287109],[128.052124023,41.394287109],[128.05291748000002,41.394470215],[128.053894043,41.394714355],[128.05468750000003,41.394714355],[128.05548095700001,41.394470215],[128.05627441400003,41.394470215],[128.057312012,41.394287109],[128.05792236300002,41.394104004],[128.05871582,41.393920898],[128.05969238300003,41.393920898],[128.06072998000002,41.393676758],[128.061523437,41.393310547],[128.06268310500002,41.393127441],[128.063476562,41.392883301],[128.06427002,41.392700195],[128.065124512,41.39251709],[128.065673828,41.392272949],[128.06652832,41.392089844],[128.067077637,41.391479492],[128.06750488300003,41.390930176],[128.06787109400003,41.39050293],[128.06829834,41.390075684],[128.068481445,41.389526367],[128.068481445,41.388916016],[128.068481445,41.388305664],[128.068481445,41.387878418],[128.06829834,41.387329102],[128.068115234,41.38671875],[128.06787109400003,41.386108398],[128.06768798800002,41.385498047],[128.06750488300003,41.384887695],[128.06768798800002,41.384094238],[128.06787109400003,41.383483887],[128.068115234,41.382873535],[128.068115234,41.382507324],[128.06829834,41.381896973],[128.068481445,41.381530762],[128.06890869100002,41.381103516],[128.06909179700003,41.38067627],[128.06927490200002,41.380310059],[128.069519043,41.379882812],[128.069885254,41.379272461],[128.07031250000003,41.37890625],[128.07067871100003,41.378479004],[128.07110595700001,41.378295898],[128.071472168,41.377929687],[128.07208252,41.377502441],[128.07250976600002,41.377075195],[128.073303223,41.376708984],[128.07409668000003,41.376281738],[128.074890137,41.376281738],[128.07568359400003,41.376281738],[128.076477051,41.376525879],[128.07708740200002,41.376708984],[128.078125,41.37689209],[128.07891845700001,41.377075195],[128.079284668,41.377319336],[128.08007812500003,41.377685547],[128.08068847700002,41.378295898],[128.081298828,41.378723145],[128.081298828,41.379089355],[128.081298828,41.379882812],[128.08068847700002,41.380310059],[128.08050537100002,41.38092041],[128.07989502,41.381713867],[128.079284668,41.382324219],[128.07891845700001,41.38269043],[128.07849121100003,41.383117676],[128.078125,41.383911133],[128.077880859,41.38470459],[128.077514648,41.385314941],[128.07708740200002,41.385925293],[128.07708740200002,41.386474609],[128.07708740200002,41.387084961],[128.07708740200002,41.387512207],[128.07708740200002,41.387878418],[128.077514648,41.388305664],[128.077880859,41.38848877],[128.078125,41.388916016],[128.07830810500002,41.389282227],[128.07867431600002,41.389892578],[128.07891845700001,41.390075684],[128.079284668,41.390686035],[128.07971191400003,41.390930176],[128.08007812500003,41.391296387],[128.08068847700002,41.391723633],[128.08087158200001,41.391906738],[128.081481934,41.392089844],[128.08209228500002,41.392272949],[128.082702637,41.392272949],[128.08331298800002,41.392272949],[128.08392334,41.392272949],[128.084472656,41.392089844],[128.08489990200002,41.392089844],[128.085693359,41.391906738],[128.08630371100003,41.391723633],[128.087097168,41.391479492],[128.08770752,41.391113281],[128.08850097700002,41.390930176],[128.089111328,41.390686035],[128.08972168000003,41.390686035],[128.090515137,41.39050293],[128.09112548800002,41.39050293],[128.09167480500003,41.39050293],[128.092285156,41.390319824],[128.09289550800003,41.390075684],[128.093505859,41.389709473],[128.09429931600002,41.389526367],[128.095275879,41.389526367],[128.09588623000002,41.389709473],[128.096679687,41.389709473],[128.097106934,41.389892578],[128.097473145,41.390319824],[128.09771728500002,41.390930176],[128.09771728500002,41.391479492],[128.09771728500002,41.392089844],[128.097473145,41.39251709],[128.09729003900003,41.393127441],[128.096679687,41.393493652],[128.09588623000002,41.393920898],[128.095275879,41.394287109],[128.094909668,41.394897461],[128.094909668,41.395324707],[128.094909668,41.395690918],[128.095275879,41.395874023],[128.09552002,41.39630127],[128.09588623000002,41.396484375],[128.09649658200001,41.396484375],[128.09729003900003,41.39630127],[128.097473145,41.396118164],[128.09790039100002,41.395874023],[128.09790039100002,41.395690918],[128.098510742,41.395324707],[128.09912109400003,41.395080566],[128.09967041000002,41.394714355],[128.100280762,41.394287109],[128.10070800800003,41.394104004],[128.10107421900003,41.393676758],[128.10168457,41.393127441],[128.10211181600002,41.392700195],[128.10229492200003,41.392089844],[128.102722168,41.391479492],[128.102905273,41.390686035],[128.103088379,41.390075684],[128.103271484,41.389526367],[128.103271484,41.388916016],[128.10369873000002,41.388305664],[128.10388183600003,41.387512207],[128.10388183600003,41.387084961],[128.10388183600003,41.386291504],[128.10369873000002,41.385681152],[128.10369873000002,41.385070801],[128.103271484,41.384277344],[128.102905273,41.383911133],[128.10247802700002,41.383483887],[128.10211181600002,41.383117676],[128.101501465,41.38269043],[128.10089111300002,41.382507324],[128.099914551,41.382324219],[128.09912109400003,41.382080078],[128.098510742,41.382080078],[128.09790039100002,41.382080078],[128.097473145,41.382080078],[128.096679687,41.381896973],[128.09588623000002,41.381713867],[128.095275879,41.381530762],[128.09448242200003,41.381286621],[128.093688965,41.38092041],[128.09271240200002,41.38067627],[128.092102051,41.380310059],[128.09149169900002,41.380126953],[128.090698242,41.379699707],[128.08990478500002,41.379272461],[128.089294434,41.379089355],[128.08868408200001,41.378723145],[128.08831787100002,41.378295898],[128.08789062500003,41.377929687],[128.087280273,41.377502441],[128.087097168,41.377075195],[128.086914062,41.376708984],[128.086914062,41.376281738],[128.08673095700001,41.375915527],[128.08648681600002,41.375488281],[128.08630371100003,41.37512207],[128.08630371100003,41.37487793],[128.08612060500002,41.374328613],[128.085876465,41.373901367],[128.085693359,41.373474121],[128.085327148,41.37310791],[128.08508300800003,41.372497559],[128.08508300800003,41.372070312],[128.08508300800003,41.371704102],[128.085510254,41.371276855],[128.085876465,41.370910645],[128.08630371100003,41.370727539],[128.086914062,41.370483398],[128.08752441400003,41.370300293],[128.08807373000002,41.370117187],[128.088928223,41.369873047],[128.08947753900003,41.369873047],[128.09008789100002,41.369873047],[128.090881348,41.369873047],[128.09149169900002,41.369689941],[128.092102051,41.369873047],[128.09271240200002,41.369689941],[128.093505859,41.369689941],[128.09411621100003,41.369689941],[128.09448242200003,41.369689941],[128.095275879,41.369506836],[128.09588623000002,41.369506836],[128.096679687,41.36907959],[128.09729003900003,41.36907959],[128.09771728500002,41.36907959],[128.09808349600002,41.368896484],[128.098327637,41.368530273],[128.098693848,41.368286133],[128.09912109400003,41.367919922],[128.09948730500003,41.367492676],[128.099914551,41.36730957],[128.100280762,41.366882324],[128.10070800800003,41.366699219],[128.10107421900003,41.366088867],[128.101501465,41.365722656],[128.10192871100003,41.36529541],[128.10229492200003,41.364929199],[128.10247802700002,41.364318848],[128.103088379,41.363708496],[128.103271484,41.36328125],[128.10351562500003,41.363098145],[128.11907959,41.372314453],[128.118713379,41.372680664],[128.118530273,41.373291016],[128.11828613300003,41.373718262],[128.11828613300003,41.374328613],[128.11828613300003,41.37487793],[128.11828613300003,41.375488281],[128.118713379,41.376281738],[128.118896484,41.376708984],[128.11907959,41.377075195],[128.11968994100002,41.377502441],[128.120117187,41.377929687],[128.120483398,41.378112793],[128.12109375000003,41.378295898],[128.12170410200002,41.378479004],[128.122070312,41.37890625],[128.12268066400003,41.379089355],[128.12310791000002,41.379089355],[128.123901367,41.379272461],[128.12432861300002,41.379272461],[128.12487793000003,41.379272461],[128.125488281,41.379272461],[128.12609863300003,41.379089355],[128.126708984,41.379089355],[128.127075195,41.379089355],[128.12768554700003,41.379089355],[128.128479004,41.379089355],[128.128723145,41.379089355],[128.15472412100002,41.405883789],[128.17767334,41.438476562],[128.18927002,41.459899902],[128.210327148,41.483703613],[128.22930908200001,41.520507812],[128.242675781,41.554504395],[128.234313965,41.581298828],[128.231689453,41.596313477],[128.21807861300002,41.627319336],[128.19769287100002,41.651123047],[128.16070556600002,41.664306641],[128.12487793000003,41.682678223],[128.10369873000002,41.718322754],[128.092102051,41.748291016],[128.081481934,41.761474609],[128.07092285200002,41.784912109],[128.054077148,41.809082031],[128.05810546900003,41.843688965],[128.05847168000003,41.846923828],[128.054504395,41.886901855],[128.05511474600002,41.935302734],[128.03411865200002,41.968322754],[127.99267578100002,42.000305176],[128.030273437,42.000915527],[128.025512695,42.005310059],[128.011291504,42.005126953],[127.96069335900002,42.052490234],[127.9375,42.08807373],[127.90588378900001,42.119689941],[127.86529541000002,42.163330078],[127.85772705100001,42.203674316],[127.85107421900001,42.239074707],[127.80010986300002,42.254272461],[127.74511718700002,42.268127441],[127.77331543000001,42.297912598],[127.82049560500002,42.309509277],[127.84167480500001,42.342895508],[127.86871337900001,42.36529541],[127.90032959000001,42.385681152],[127.93212890600002,42.412475586],[127.96130371100001,42.449890137],[127.96807861300002,42.509277344],[127.94372558600001,42.54888916],[127.90887451200001,42.575683594],[127.87347412100002,42.596679687],[127.87207031200002,42.630126953],[127.83129882800002,42.652282715],[127.80627441400001,42.676696777],[127.78491210900002,42.703125],[127.79327392600001,42.730529785],[127.78070068400001,42.766906738],[127.730285645,42.803283691],[127.663879395,42.824523926],[127.64849853500002,42.795715332],[127.64410400400001,42.760314941],[127.60772705100001,42.742126465],[127.57147216800001,42.687683105],[127.52868652300002,42.644104004],[127.51251220700001,42.633117676],[127.45568847700001,42.623901367],[127.42230224600002,42.562683105],[127.40747070300002,42.558105469],[127.34948730500001,42.562072754],[127.30572509800001,42.587280273],[127.27893066400001,42.62689209],[127.18670654300001,42.602478027],[127.17407226600001,42.607299805],[127.17871093700002,42.626281738],[127.21472168000001,42.680725098],[127.21771240200002,42.693481445],[127.16967773400002,42.738891602],[127.15887451200001,42.769714355],[127.11987304700001,42.777893066],[127.04229736300002,42.777709961],[126.98052978500002,42.78527832],[126.92889404300001,42.798278809],[126.91552734400001,42.799926758],[126.86230468700002,42.78692627],[126.82391357400002,42.778503418],[126.78631591800001,42.77331543],[126.76190185500002,42.746887207],[126.74468994100002,42.693481445],[126.72149658200001,42.660705566],[126.69750976600001,42.634521484],[126.65368652300002,42.610900879],[126.62011718700002,42.591125488],[126.605285645,42.564086914],[126.60589599600002,42.52947998],[126.61608886700002,42.496276855],[126.58551025400001,42.47088623],[126.53228759800001,42.43927002],[126.50048828100002,42.410888672],[126.48889160200001,42.379699707],[126.50030517600001,42.33392334],[126.495910645,42.302307129],[126.48828125000001,42.275695801],[126.50610351600001,42.240722656],[126.54187011700002,42.215515137],[126.53692627,42.187316895],[126.48968505900001,42.179870605],[126.45831298800002,42.159912109],[126.44348144500002,42.134277344],[126.40588378900001,42.111694336],[126.37548828100002,42.093322754],[126.35791015600002,42.061096191],[126.31628418000001,42.04107666],[126.25708007800002,42.009521484],[126.21972656200002,41.990112305],[126.19287109400001,41.96887207],[126.16229248000002,41.945678711],[126.11071777300002,41.945495605],[126.09887695300002,41.918518066],[126.13012695300002,41.903320312],[126.15869140600002,41.880126953],[126.21527099600002,41.83972168],[126.27648925800001,41.801879883],[126.28350830100001,41.765075684],[126.26068115200002,41.739074707],[126.25469970700001,41.707885742],[126.27789306600002,41.664672852],[126.29650878900001,41.640930176],[126.33947753900001,41.653930664],[126.37408447300001,41.664306641],[126.39947509800001,41.633483887],[126.36950683600001,41.589294434],[126.35107421900001,41.562927246],[126.35290527300002,41.52911377],[126.38189697300001,41.494506836],[126.43951416000002,41.504089355],[126.48388671900001,41.509094238],[126.52789306600002,41.512695312]]]}}
