{"type":"Feature","id":"bulk-99377448B94122853533264","bbox":[108.93127441400001,19.184082031,109.75848388700001,19.918518066],"properties":{"id":"bulk-99377448B94122853533264","name":"Danzhou","nameEn":"Danzhou","fullName":"Danzhou","level":"city","boundaryRole":"administrative-extent","boundaryQuality":"generalized-source-2020","boundaryYearRepresented":"2020","bounds":[[108.93127441400001,19.184082031],[109.75848388700001,19.918518066]],"center":[109.34487915050002,19.5513000485],"centerMethod":"bounding-box midpoint; camera framing only","license":"CC-BY-3.0-IGO","attribution":"geoBoundaries / HDX, China administrative boundaries (2020)","source":{"provider":"geoBoundaries gbHumanitarian / HDX","url":"https://github.com/wmgeolab/geoBoundaries/raw/9469f09/releaseData/gbHumanitarian/CHN/ADM2/geoBoundaries-CHN-ADM2.geojson","metadataUrl":"https://www.geoboundaries.org/api/current/gbHumanitarian/CHN/ADM2/","shapeID":"99377448B94122853533264","shapeName":"Danzhou","boundaryID":"CHN-ADM2-99377448","commit":"9469f09"},"geometryCounts":{"coordinates":4204,"components":5,"holes":0},"boundaryNotice":"geoBoundaries / HDX 2020 年行政区数据，海岸和边界经过源数据概化，并非当前测绘成果。"},"geometry":{"type":"MultiPolygon","coordinates":[[[[108.95831298800002,19.487487793],[108.95831298800002,19.487670898],[108.95788574200002,19.487670898],[108.95788574200002,19.48828125],[108.95770263700001,19.48828125],[108.95770263700001,19.488891602],[108.95727539100001,19.488891602],[108.95727539100001,19.489318848],[108.95709228500002,19.489318848],[108.95709228500002,19.489685059],[108.95648193400001,19.489685059],[108.95648193400001,19.489929199],[108.95629882800002,19.489929199],[108.95629882800002,19.490112305],[108.95611572300001,19.490112305],[108.95611572300001,19.490478516],[108.95568847700001,19.490478516],[108.95568847700001,19.490722656],[108.95507812500001,19.490722656],[108.95507812500001,19.491088867],[108.95489502,19.491088867],[108.95489502,19.491271973],[108.95471191400001,19.491271973],[108.95471191400001,19.491516113],[108.95428466800001,19.491516113],[108.95428466800001,19.491882324],[108.95410156200002,19.491882324],[108.95410156200002,19.492126465],[108.95367431600002,19.492126465],[108.95367431600002,19.492492676],[108.95349121100001,19.492492676],[108.95349121100001,19.492919922],[108.95330810500002,19.492919922],[108.95330810500002,19.493286133],[108.95288085900002,19.493286133],[108.95288085900002,19.493530273],[108.95190429700001,19.493530273],[108.95190429700001,19.493896484],[108.95111084000001,19.493896484],[108.95111084000001,19.49407959],[108.94830322300001,19.49407959],[108.94830322300001,19.493896484],[108.94549560500002,19.493896484],[108.94409179700001,19.493896484],[108.94409179700001,19.49432373],[108.94427490200002,19.49432373],[108.94427490200002,19.494873047],[108.94348144500002,19.494873047],[108.94348144500002,19.494689941],[108.94329834000001,19.494689941],[108.94329834000001,19.49432373],[108.94287109400001,19.49432373],[108.94268798800002,19.49432373],[108.94268798800002,19.49407959],[108.94189453100002,19.49407959],[108.94189453100002,19.493896484],[108.93890380900001,19.493896484],[108.93890380900001,19.493530273],[108.93847656200002,19.493530273],[108.93847656200002,19.492919922],[108.93829345700001,19.492919922],[108.93829345700001,19.492492676],[108.93792724600002,19.492492676],[108.93792724600002,19.492126465],[108.93768310500002,19.492126465],[108.93768310500002,19.491516113],[108.9375,19.491516113],[108.9375,19.491271973],[108.93707275400001,19.491271973],[108.93707275400001,19.490722656],[108.93688964800002,19.490722656],[108.93688964800002,19.490112305],[108.93652343700002,19.490112305],[108.93652343700002,19.489929199],[108.93432617200001,19.489929199],[108.93432617200001,19.490112305],[108.93347168000001,19.490112305],[108.93347168000001,19.490478516],[108.93267822300001,19.490478516],[108.93267822300001,19.490722656],[108.93188476600001,19.490722656],[108.93188476600001,19.491088867],[108.93127441400001,19.491088867],[108.93151855500001,19.489318848],[108.93951416000002,19.483520508],[108.94287109400001,19.490722656],[108.94488525400001,19.492919922],[108.95111084000001,19.490478516],[108.95349121100001,19.489501953],[108.95831298800002,19.487487793]]],[[[109.67791748000002,19.184082031],[109.68487548800002,19.194702148],[109.6875,19.198303223],[109.68927002,19.201477051],[109.69390869100002,19.20892334],[109.69812011700002,19.213928223],[109.70031738300001,19.218505859],[109.70227050800001,19.224304199],[109.703125,19.230529785],[109.70269775400001,19.236083984],[109.70288085900002,19.245483398],[109.69927978500002,19.256286621],[109.69787597700001,19.265075684],[109.69592285200001,19.273681641],[109.69531250000001,19.281921387],[109.69671630900001,19.287902832],[109.69927978500002,19.294677734],[109.70190429700001,19.301330566],[109.70507812500001,19.310302734],[109.70611572300001,19.322509766],[109.70489502,19.332519531],[109.70007324200002,19.342102051],[109.69708252,19.344909668],[109.69232177700002,19.347473145],[109.68548584000001,19.348083496],[109.68212890600002,19.347900391],[109.67828369100002,19.347473145],[109.67327880900001,19.347900391],[109.66589355500001,19.352722168],[109.65850830100001,19.355712891],[109.65069580100001,19.353881836],[109.64447021500001,19.354125977],[109.64190673800002,19.359130859],[109.64251709000001,19.363098145],[109.64312744100002,19.364929199],[109.64532470700001,19.372314453],[109.64447021500001,19.38269043],[109.64093017600001,19.391479492],[109.64068603500002,19.400085449],[109.64611816400001,19.40612793],[109.65368652300002,19.409118652],[109.65789794900002,19.408081055],[109.663879395,19.408081055],[109.67370605500001,19.413085937],[109.68048095700001,19.416320801],[109.68829345700001,19.417724609],[109.69470214800002,19.415527344],[109.69927978500002,19.412719727],[109.70611572300001,19.407470703],[109.71032714800002,19.404296875],[109.71588134800001,19.40411377],[109.72088623000002,19.409729004],[109.72570800800001,19.414123535],[109.72930908200001,19.414672852],[109.73571777300002,19.41192627],[109.73571777300002,19.415100098],[109.73791503900001,19.417480469],[109.73571777300002,19.423278809],[109.738098145,19.422485352],[109.74468994100002,19.421875],[109.74969482400002,19.426879883],[109.75109863300001,19.429870605],[109.74890136700002,19.438293457],[109.74468994100002,19.44128418],[109.73889160200001,19.444274902],[109.73608398400002,19.448303223],[109.73590087900001,19.452880859],[109.73748779300001,19.458496094],[109.74090576200001,19.467285156],[109.73950195300002,19.475097656],[109.73327636700002,19.47869873],[109.72912597700001,19.479309082],[109.72631835900002,19.479919434],[109.72210693400001,19.486083984],[109.72131347700001,19.487915039],[109.72167968700002,19.496520996],[109.72369384800001,19.504272461],[109.72851562500001,19.507873535],[109.73571777300002,19.50970459],[109.74047851600001,19.51550293],[109.74432373000002,19.521484375],[109.74908447300001,19.526306152],[109.75030517600001,19.536682129],[109.75128173800002,19.539306641],[109.75427246100001,19.545715332],[109.75811767600001,19.549682617],[109.75848388700001,19.556884766],[109.75671386700002,19.562683105],[109.75592041000002,19.565307617],[109.75512695300002,19.572692871],[109.75067138700001,19.572509766],[109.74829101600001,19.572692871],[109.74432373000002,19.572875977],[109.74090576200001,19.574279785],[109.73608398400002,19.577514648],[109.72888183600001,19.580322266],[109.72387695300002,19.582702637],[109.72192382800002,19.583679199],[109.71588134800001,19.583129883],[109.71051025400001,19.580322266],[109.70611572300001,19.577697754],[109.70129394500002,19.577514648],[109.69610595700001,19.578918457],[109.68847656200002,19.582275391],[109.68408203100002,19.585876465],[109.68151855500001,19.58807373],[109.67248535200001,19.596679687],[109.66711425800001,19.600280762],[109.66247558600001,19.604919434],[109.65710449200002,19.609313965],[109.65148925800001,19.616516113],[109.64410400400001,19.625488281],[109.63867187500001,19.63092041],[109.63110351600001,19.635314941],[109.63189697300001,19.631530762],[109.62927246100001,19.632324219],[109.62408447300001,19.632507324],[109.62011718700002,19.632080078],[109.61328125000001,19.63269043],[109.60791015600002,19.633483887],[109.60131835900002,19.636901855],[109.59869384800001,19.63848877],[109.59350585900002,19.640930176],[109.58911132800002,19.643676758],[109.58489990200002,19.645874023],[109.58288574200002,19.64831543],[109.58392334000001,19.651489258],[109.58508300800001,19.653930664],[109.58129882800002,19.676086426],[109.57910156200002,19.683105469],[109.57788085900002,19.690673828],[109.57708740200002,19.701293945],[109.57629394500002,19.714111328],[109.57727050800001,19.717285156],[109.57867431600002,19.719909668],[109.58190918000001,19.720275879],[109.58673095700001,19.719726562],[109.58868408200001,19.721679687],[109.58947753900001,19.730285645],[109.59051513700001,19.737121582],[109.59350585900002,19.743103027],[109.59552002,19.748474121],[109.59588623000002,19.756896973],[109.59191894500002,19.767089844],[109.58691406200002,19.770080566],[109.58087158200001,19.771118164],[109.57611084000001,19.771728516],[109.57208252,19.775512695],[109.56927490200002,19.781311035],[109.56768798800002,19.788696289],[109.56610107400002,19.795898437],[109.56530761700002,19.800109863],[109.56488037100002,19.806091309],[109.56549072300001,19.813903809],[109.56610107400002,19.817321777],[109.56628418000001,19.828308105],[109.56591796900001,19.834289551],[109.56469726600001,19.83770752],[109.56268310500002,19.851928711],[109.56707763700001,19.850891113],[109.56848144500002,19.856506348],[109.56451416000002,19.855285645],[109.56427002,19.855712891],[109.56427002,19.855529785],[109.56347656200002,19.855529785],[109.56347656200002,19.856323242],[109.56329345700001,19.856323242],[109.56329345700001,19.856872559],[109.5625,19.856872559],[109.5625,19.856506348],[109.56207275400001,19.856506348],[109.56207275400001,19.856872559],[109.56152343700002,19.856872559],[109.56152343700002,19.857116699],[109.56127929700001,19.857116699],[109.56127929700001,19.85748291],[109.56109619100002,19.85748291],[109.56109619100002,19.857727051],[109.56048584000001,19.857727051],[109.56048584000001,19.857910156],[109.56011962900001,19.857910156],[109.56011962900001,19.858276367],[109.55987548800002,19.858276367],[109.55987548800002,19.858520508],[109.55932617200001,19.858520508],[109.55932617200001,19.858886719],[109.55908203100002,19.858886719],[109.55908203100002,19.859130859],[109.55889892600001,19.859130859],[109.55889892600001,19.859313965],[109.55609130900001,19.859313965],[109.55609130900001,19.858886719],[109.55572509800001,19.858886719],[109.55572509800001,19.858276367],[109.55548095700001,19.858276367],[109.55548095700001,19.857910156],[109.55432128900001,19.857910156],[109.55432128900001,19.857727051],[109.55212402300002,19.857727051],[109.55090332000002,19.856872559],[109.54510498000002,19.847290039],[109.53668212900001,19.839904785],[109.53369140600002,19.840515137],[109.52972412100002,19.846313477],[109.53332519500002,19.851928711],[109.53448486300002,19.85748291],[109.53289794900002,19.866699219],[109.53289794900002,19.863891602],[109.53271484400001,19.863891602],[109.53271484400001,19.862915039],[109.53228759800001,19.862915039],[109.53228759800001,19.861877441],[109.53210449200002,19.861877441],[109.53210449200002,19.861083984],[109.53192138700001,19.861083984],[109.53192138700001,19.860290527],[109.53149414100001,19.860290527],[109.53149414100001,19.859680176],[109.53131103500002,19.859680176],[109.53131103500002,19.858886719],[109.53112793000001,19.858886719],[109.53112793000001,19.858276367],[109.53070068400001,19.858276367],[109.53070068400001,19.857910156],[109.53070068400001,19.857727051],[109.53051757800002,19.857727051],[109.53051757800002,19.857116699],[109.53027343700002,19.857116699],[109.53027343700002,19.856506348],[109.52990722700001,19.856506348],[109.52990722700001,19.856079102],[109.52972412100002,19.856079102],[109.52972412100002,19.855712891],[109.52929687500001,19.855712891],[109.52929687500001,19.855285645],[109.52911377,19.855285645],[109.52911377,19.854675293],[109.52868652300002,19.854675293],[109.52868652300002,19.854125977],[109.52850341800001,19.854125977],[109.52850341800001,19.853881836],[109.52832031200002,19.853881836],[109.52832031200002,19.853515625],[109.52789306600002,19.853515625],[109.52789306600002,19.853271484],[109.52770996100001,19.853271484],[109.52770996100001,19.852905273],[109.52728271500001,19.852905273],[109.52728271500001,19.852722168],[109.52709960900002,19.852722168],[109.52709960900002,19.852478027],[109.52691650400001,19.852478027],[109.52691650400001,19.852111816],[109.52648925800001,19.852111816],[109.52648925800001,19.851928711],[109.52612304700001,19.851928711],[109.52612304700001,19.851501465],[109.52569580100001,19.851501465],[109.52569580100001,19.851318359],[109.52508544900002,19.851318359],[109.52508544900002,19.851074219],[109.52490234400001,19.851074219],[109.52490234400001,19.850708008],[109.52471923800002,19.850708008],[109.52471923800002,19.850524902],[109.52410888700001,19.850524902],[109.52410888700001,19.850280762],[109.52368164100001,19.850280762],[109.52368164100001,19.849914551],[109.52349853500002,19.849914551],[109.52349853500002,19.84967041],[109.52288818400001,19.84967041],[109.52288818400001,19.849304199],[109.52270507800002,19.849304199],[109.52270507800002,19.849121094],[109.52209472700001,19.849121094],[109.52209472700001,19.848876953],[109.52191162100002,19.848876953],[109.52191162100002,19.848510742],[109.52209472700001,19.848510742],[109.52209472700001,19.848327637],[109.52148437500001,19.848327637],[109.52148437500001,19.847900391],[109.52130127,19.848083496],[109.52130127,19.847717285],[109.52111816400001,19.847717285],[109.52111816400001,19.847473145],[109.52008056600002,19.847473145],[109.52008056600002,19.847106934],[109.51928710900002,19.847106934],[109.51928710900002,19.846923828],[109.51910400400001,19.846923828],[109.51910400400001,19.846679687],[109.51867675800001,19.846679687],[109.51867675800001,19.846313477],[109.51788330100001,19.846313477],[109.51788330100001,19.84588623],[109.51770019500002,19.84588623],[109.51770019500002,19.845703125],[109.51708984400001,19.845703125],[109.51708984400001,19.84552002],[109.51690673800002,19.84552002],[109.51690673800002,19.845275879],[109.51611328100002,19.845275879],[109.51611328100002,19.844909668],[109.51428222700001,19.844909668],[109.51428222700001,19.844726562],[109.51348877,19.844726562],[109.51348877,19.844299316],[109.51287841800001,19.844299316],[109.51287841800001,19.844116211],[109.51232910200001,19.844116211],[109.51232910200001,19.843688965],[109.51190185500002,19.843688965],[109.51190185500002,19.843505859],[109.50970459000001,19.843505859],[109.50970459000001,19.843688965],[109.50927734400001,19.843688965],[109.50927734400001,19.843505859],[109.50909423800002,19.843505859],[109.50872802700002,19.843505859],[109.50872802700002,19.843322754],[109.50750732400002,19.843322754],[109.50750732400002,19.842895508],[109.50628662100002,19.842895508],[109.50628662100002,19.842712402],[109.50488281200002,19.842712402],[109.50488281200002,19.842285156],[109.50469970700001,19.842285156],[109.50469970700001,19.842102051],[109.50207519500002,19.842102051],[109.50207519500002,19.841918945],[109.49969482400002,19.841918945],[109.49969482400002,19.841674805],[109.49932861300002,19.841674805],[109.49932861300002,19.841308594],[109.49969482400002,19.841308594],[109.49969482400002,19.840881348],[109.50048828100002,19.840881348],[109.50048828100002,19.839904785],[109.50012207000002,19.839904785],[109.50012207000002,19.83972168],[109.49871826200001,19.83972168],[109.49871826200001,19.839904785],[109.49829101600001,19.839904785],[109.49829101600001,19.83972168],[109.49792480500001,19.83972168],[109.49792480500001,19.839294434],[109.49749755900001,19.839294434],[109.49749755900001,19.839111328],[109.49688720700001,19.839111328],[109.49688720700001,19.840087891],[109.49707031200002,19.840087891],[109.49707031200002,19.840698242],[109.49749755900001,19.840698242],[109.49749755900001,19.840881348],[109.49707031200002,19.840881348],[109.49707031200002,19.841308594],[109.49688720700001,19.841308594],[109.49688720700001,19.841674805],[109.49572753900001,19.841674805],[109.49572753900001,19.841308594],[109.49468994100002,19.841308594],[109.49468994100002,19.841674805],[109.49291992200001,19.841674805],[109.49291992200001,19.841308594],[109.49127197300001,19.841308594],[109.49127197300001,19.840881348],[109.48852539100001,19.840881348],[109.48852539100001,19.840698242],[109.48712158200001,19.840698242],[109.48712158200001,19.840515137],[109.48669433600001,19.840515137],[109.48608398400002,19.840515137],[109.48608398400002,19.840087891],[109.48547363300001,19.840087891],[109.48547363300001,19.840515137],[109.48468017600001,19.840515137],[109.48468017600001,19.840087891],[109.48431396500001,19.840087891],[109.48431396500001,19.839904785],[109.48413085900002,19.839904785],[109.48413085900002,19.83972168],[109.48291015600002,19.83972168],[109.47967529300001,19.837280273],[109.47967529300001,19.836914062],[109.47930908200001,19.836914062],[109.47930908200001,19.836303711],[109.47912597700001,19.836303711],[109.47912597700001,19.835693359],[109.47888183600001,19.835693359],[109.47888183600001,19.835510254],[109.47851562500001,19.835510254],[109.47851562500001,19.834899902],[109.47827148400002,19.834899902],[109.47827148400002,19.834289551],[109.47790527300002,19.834289551],[109.47790527300002,19.833312988],[109.47827148400002,19.833312988],[109.47827148400002,19.832885742],[109.47851562500001,19.832885742],[109.47851562500001,19.832702637],[109.47912597700001,19.832702637],[109.47912597700001,19.832885742],[109.47967529300001,19.832885742],[109.47967529300001,19.832702637],[109.48010253900001,19.832702637],[109.480285645,19.832702637],[109.480285645,19.832275391],[109.48052978500002,19.832275391],[109.48052978500002,19.83190918],[109.480285645,19.83190918],[109.480285645,19.831298828],[109.47967529300001,19.831298828],[109.47967529300001,19.831115723],[109.47930908200001,19.831115723],[109.47930908200001,19.830688477],[109.47912597700001,19.830688477],[109.47912597700001,19.830505371],[109.47888183600001,19.830505371],[109.47888183600001,19.830078125],[109.47851562500001,19.830078125],[109.47851562500001,19.82989502],[109.47827148400002,19.82989502],[109.47827148400002,19.829284668],[109.47790527300002,19.829284668],[109.47790527300002,19.828674316],[109.47772216800001,19.828674316],[109.47772216800001,19.828491211],[109.47631835900002,19.828491211],[109.47631835900002,19.827697754],[109.47607421900001,19.827697754],[109.47607421900001,19.826904297],[109.47552490200002,19.826904297],[109.47552490200002,19.826293945],[109.47528076200001,19.826293945],[109.47528076200001,19.82611084],[109.47491455100001,19.82611084],[109.47491455100001,19.825683594],[109.47467041000002,19.825683594],[109.47467041000002,19.825500488],[109.47290039100001,19.825500488],[109.47290039100001,19.826293945],[109.47271728500002,19.826293945],[109.47271728500002,19.826904297],[109.47210693400001,19.826904297],[109.47210693400001,19.827087402],[109.47192382800002,19.827087402],[109.47192382800002,19.828125],[109.47167968700002,19.828125],[109.47167968700002,19.828308105],[109.47149658200001,19.828491211],[109.47070312500001,19.828491211],[109.47070312500001,19.829284668],[109.47088623000002,19.829284668],[109.47088623000002,19.82989502],[109.47027587900001,19.831726074],[109.46948242200001,19.83392334],[109.47351074200002,19.841308594],[109.47290039100001,19.841308594],[109.47290039100001,19.841918945],[109.47271728500002,19.841918945],[109.47271728500002,19.842102051],[109.472473145,19.842102051],[109.472473145,19.842895508],[109.47271728500002,19.842895508],[109.47271728500002,19.843688965],[109.47290039100001,19.843688965],[109.47290039100001,19.844909668],[109.47332763700001,19.844909668],[109.47332763700001,19.845275879],[109.47351074200002,19.845275879],[109.47351074200002,19.84552002],[109.47332763700001,19.84552002],[109.47332763700001,19.846313477],[109.47290039100001,19.846313477],[109.47290039100001,19.846679687],[109.47271728500002,19.846679687],[109.47271728500002,19.846923828],[109.472473145,19.846923828],[109.472473145,19.848327637],[109.47210693400001,19.848327637],[109.47210693400001,19.848510742],[109.47192382800002,19.848510742],[109.47192382800002,19.851074219],[109.47210693400001,19.851074219],[109.47210693400001,19.851318359],[109.47052002,19.851318359],[109.47052002,19.851928711],[109.46911621100001,19.851928711],[109.46911621100001,19.851501465],[109.46868896500001,19.851501465],[109.46868896500001,19.851318359],[109.46850585900002,19.851318359],[109.46850585900002,19.850708008],[109.46832275400001,19.850708008],[109.46832275400001,19.850524902],[109.46771240200002,19.850524902],[109.46771240200002,19.851501465],[109.46710205100001,19.851501465],[109.46710205100001,19.851928711],[109.46667480500001,19.851928711],[109.46667480500001,19.851501465],[109.46551513700001,19.851501465],[109.46551513700001,19.851928711],[109.46569824200002,19.851928711],[109.46569824200002,19.852111816],[109.46588134800001,19.852111816],[109.46588134800001,19.852478027],[109.46667480500001,19.852478027],[109.46667480500001,19.852905273],[109.46710205100001,19.852905273],[109.46710205100001,19.853271484],[109.46771240200002,19.853271484],[109.46771240200002,19.853515625],[109.46789550800001,19.853515625],[109.46789550800001,19.854309082],[109.46771240200002,19.854309082],[109.46771240200002,19.854919434],[109.46728515600002,19.854919434],[109.46728515600002,19.855285645],[109.46710205100001,19.855285645],[109.46710205100001,19.855712891],[109.46728515600002,19.855712891],[109.46728515600002,19.856079102],[109.46789550800001,19.856079102],[109.46789550800001,19.856323242],[109.46911621100001,19.856323242],[109.46911621100001,19.856872559],[109.46929931600002,19.856872559],[109.46929931600002,19.85748291],[109.46948242200001,19.85748291],[109.46691894500002,19.861877441],[109.46691894500002,19.86151123],[109.46630859400001,19.86151123],[109.46630859400001,19.862121582],[109.46667480500001,19.862121582],[109.46667480500001,19.862487793],[109.46252441400001,19.870117187],[109.45989990200002,19.872497559],[109.45989990200002,19.872070312],[109.45971679700001,19.872070312],[109.45971679700001,19.871887207],[109.45928955100001,19.871887207],[109.45928955100001,19.871276855],[109.45910644500002,19.871276855],[109.45910644500002,19.87109375],[109.45867919900002,19.87109375],[109.45867919900002,19.870727539],[109.45727539100001,19.870727539],[109.45727539100001,19.870483398],[109.45690918000001,19.870483398],[109.45690918000001,19.869873047],[109.45629882800002,19.869873047],[109.45489502,19.869873047],[109.45489502,19.870117187],[109.45410156200002,19.870117187],[109.45367431600002,19.870117187],[109.45111084000001,19.864318848],[109.44689941400001,19.862915039],[109.44531250000001,19.874084473],[109.44427490200002,19.87487793],[109.44372558600001,19.87487793],[109.44372558600001,19.87512207],[109.44207763700001,19.87512207],[109.44207763700001,19.87487793],[109.44189453100002,19.87487793],[109.44189453100002,19.874694824],[109.44152832000002,19.874694824],[109.44152832000002,19.874328613],[109.44049072300001,19.874328613],[109.44049072300001,19.874084473],[109.44012451200001,19.874084473],[109.44012451200001,19.871520996],[109.43988037100002,19.871520996],[109.43988037100002,19.871276855],[109.43969726600001,19.871276855],[109.43969726600001,19.87109375],[109.43927002,19.87109375],[109.43927002,19.870727539],[109.43890380900001,19.870727539],[109.43890380900001,19.870483398],[109.43847656200002,19.870483398],[109.43847656200002,19.870117187],[109.43829345700001,19.870117187],[109.43829345700001,19.869689941],[109.4375,19.869689941],[109.4375,19.869873047],[109.43707275400001,19.869873047],[109.43707275400001,19.870117187],[109.43627929700001,19.870117187],[109.43627929700001,19.869689941],[109.43609619100002,19.869689941],[109.43609619100002,19.868896484],[109.43572998000002,19.868896484],[109.43572998000002,19.867919922],[109.43609619100002,19.867919922],[109.43609619100002,19.867675781],[109.43688964800002,19.867675781],[109.43688964800002,19.867919922],[109.4375,19.867919922],[109.4375,19.868286133],[109.43792724600002,19.868286133],[109.43792724600002,19.867919922],[109.43829345700001,19.867919922],[109.43829345700001,19.867675781],[109.43847656200002,19.867675781],[109.43847656200002,19.867126465],[109.43829345700001,19.867126465],[109.43829345700001,19.866271973],[109.43792724600002,19.866271973],[109.43792724600002,19.865722656],[109.4375,19.865722656],[109.4375,19.865478516],[109.43707275400001,19.865478516],[109.43707275400001,19.865112305],[109.43688964800002,19.865112305],[109.43688964800002,19.864929199],[109.43652343700002,19.864929199],[109.43652343700002,19.864318848],[109.43627929700001,19.864318848],[109.43627929700001,19.863891602],[109.43609619100002,19.863891602],[109.43609619100002,19.863525391],[109.43572998000002,19.863525391],[109.43572998000002,19.862915039],[109.43548584000001,19.862915039],[109.43548584000001,19.862670898],[109.43511962900001,19.862670898],[109.43511962900001,19.862487793],[109.43469238300001,19.862487793],[109.43469238300001,19.862121582],[109.43389892600001,19.862121582],[109.43389892600001,19.861877441],[109.43328857400002,19.861877441],[109.43328857400002,19.861328125],[109.43292236300002,19.861328125],[109.43292236300002,19.860717773],[109.43267822300001,19.860717773],[109.43267822300001,19.860473633],[109.43249511700002,19.860473633],[109.43249511700002,19.860290527],[109.43188476600001,19.860290527],[109.43188476600001,19.859924316],[109.43151855500001,19.859924316],[109.43151855500001,19.859130859],[109.43011474600002,19.859130859],[109.43011474600002,19.858886719],[109.42968750000001,19.858886719],[109.42968750000001,19.858520508],[109.42932128900001,19.858520508],[109.42932128900001,19.858276367],[109.42889404300001,19.858276367],[109.42889404300001,19.857910156],[109.42712402300002,19.857910156],[109.42712402300002,19.857727051],[109.42651367200001,19.857727051],[109.42651367200001,19.85748291],[109.42608642600001,19.85748291],[109.42608642600001,19.857116699],[109.42572021500001,19.857116699],[109.42572021500001,19.856872559],[109.42431640600002,19.856872559],[109.42431640600002,19.856506348],[109.42388916000002,19.856506348],[109.42388916000002,19.856872559],[109.42291259800001,19.856872559],[109.42291259800001,19.858520508],[109.42327880900001,19.858520508],[109.42327880900001,19.859130859],[109.42352294900002,19.859130859],[109.42352294900002,19.859313965],[109.42388916000002,19.859313965],[109.42388916000002,19.859680176],[109.42352294900002,19.859680176],[109.42352294900002,19.859924316],[109.42291259800001,19.859924316],[109.42291259800001,19.860290527],[109.42150878900001,19.860290527],[109.42150878900001,19.860473633],[109.42071533200001,19.860473633],[109.42071533200001,19.860717773],[109.42047119100002,19.860717773],[109.42010498000002,19.860717773],[109.41912841800001,19.860473633],[109.41851806600002,19.860473633],[109.41851806600002,19.860290527],[109.41827392600001,19.860290527],[109.41827392600001,19.858886719],[109.41888427700002,19.858886719],[109.41888427700002,19.858520508],[109.41931152300002,19.858520508],[109.41931152300002,19.857727051],[109.41912841800001,19.857727051],[109.41912841800001,19.85748291],[109.41827392600001,19.85748291],[109.41827392600001,19.857116699],[109.41790771500001,19.857116699],[109.41790771500001,19.856872559],[109.41748046900001,19.856872559],[109.41748046900001,19.856506348],[109.41687011700002,19.856506348],[109.41687011700002,19.856872559],[109.41650390600002,19.856872559],[109.41650390600002,19.859313965],[109.41632080100001,19.859313965],[109.41632080100001,19.859680176],[109.41571044900002,19.859680176],[109.41571044900002,19.859924316],[109.41552734400001,19.859924316],[109.41552734400001,19.860107422],[109.41528320300002,19.860290527],[109.41430664100001,19.860717773],[109.41149902300002,19.860717773],[109.41149902300002,19.860473633],[109.41131591800001,19.860473633],[109.41131591800001,19.860107422],[109.41131591800001,19.859924316],[109.41052246100001,19.859924316],[109.41052246100001,19.860107422],[109.41052246100001,19.860290527],[109.41027832000002,19.860290527],[109.41027832000002,19.860473633],[109.41052246100001,19.860473633],[109.41052246100001,19.860717773],[109.41070556600002,19.860717773],[109.41070556600002,19.861328125],[109.41131591800001,19.861328125],[109.41131591800001,19.861877441],[109.41149902300002,19.861877441],[109.41149902300002,19.862121582],[109.41131591800001,19.862304687],[109.41052246100001,19.862915039],[109.40692138700001,19.862915039],[109.40692138700001,19.86328125],[109.40612793000001,19.86328125],[109.40612793000001,19.864074707],[109.40570068400001,19.864074707],[109.40570068400001,19.866088867],[109.40490722700001,19.866088867],[109.40490722700001,19.866271973],[109.40472412100002,19.866271973],[109.40472412100002,19.867126465],[109.40429687500001,19.867126465],[109.40429687500001,19.867492676],[109.40411377,19.867492676],[109.40411377,19.867919922],[109.40368652300002,19.867919922],[109.40368652300002,19.868896484],[109.40350341800001,19.868896484],[109.40350341800001,19.86907959],[109.40332031200002,19.86907959],[109.40332031200002,19.86932373],[109.40289306600002,19.86932373],[109.40289306600002,19.870300293],[109.40087890600002,19.872070312],[109.39971923800002,19.872070312],[109.39971923800002,19.872497559],[109.39929199200002,19.872497559],[109.39929199200002,19.872680664],[109.39910888700001,19.872680664],[109.39910888700001,19.873291016],[109.39868164100001,19.873291016],[109.39868164100001,19.874084473],[109.39849853500002,19.874084473],[109.39849853500002,19.874511719],[109.39831543000001,19.874694824],[109.39752197300001,19.875488281],[109.39727783200001,19.875488281],[109.39727783200001,19.87512207],[109.39709472700001,19.87512207],[109.39709472700001,19.87487793],[109.39630127,19.87487793],[109.39630127,19.87512207],[109.39569091800001,19.87512207],[109.39569091800001,19.875671387],[109.39550781200002,19.875671387],[109.39550781200002,19.876281738],[109.39569091800001,19.876281738],[109.39569091800001,19.876525879],[109.39550781200002,19.876525879],[109.39550781200002,19.877075195],[109.39349365200002,19.877075195],[109.39349365200002,19.87689209],[109.39331054700001,19.87689209],[109.39331054700001,19.877075195],[109.39312744100002,19.877075195],[109.39288330100001,19.877075195],[109.39288330100001,19.87689209],[109.39270019500002,19.87689209],[109.39270019500002,19.877075195],[109.39251709000001,19.877075195],[109.39251709000001,19.877502441],[109.39190673800002,19.877502441],[109.39190673800002,19.877929687],[109.39147949200002,19.877929687],[109.39147949200002,19.878479004],[109.39129638700001,19.878479004],[109.39129638700001,19.878723145],[109.39111328100002,19.878723145],[109.39111328100002,19.879272461],[109.39068603500002,19.879272461],[109.39068603500002,19.879699707],[109.39050293000001,19.879699707],[109.39050293000001,19.88067627],[109.39068603500002,19.88067627],[109.39068603500002,19.881103516],[109.39111328100002,19.881103516],[109.39111328100002,19.881713867],[109.38970947300001,19.882873535],[109.38891601600001,19.88470459],[109.38848877,19.88470459],[109.38848877,19.884887695],[109.38830566400001,19.884887695],[109.38830566400001,19.885070801],[109.38787841800001,19.885070801],[109.38787841800001,19.886291504],[109.38769531200002,19.886291504],[109.38769531200002,19.886474609],[109.38629150400001,19.886474609],[109.38629150400001,19.886901855],[109.38568115200002,19.886901855],[109.38568115200002,19.887084961],[109.38507080100001,19.887084961],[109.38507080100001,19.887512207],[109.38549804700001,19.887512207],[109.38549804700001,19.888671875],[109.38488769500002,19.888671875],[109.38488769500002,19.889099121],[109.38470459000001,19.889099121],[109.38470459000001,19.889282227],[109.38409423800002,19.889282227],[109.38409423800002,19.889709473],[109.38372802700002,19.889709473],[109.38372802700002,19.889892578],[109.38330078100002,19.889892578],[109.38330078100002,19.890075684],[109.38208007800002,19.890075684],[109.38208007800002,19.889892578],[109.38189697300001,19.889892578],[109.38592529300001,19.88269043],[109.38531494100002,19.88067627],[109.38128662100002,19.881286621],[109.37707519500002,19.885070801],[109.37451171900001,19.891479492],[109.37329101600001,19.892272949],[109.37329101600001,19.892089844],[109.37268066400001,19.892089844],[109.37268066400001,19.891906738],[109.37207031200002,19.891906738],[109.37207031200002,19.891479492],[109.36889648400002,19.891479492],[109.36889648400002,19.891906738],[109.36853027300002,19.891906738],[109.36853027300002,19.892089844],[109.36791992200001,19.892089844],[109.36791992200001,19.891906738],[109.36749267600001,19.891906738],[109.36749267600001,19.890686035],[109.36712646500001,19.890686035],[109.36712646500001,19.890075684],[109.36688232400002,19.890075684],[109.36688232400002,19.889892578],[109.36608886700002,19.889892578],[109.36608886700002,19.889709473],[109.36529541000002,19.889709473],[109.36389160200001,19.889709473],[109.36389160200001,19.889282227],[109.36267089800002,19.889282227],[109.36267089800002,19.889709473],[109.36151123000002,19.889709473],[109.36151123000002,19.889282227],[109.36108398400002,19.889282227],[109.36108398400002,19.889099121],[109.36010742200001,19.889099121],[109.36010742200001,19.888671875],[109.35992431600002,19.888671875],[109.35992431600002,19.88848877],[109.35931396500001,19.88848877],[109.35931396500001,19.888305664],[109.35852050800001,19.888305664],[109.35852050800001,19.88848877],[109.35827636700002,19.88848877],[109.35827636700002,19.889282227],[109.35791015600002,19.889282227],[109.35791015600002,19.889709473],[109.35772705100001,19.889709473],[109.35772705100001,19.889892578],[109.35791015600002,19.889892578],[109.35791015600002,19.890075684],[109.35827636700002,19.890075684],[109.35827636700002,19.89050293],[109.35852050800001,19.89050293],[109.35852050800001,19.890686035],[109.35888671900001,19.890686035],[109.35888671900001,19.890930176],[109.35870361300002,19.890930176],[109.35913085900002,19.893493652],[109.35888671900001,19.893493652],[109.35888671900001,19.893310547],[109.35791015600002,19.893310547],[109.35791015600002,19.892883301],[109.35772705100001,19.892883301],[109.35772705100001,19.892700195],[109.35711669900002,19.892700195],[109.35711669900002,19.892272949],[109.35687255900001,19.892272949],[109.35687255900001,19.892089844],[109.35650634800001,19.892089844],[109.35650634800001,19.891906738],[109.35491943400001,19.891906738],[109.35491943400001,19.891479492],[109.35467529300001,19.891479492],[109.35467529300001,19.891113281],[109.35412597700001,19.891113281],[109.35412597700001,19.890686035],[109.35351562500001,19.890686035],[109.35351562500001,19.89050293],[109.35327148400002,19.89050293],[109.35327148400002,19.890075684],[109.35290527300002,19.890075684],[109.35290527300002,19.889892578],[109.35272216800001,19.889892578],[109.35272216800001,19.889709473],[109.35211181600002,19.889709473],[109.35211181600002,19.889282227],[109.35150146500001,19.889282227],[109.35150146500001,19.889526367],[109.35131835900002,19.889282227],[109.35052490200002,19.888916016],[109.35192871100001,19.888671875],[109.35192871100001,19.88848877],[109.35211181600002,19.88848877],[109.35211181600002,19.887878418],[109.35247802700002,19.887878418],[109.35247802700002,19.886291504],[109.35211181600002,19.886291504],[109.35211181600002,19.886108398],[109.35150146500001,19.886108398],[109.35150146500001,19.885681152],[109.35070800800001,19.885681152],[109.35070800800001,19.886108398],[109.35052490200002,19.886108398],[109.35052490200002,19.886291504],[109.35028076200001,19.886291504],[109.35028076200001,19.886474609],[109.34991455100001,19.886474609],[109.34991455100001,19.888305664],[109.34948730500001,19.888305664],[109.34930419900002,19.888122559],[109.34930419900002,19.887878418],[109.34887695300002,19.887878418],[109.34887695300002,19.887695312],[109.34851074200002,19.887695312],[109.34851074200002,19.887512207],[109.34832763700001,19.887512207],[109.34832763700001,19.887084961],[109.347473145,19.887084961],[109.347473145,19.887512207],[109.34710693400001,19.887512207],[109.34710693400001,19.887695312],[109.34692382800002,19.887695312],[109.34167480500001,19.886901855],[109.34167480500001,19.885681152],[109.34130859400001,19.885681152],[109.34130859400001,19.885498047],[109.34088134800001,19.885498047],[109.34088134800001,19.885070801],[109.34051513700001,19.885070801],[109.34051513700001,19.884887695],[109.34008789100001,19.884887695],[109.34008789100001,19.885070801],[109.33972168000001,19.885070801],[109.33972168000001,19.884887695],[109.33911132800002,19.884887695],[109.33911132800002,19.88470459],[109.33868408200001,19.88470459],[109.33868408200001,19.883483887],[109.33850097700001,19.883483887],[109.33850097700001,19.883300781],[109.33831787100002,19.883300781],[109.33831787100002,19.882873535],[109.33691406200002,19.882873535],[109.33691406200002,19.883300781],[109.33630371100001,19.883300781],[109.33630371100001,19.883483887],[109.33612060500002,19.883483887],[109.33612060500002,19.883728027],[109.33551025400001,19.883728027],[109.33551025400001,19.884094238],[109.33489990200002,19.884094238],[109.33489990200002,19.884277344],[109.33428955100001,19.884277344],[109.33428955100001,19.883728027],[109.33410644500002,19.883728027],[109.33410644500002,19.883483887],[109.33367919900002,19.883483887],[109.33367919900002,19.883300781],[109.33331298800002,19.883300781],[109.33331298800002,19.882873535],[109.33129882800002,19.882873535],[109.33129882800002,19.88269043],[109.33111572300001,19.88269043],[109.33111572300001,19.881896973],[109.33068847700001,19.881896973],[109.33068847700001,19.881530762],[109.33007812500001,19.881530762],[109.33007812500001,19.882507324],[109.33050537100002,19.882507324],[109.33050537100002,19.88269043],[109.33068847700001,19.88269043],[109.33068847700001,19.882873535],[109.33111572300001,19.882873535],[109.33111572300001,19.883483887],[109.33111572300001,19.884277344],[109.33050537100002,19.884277344],[109.33050537100002,19.88470459],[109.33007812500001,19.88470459],[109.33007812500001,19.884277344],[109.32910156200002,19.884277344],[109.32910156200002,19.88470459],[109.32849121100001,19.88470459],[109.32849121100001,19.884887695],[109.32830810500002,19.884887695],[109.32830810500002,19.885070801],[109.32769775400001,19.885070801],[109.32769775400001,19.885498047],[109.32751464800002,19.885498047],[109.32751464800002,19.885681152],[109.32690429700001,19.885681152],[109.32690429700001,19.887084961],[109.32647705100001,19.887084961],[109.32647705100001,19.887512207],[109.32629394500002,19.887512207],[109.32629394500002,19.887084961],[109.32470703100002,19.887084961],[109.32470703100002,19.886901855],[109.32489013700001,19.886901855],[109.32489013700001,19.886474609],[109.32550048800002,19.886474609],[109.32550048800002,19.885498047],[109.32470703100002,19.885498047],[109.32470703100002,19.885681152],[109.32427978500002,19.885681152],[109.32427978500002,19.886108398],[109.32409668000001,19.886108398],[109.32409668000001,19.886291504],[109.32373046900001,19.886291504],[109.32373046900001,19.886474609],[109.32348632800002,19.886474609],[109.32348632800002,19.886901855],[109.32287597700001,19.886901855],[109.32287597700001,19.887084961],[109.32269287100002,19.887084961],[109.32269287100002,19.887695312],[109.32250976600001,19.887695312],[109.32250976600001,19.887878418],[109.32208252,19.887878418],[109.32208252,19.889892578],[109.32147216800001,19.889892578],[109.32147216800001,19.890075684],[109.32067871100001,19.890075684],[109.32067871100001,19.89050293],[109.32049560500002,19.89050293],[109.32049560500002,19.891113281],[109.32067871100001,19.891113281],[109.32067871100001,19.892089844],[109.32049560500002,19.892089844],[109.32049560500002,19.892272949],[109.31927490200002,19.892272949],[109.31927490200002,19.892089844],[109.31829834000001,19.892089844],[109.31829834000001,19.892700195],[109.31787109400001,19.892700195],[109.31787109400001,19.893310547],[109.31829834000001,19.893310547],[109.31829834000001,19.893676758],[109.31848144500002,19.893676758],[109.31848144500002,19.896911621],[109.31829834000001,19.896911621],[109.31829834000001,19.897705078],[109.31787109400001,19.897705078],[109.31787109400001,19.89831543],[109.31829834000001,19.89831543],[109.31829834000001,19.898681641],[109.31848144500002,19.898681641],[109.31848144500002,19.899291992],[109.31872558600001,19.899291992],[109.31872558600001,19.899719238],[109.31890869100002,19.899719238],[109.31872558600001,19.900512695],[109.32067871100001,19.903686523],[109.32867431600002,19.908508301],[109.32867431600002,19.908874512],[109.32910156200002,19.908874512],[109.32910156200002,19.909301758],[109.32971191400001,19.909301758],[109.32971191400001,19.909912109],[109.32928466800001,19.909912109],[109.32928466800001,19.910522461],[109.32910156200002,19.910522461],[109.32910156200002,19.910705566],[109.32788085900002,19.910705566],[109.32788085900002,19.910522461],[109.32769775400001,19.910522461],[109.32769775400001,19.91027832],[109.32751464800002,19.91027832],[109.32751464800002,19.909912109],[109.32708740200002,19.909912109],[109.32708740200002,19.909301758],[109.32690429700001,19.909301758],[109.32690429700001,19.909118652],[109.32629394500002,19.909118652],[109.32629394500002,19.908874512],[109.32611084000001,19.908874512],[109.32611084000001,19.908325195],[109.32568359400001,19.908325195],[109.32568359400001,19.907897949],[109.32427978500002,19.907897949],[109.32427978500002,19.908325195],[109.32409668000001,19.908325195],[109.32409668000001,19.908874512],[109.32427978500002,19.908874512],[109.32427978500002,19.909118652],[109.32470703100002,19.909118652],[109.32470703100002,19.909301758],[109.32489013700001,19.909301758],[109.32489013700001,19.909729004],[109.32507324200002,19.909729004],[109.32507324200002,19.910522461],[109.32489013700001,19.910522461],[109.32489013700001,19.910888672],[109.32470703100002,19.910888672],[109.32470703100002,19.911499023],[109.32427978500002,19.911499023],[109.32427978500002,19.91192627],[109.32409668000001,19.91192627],[109.32409668000001,19.912475586],[109.32373046900001,19.912475586],[109.32373046900001,19.912719727],[109.32250976600001,19.912719727],[109.32250976600001,19.912902832],[109.32208252,19.912902832],[109.32208252,19.913513184],[109.32189941400001,19.913513184],[109.32189941400001,19.913879395],[109.32147216800001,19.913879395],[109.32147216800001,19.914306641],[109.320129395,19.914306641],[109.320129395,19.914123535],[109.31988525400001,19.914123535],[109.31988525400001,19.914306641],[109.31927490200002,19.914306641],[109.31927490200002,19.914672852],[109.31909179700001,19.914672852],[109.31909179700001,19.914916992],[109.31872558600001,19.914916992],[109.31872558600001,19.915283203],[109.31829834000001,19.915283203],[109.31829834000001,19.915527344],[109.31768798800002,19.915527344],[109.31768798800002,19.915283203],[109.31707763700001,19.915283203],[109.31707763700001,19.915527344],[109.31689453100002,19.915527344],[109.31689453100002,19.915710449],[109.31652832000002,19.915710449],[109.31652832000002,19.916320801],[109.31567382800002,19.916320801],[109.31567382800002,19.91607666],[109.31549072300001,19.91607666],[109.31549072300001,19.915710449],[109.31488037100002,19.915710449],[109.31488037100002,19.915283203],[109.31469726600001,19.915283203],[109.31469726600001,19.914672852],[109.31427002,19.914672852],[109.31427002,19.914306641],[109.31408691400001,19.914306641],[109.31408691400001,19.913879395],[109.31390380900001,19.913879395],[109.31390380900001,19.913513184],[109.31207275400001,19.913513184],[109.31207275400001,19.914123535],[109.31188964800002,19.914123535],[109.31188964800002,19.914672852],[109.31152343700002,19.914672852],[109.31152343700002,19.914916992],[109.30908203100002,19.914916992],[109.30908203100002,19.915283203],[109.30889892600001,19.915283203],[109.30889892600001,19.915710449],[109.30847168000001,19.915710449],[109.30847168000001,19.91607666],[109.30828857400002,19.91607666],[109.30828857400002,19.916870117],[109.30792236300002,19.916870117],[109.30792236300002,19.917114258],[109.30767822300001,19.917114258],[109.30767822300001,19.917724609],[109.30749511700002,19.917724609],[109.30749511700002,19.917907715],[109.30688476600001,19.917907715],[109.30688476600001,19.918273926],[109.30651855500001,19.918273926],[109.30651855500001,19.918518066],[109.30511474600002,19.918518066],[109.30328369100002,19.915527344],[109.29992675800001,19.916687012],[109.29907226600001,19.916503906],[109.29907226600001,19.916320801],[109.29852294900002,19.916320801],[109.29852294900002,19.91607666],[109.29791259800001,19.91607666],[109.29791259800001,19.915710449],[109.29772949200002,19.915710449],[109.29772949200002,19.915527344],[109.29748535200001,19.915527344],[109.29748535200001,19.914916992],[109.29711914100001,19.914916992],[109.29711914100001,19.914123535],[109.296875,19.914123535],[109.296875,19.913513184],[109.29650878900001,19.913513184],[109.29650878900001,19.912719727],[109.296875,19.912719727],[109.296875,19.912109375],[109.29711914100001,19.912109375],[109.29711914100001,19.91192627],[109.296875,19.91192627],[109.296875,19.911315918],[109.29650878900001,19.911315918],[109.29650878900001,19.910705566],[109.296691895,19.910705566],[109.296875,19.910705566],[109.296875,19.908874512],[109.29650878900001,19.908874512],[109.29650878900001,19.908508301],[109.29510498000002,19.908508301],[109.29528808600001,19.908874512],[109.29492187500001,19.908874512],[109.29492187500001,19.909118652],[109.29492187500001,19.909301758],[109.29467773400002,19.909301758],[109.29467773400002,19.909912109],[109.29492187500001,19.909912109],[109.29492187500001,19.91027832],[109.29467773400002,19.91027832],[109.29467773400002,19.910705566],[109.29431152300002,19.910705566],[109.29431152300002,19.910888672],[109.29412841800001,19.910888672],[109.29412841800001,19.911499023],[109.29388427700002,19.911499023],[109.29388427700002,19.91192627],[109.29351806600002,19.91192627],[109.29351806600002,19.912475586],[109.29327392600001,19.912475586],[109.29327392600001,19.912719727],[109.29290771500001,19.912719727],[109.29290771500001,19.912902832],[109.29248046900001,19.912902832],[109.29248046900001,19.913330078],[109.29211425800001,19.913330078],[109.29211425800001,19.913879395],[109.29187011700002,19.913879395],[109.29187011700002,19.914123535],[109.29132080100001,19.914123535],[109.29132080100001,19.914306641],[109.29107666000002,19.914306641],[109.29449462900001,19.90411377],[109.29211425800001,19.900878906],[109.28912353500002,19.901306152],[109.28912353500002,19.900695801],[109.288879395,19.900695801],[109.288879395,19.900085449],[109.28851318400001,19.900085449],[109.28851318400001,19.899902344],[109.28833007800002,19.899902344],[109.28747558600001,19.899902344],[109.28747558600001,19.899719238],[109.28710937500001,19.899719238],[109.28710937500001,19.899291992],[109.28747558600001,19.899291992],[109.28747558600001,19.899108887],[109.28710937500001,19.899108887],[109.28710937500001,19.898681641],[109.28649902300002,19.898681641],[109.28649902300002,19.898498535],[109.28631591800001,19.898498535],[109.28631591800001,19.898681641],[109.28588867200001,19.898681641],[109.28588867200001,19.899108887],[109.28527832000002,19.899108887],[109.28527832000002,19.898681641],[109.28387451200001,19.898681641],[109.28387451200001,19.899108887],[109.28350830100001,19.899108887],[109.28350830100001,19.899291992],[109.28332519500002,19.899291992],[109.28332519500002,19.899719238],[109.28289794900002,19.899719238],[109.28289794900002,19.899902344],[109.28271484400001,19.899902344],[109.28271484400001,19.901123047],[109.28289794900002,19.901123047],[109.28289794900002,19.902099609],[109.28228759800001,19.902099609],[109.28228759800001,19.901916504],[109.28210449200002,19.901916504],[109.28210449200002,19.901489258],[109.28192138700001,19.901489258],[109.28192138700001,19.900878906],[109.28149414100001,19.901123047],[109.28149414100001,19.900512695],[109.28131103500002,19.900512695],[109.28131103500002,19.899902344],[109.28070068400001,19.899902344],[109.28070068400001,19.899719238],[109.28051757800002,19.899719238],[109.28051757800002,19.899108887],[109.28027343700002,19.899108887],[109.28027343700002,19.898498535],[109.27868652300002,19.898498535],[109.27868652300002,19.899108887],[109.27832031200002,19.899108887],[109.27832031200002,19.899291992],[109.27789306600002,19.899291992],[109.27789306600002,19.899719238],[109.27770996100001,19.899719238],[109.27770996100001,19.899902344],[109.27728271500001,19.899902344],[109.27728271500001,19.900085449],[109.27490234400001,19.900085449],[109.27490234400001,19.900512695],[109.27148437500001,19.900512695],[109.27148437500001,19.900085449],[109.27130127,19.900085449],[109.27130127,19.899902344],[109.26849365200002,19.899902344],[109.26849365200002,19.900085449],[109.26831054700001,19.900085449],[109.26831054700001,19.900512695],[109.26788330100001,19.900512695],[109.26788330100001,19.900695801],[109.26770019500002,19.900695801],[109.26770019500002,19.901123047],[109.26708984400001,19.900878906],[109.26708984400001,19.901306152],[109.26690673800002,19.901306152],[109.26611328100002,19.898498535],[109.26647949200002,19.894714355],[109.26708984400001,19.889099121],[109.26232910200001,19.88067627],[109.26208496100001,19.880310059],[109.26190185500002,19.879882812],[109.26190185500002,19.879699707],[109.26171875000001,19.879699707],[109.26129150400001,19.87890625],[109.26129150400001,19.878723145],[109.25927734400001,19.875305176],[109.26251220700001,19.869689941],[109.26110839800002,19.866882324],[109.25927734400001,19.865905762],[109.25909423800002,19.865722656],[109.25909423800002,19.865478516],[109.25872802700002,19.865478516],[109.25872802700002,19.864685059],[109.25848388700001,19.864685059],[109.25848388700001,19.864318848],[109.25830078100002,19.864318848],[109.25830078100002,19.864074707],[109.25708007800002,19.864074707],[109.25708007800002,19.863891602],[109.25689697300001,19.863891602],[109.25689697300001,19.863525391],[109.25671386700002,19.863525391],[109.25653076200001,19.863525391],[109.25653076200001,19.86328125],[109.25628662100002,19.86328125],[109.25628662100002,19.862915039],[109.25610351600001,19.862915039],[109.25610351600001,19.862487793],[109.25549316400001,19.862487793],[109.25549316400001,19.86151123],[109.25567627,19.86151123],[109.25567627,19.861083984],[109.25549316400001,19.861083984],[109.25549316400001,19.860717773],[109.25512695300002,19.860717773],[109.25512695300002,19.860473633],[109.25469970700001,19.860473633],[109.25469970700001,19.859924316],[109.25408935500002,19.859924316],[109.25408935500002,19.859680176],[109.253723145,19.859680176],[109.253723145,19.859313965],[109.25329589800002,19.859313965],[109.25329589800002,19.859130859],[109.25268554700001,19.859130859],[109.25268554700001,19.858886719],[109.25189209000001,19.858886719],[109.25189209000001,19.858520508],[109.25109863300001,19.858520508],[109.25109863300001,19.858276367],[109.25067138700001,19.858276367],[109.25067138700001,19.857910156],[109.25048828100002,19.857910156],[109.25048828100002,19.857727051],[109.24969482400002,19.857727051],[109.24969482400002,19.857116699],[109.24932861300002,19.857116699],[109.24932861300002,19.856872559],[109.24847412100002,19.856872559],[109.24768066400001,19.856872559],[109.24768066400001,19.856689453],[109.24749755900001,19.856506348],[109.24707031200002,19.856506348],[109.24707031200002,19.856323242],[109.24627685500002,19.856323242],[109.24627685500002,19.856506348],[109.24328613300001,19.856506348],[109.24328613300001,19.856323242],[109.24291992200001,19.856323242],[109.24291992200001,19.856079102],[109.24267578100002,19.856079102],[109.24267578100002,19.855529785],[109.24249267600001,19.855529785],[109.24047851600001,19.855529785],[109.24047851600001,19.855712891],[109.23992919900002,19.855712891],[109.23992919900002,19.856079102],[109.23931884800001,19.856079102],[109.23931884800001,19.856323242],[109.23907470700001,19.856323242],[109.23907470700001,19.856872559],[109.23889160200001,19.856872559],[109.23889160200001,19.857116699],[109.23828125000001,19.857116699],[109.23828125000001,19.858276367],[109.23767089800002,19.858276367],[109.23767089800002,19.858520508],[109.23748779300001,19.858520508],[109.23748779300001,19.858276367],[109.23571777300002,19.858276367],[109.23571777300002,19.858886719],[109.23547363300001,19.858886719],[109.23547363300001,19.859130859],[109.23510742200001,19.859130859],[109.23510742200001,19.859313965],[109.23413085900002,19.859313965],[109.23413085900002,19.859680176],[109.23352050800001,19.859680176],[109.23352050800001,19.860290527],[109.23327636700002,19.860290527],[109.23327636700002,19.860473633],[109.23309326200001,19.860473633],[109.23291015600002,19.860473633],[109.23248291000002,19.860717773],[109.23132324200002,19.860717773],[109.23132324200002,19.860290527],[109.22967529300001,19.860290527],[109.22967529300001,19.859924316],[109.22912597700001,19.859924316],[109.22912597700001,19.860290527],[109.22827148400002,19.860290527],[109.22827148400002,19.860473633],[109.22790527300002,19.860473633],[109.22790527300002,19.860290527],[109.22747802700002,19.860290527],[109.22747802700002,19.859313965],[109.22711181600002,19.859313965],[109.22711181600002,19.858886719],[109.22692871100001,19.858886719],[109.22692871100001,19.858520508],[109.22631835900002,19.858520508],[109.22631835900002,19.858276367],[109.22570800800001,19.858276367],[109.22570800800001,19.857910156],[109.22552490200002,19.857910156],[109.22552490200002,19.857727051],[109.22467041000002,19.857727051],[109.22467041000002,19.85748291],[109.22412109400001,19.85748291],[109.22412109400001,19.857116699],[109.22351074200002,19.857116699],[109.22351074200002,19.856872559],[109.22290039100001,19.856872559],[109.22290039100001,19.856506348],[109.22271728500002,19.856506348],[109.22271728500002,19.856323242],[109.22088623000002,19.856323242],[109.22088623000002,19.856079102],[109.22052002,19.856079102],[109.22052002,19.855712891],[109.22027587900001,19.855712891],[109.22027587900001,19.855529785],[109.21990966800001,19.855529785],[109.21990966800001,19.855285645],[109.21972656200002,19.855285645],[109.21972656200002,19.854919434],[109.21929931600002,19.854919434],[109.21929931600002,19.854675293],[109.21911621100001,19.854675293],[109.21911621100001,19.854309082],[109.21850585900002,19.854309082],[109.21850585900002,19.854125977],[109.21789550800001,19.854125977],[109.21789550800001,19.853881836],[109.21771240200002,19.853881836],[109.21771240200002,19.853515625],[109.21728515600002,19.853515625],[109.21728515600002,19.853271484],[109.21710205100001,19.853271484],[109.21710205100001,19.852905273],[109.21691894500002,19.852905273],[109.21691894500002,19.852722168],[109.21667480500001,19.852722168],[109.21667480500001,19.850280762],[109.21630859400001,19.850280762],[109.21630859400001,19.849914551],[109.21588134800001,19.849914551],[109.21588134800001,19.849121094],[109.21569824200002,19.849121094],[109.21569824200002,19.848876953],[109.21411132800002,19.848876953],[109.21411132800002,19.848510742],[109.21368408200001,19.848510742],[109.21368408200001,19.848327637],[109.21350097700001,19.848327637],[109.21350097700001,19.847900391],[109.21331787100002,19.848083496],[109.21331787100002,19.847473145],[109.21289062500001,19.847473145],[109.21289062500001,19.847106934],[109.21270752,19.847106934],[109.21270752,19.846923828],[109.21209716800001,19.846923828],[109.21209716800001,19.846313477],[109.21270752,19.846313477],[109.21270752,19.84588623],[109.21289062500001,19.84588623],[109.21289062500001,19.845703125],[109.21331787100002,19.845703125],[109.21331787100002,19.84588623],[109.21350097700001,19.84588623],[109.21350097700001,19.846313477],[109.21368408200001,19.846313477],[109.21368408200001,19.846679687],[109.21411132800002,19.846679687],[109.21411132800002,19.847106934],[109.21472168000001,19.847106934],[109.21472168000001,19.847473145],[109.21508789100001,19.847473145],[109.21508789100001,19.847106934],[109.21551513700001,19.847106934],[109.21551513700001,19.846679687],[109.21508789100001,19.846679687],[109.21508789100001,19.846313477],[109.21490478500002,19.846313477],[109.21490478500002,19.84588623],[109.21472168000001,19.84588623],[109.21472168000001,19.845703125],[109.21429443400001,19.845703125],[109.21429443400001,19.84552002],[109.21289062500001,19.84552002],[109.21289062500001,19.845275879],[109.21270752,19.845275879],[109.21270752,19.844909668],[109.21112060500002,19.844909668],[109.21112060500002,19.845275879],[109.20971679700001,19.845275879],[109.20971679700001,19.844726562],[109.20928955100001,19.844726562],[109.20928955100001,19.843688965],[109.20910644500002,19.843688965],[109.20910644500002,19.842895508],[109.20849609400001,19.842895508],[109.20849609400001,19.842712402],[109.20788574200002,19.842712402],[109.20928955100001,19.838317871],[109.20849609400001,19.836486816],[109.20849609400001,19.836303711],[109.20867919900002,19.836303711],[109.20867919900002,19.835693359],[109.20910644500002,19.835693359],[109.20910644500002,19.835510254],[109.20971679700001,19.835510254],[109.20971679700001,19.835083008],[109.20989990200002,19.835083008],[109.20989990200002,19.834716797],[109.21008300800001,19.834716797],[109.21008300800001,19.832885742],[109.21008300800001,19.83190918],[109.21051025400001,19.83190918],[109.21051025400001,19.830505371],[109.21008300800001,19.830505371],[109.21008300800001,19.830078125],[109.20971679700001,19.830078125],[109.20971679700001,19.82989502],[109.20910644500002,19.82989502],[109.20910644500002,19.829711914],[109.20867919900002,19.829711914],[109.20867919900002,19.828674316],[109.20849609400001,19.828674316],[109.20849609400001,19.828308105],[109.20727539100001,19.828308105],[109.20648193400001,19.827697754],[109.20611572300001,19.827880859],[109.20611572300001,19.827697754],[109.20629882800002,19.827697754],[109.20629882800002,19.827270508],[109.20648193400001,19.827514648],[109.20648193400001,19.826477051],[109.20690918000001,19.826477051],[109.20690918000001,19.825500488],[109.20648193400001,19.825500488],[109.20648193400001,19.824707031],[109.20629882800002,19.824707031],[109.20629882800002,19.824279785],[109.20550537100002,19.824279785],[109.20550537100002,19.824707031],[109.20489502,19.824707031],[109.20489502,19.824890137],[109.20507812500001,19.824890137],[109.20507812500001,19.825500488],[109.20489502,19.825500488],[109.20489502,19.825683594],[109.20428466800001,19.825683594],[109.20428466800001,19.825500488],[109.20410156200002,19.825500488],[109.20410156200002,19.825073242],[109.20269775400001,19.825073242],[109.20269775400001,19.824890137],[109.20251464800002,19.824890137],[109.20251464800002,19.824279785],[109.20208740200002,19.824279785],[109.20208740200002,19.82409668],[109.20251464800002,19.82409668],[109.20251464800002,19.823730469],[109.20269775400001,19.823730469],[109.20269775400001,19.823486328],[109.20330810500002,19.823486328],[109.20330810500002,19.823303223],[109.20349121100001,19.823303223],[109.20349121100001,19.822875977],[109.20367431600002,19.822875977],[109.20367431600002,19.821289062],[109.20349121100001,19.821289062],[109.20349121100001,19.820678711],[109.20330810500002,19.820678711],[109.20330810500002,19.820129395],[109.20288085900002,19.820129395],[109.20288085900002,19.819702148],[109.20269775400001,19.819702148],[109.20269775400001,19.819091797],[109.20208740200002,19.819091797],[109.20208740200002,19.818725586],[109.20111084000001,19.818725586],[109.20111084000001,19.818481445],[109.20068359400001,19.818481445],[109.20068359400001,19.81829834],[109.20007324200002,19.81829834],[109.20007324200002,19.817871094],[109.19989013700001,19.817871094],[109.19989013700001,19.817687988],[109.19927978500002,19.817687988],[109.19927978500002,19.81829834],[109.19970703100002,19.81829834],[109.19970703100002,19.818481445],[109.19873046900001,19.818481445],[109.19873046900001,19.81829834],[109.19909668000001,19.81829834],[109.19909668000001,19.817077637],[109.19873046900001,19.817077637],[109.19873046900001,19.816894531],[109.19830322300001,19.816894531],[109.19830322300001,19.81652832],[109.19787597700001,19.81652832],[109.19787597700001,19.816711426],[109.19787597700001,19.816894531],[109.19769287100002,19.816894531],[109.19769287100002,19.817077637],[109.19750976600001,19.817077637],[109.19750976600001,19.817504883],[109.19708252,19.817504883],[109.19708252,19.817077637],[109.19647216800001,19.817077637],[109.19647216800001,19.81628418],[109.19628906200002,19.81628418],[109.19628906200002,19.816101074],[109.19549560500002,19.816101074],[109.19549560500002,19.816894531],[109.195129395,19.816894531],[109.195129395,19.817077637],[109.19427490200002,19.817077637],[109.19427490200002,19.816894531],[109.19372558600001,19.816894531],[109.19372558600001,19.81652832],[109.19329834000001,19.81652832],[109.19329834000001,19.81628418],[109.19287109400001,19.81628418],[109.19287109400001,19.815673828],[109.19268798800002,19.815673828],[109.19268798800002,19.814880371],[109.19250488300001,19.814880371],[109.19250488300001,19.814697266],[109.19207763700001,19.814697266],[109.19207763700001,19.81427002],[109.19189453100002,19.81427002],[109.19189453100002,19.814086914],[109.19128418000001,19.814086914],[109.18969726600001,19.814086914],[109.18969726600001,19.813903809],[109.18927002,19.813903809],[109.18927002,19.813476562],[109.18908691400001,19.813476562],[109.18908691400001,19.813293457],[109.18890380900001,19.813293457],[109.18890380900001,19.813110352],[109.18890380900001,19.812927246],[109.18829345700001,19.812927246],[109.18829345700001,19.812683105],[109.18768310500002,19.812683105],[109.18768310500002,19.8125],[109.1875,19.8125],[109.1875,19.811889648],[109.18652343700002,19.811889648],[109.18652343700002,19.811523437],[109.18609619100002,19.811523437],[109.18609619100002,19.811279297],[109.18548584000001,19.811279297],[109.18548584000001,19.811096191],[109.18511962900001,19.811096191],[109.18511962900001,19.81072998],[109.18487548800002,19.81072998],[109.18487548800002,19.81048584],[109.18432617200001,19.81048584],[109.18432617200001,19.810119629],[109.18408203100002,19.810119629],[109.18408203100002,19.809875488],[109.18328857400002,19.809875488],[109.18328857400002,19.810119629],[109.18267822300001,19.810119629],[109.18249511700002,19.810119629],[109.18249511700002,19.809875488],[109.18249511700002,19.809692383],[109.18231201200001,19.809692383],[109.18212890600002,19.809692383],[109.18212890600002,19.809509277],[109.18212890600002,19.809326172],[109.18188476600001,19.809326172],[109.18188476600001,19.808898926],[109.18151855500001,19.808898926],[109.18127441400001,19.808898926],[109.18127441400001,19.80847168],[109.18072509800001,19.80847168],[109.18072509800001,19.808288574],[109.18011474600002,19.808288574],[109.18011474600002,19.807922363],[109.17968750000001,19.807922363],[109.17968750000001,19.807678223],[109.17907714800002,19.807678223],[109.17907714800002,19.807495117],[109.17889404300001,19.807495117],[109.17889404300001,19.807128906],[109.17852783200001,19.807128906],[109.17852783200001,19.806884766],[109.17767334000001,19.806884766],[109.17767334000001,19.806518555],[109.17749023400002,19.806518555],[109.17749023400002,19.806274414],[109.17712402300002,19.806274414],[109.17712402300002,19.806091309],[109.17633056600002,19.806091309],[109.17633056600002,19.805725098],[109.17572021500001,19.805725098],[109.17572021500001,19.805480957],[109.17529296900001,19.805480957],[109.17529296900001,19.805114746],[109.17468261700002,19.805114746],[109.17468261700002,19.804870605],[109.17431640600002,19.804870605],[109.17431640600002,19.8046875],[109.17407226600001,19.8046875],[109.17407226600001,19.804321289],[109.17388916000002,19.804321289],[109.17388916000002,19.804077148],[109.17327880900001,19.804077148],[109.17327880900001,19.803894043],[109.17248535200001,19.803894043],[109.17248535200001,19.803527832],[109.17150878900001,19.803527832],[109.17150878900001,19.802490234],[109.171875,19.802490234],[109.171875,19.802124023],[109.17211914100001,19.802124023],[109.17211914100001,19.801879883],[109.17291259800001,19.801879883],[109.17291259800001,19.802124023],[109.17327880900001,19.802124023],[109.17327880900001,19.802490234],[109.17388916000002,19.802490234],[109.17388916000002,19.802124023],[109.17352294900002,19.802124023],[109.17352294900002,19.801330566],[109.17327880900001,19.801330566],[109.17327880900001,19.800720215],[109.17291259800001,19.800720215],[109.17291259800001,19.800476074],[109.17272949200002,19.800476074],[109.17272949200002,19.799682617],[109.17272949200002,19.799316406],[109.17248535200001,19.799316406],[109.17248535200001,19.799072266],[109.17211914100001,19.799072266],[109.17211914100001,19.79888916],[109.171875,19.79888916],[109.171875,19.798522949],[109.17150878900001,19.798522949],[109.17150878900001,19.798278809],[109.17132568400001,19.798278809],[109.17132568400001,19.797912598],[109.17108154300001,19.797912598],[109.17108154300001,19.797485352],[109.17071533200001,19.797485352],[109.17071533200001,19.797119141],[109.17047119100002,19.797119141],[109.17047119100002,19.796875],[109.17028808600001,19.796875],[109.17028808600001,19.796508789],[109.16967773400002,19.796508789],[109.16967773400002,19.796325684],[109.16888427700002,19.796325684],[109.16888427700002,19.796081543],[109.16827392600001,19.796081543],[109.16827392600001,19.796325684],[109.16748046900001,19.796325684],[109.16748046900001,19.796081543],[109.16711425800001,19.796081543],[109.16687011700002,19.796081543],[109.16687011700002,19.795898437],[109.16687011700002,19.795715332],[109.16668701200001,19.795715332],[109.16632080100001,19.795715332],[109.16632080100001,19.795471191],[109.16607666000002,19.795471191],[109.16607666000002,19.795288086],[109.16607666000002,19.794921875],[109.16571044900002,19.794921875],[109.16571044900002,19.794677734],[109.16552734400001,19.794677734],[109.16552734400001,19.794311523],[109.16528320300002,19.794311523],[109.16528320300002,19.794128418],[109.16528320300002,19.793884277],[109.16510009800001,19.793884277],[109.16491699200002,19.793884277],[109.16491699200002,19.793518066],[109.16467285200001,19.793518066],[109.16467285200001,19.792907715],[109.16430664100001,19.792907715],[109.16430664100001,19.792480469],[109.16412353500002,19.792480469],[109.16412353500002,19.792114258],[109.163879395,19.792114258],[109.163879395,19.791870117],[109.16351318400001,19.791870117],[109.16351318400001,19.791503906],[109.16333007800002,19.791503906],[109.16333007800002,19.790527344],[109.16290283200001,19.790527344],[109.16290283200001,19.789672852],[109.16271972700001,19.789672852],[109.16271972700001,19.789306641],[109.16210937500001,19.789306641],[109.16210937500001,19.789123535],[109.16192627,19.789123535],[109.16192627,19.788879395],[109.16149902300002,19.788879395],[109.16149902300002,19.788330078],[109.16131591800001,19.788330078],[109.16131591800001,19.787719727],[109.16088867200001,19.787719727],[109.16088867200001,19.787109375],[109.16070556600002,19.787109375],[109.16070556600002,19.784729004],[109.16131591800001,19.784729004],[109.16131591800001,19.784301758],[109.16149902300002,19.784301758],[109.16149902300002,19.784118652],[109.16210937500001,19.784118652],[109.16210937500001,19.783508301],[109.16247558600001,19.783508301],[109.16247558600001,19.782897949],[109.16271972700001,19.782897949],[109.16271972700001,19.782287598],[109.16290283200001,19.782287598],[109.16290283200001,19.781921387],[109.16333007800002,19.781921387],[109.16333007800002,19.781677246],[109.16351318400001,19.781677246],[109.16351318400001,19.780883789],[109.163879395,19.780883789],[109.163879395,19.780517578],[109.16412353500002,19.780517578],[109.16412353500002,19.779296875],[109.16430664100001,19.779296875],[109.16430664100001,19.777709961],[109.16467285200001,19.777709961],[109.16467285200001,19.776123047],[109.16448974600002,19.776123047],[109.16430664100001,19.776123047],[109.16430664100001,19.775085449],[109.16467285200001,19.775085449],[109.16467285200001,19.774719238],[109.16491699200002,19.774719238],[109.16491699200002,19.776123047],[109.16607666000002,19.776123047],[109.16607666000002,19.775695801],[109.16632080100001,19.775695801],[109.16632080100001,19.774902344],[109.16607666000002,19.774902344],[109.16607666000002,19.774719238],[109.16552734400001,19.774719238],[109.16552734400001,19.774108887],[109.16528320300002,19.774108887],[109.16528320300002,19.773071289],[109.16528320300002,19.772705078],[109.16552734400001,19.772705078],[109.16552734400001,19.772277832],[109.16571044900002,19.772277832],[109.16571044900002,19.771911621],[109.16552734400001,19.771911621],[109.16528320300002,19.771911621],[109.16528320300002,19.771484375],[109.16491699200002,19.771484375],[109.16491699200002,19.770690918],[109.16467285200001,19.770690918],[109.16467285200001,19.768676758],[109.16467285200001,19.766906738],[109.16430664100001,19.766906738],[109.16430664100001,19.76550293],[109.16467285200001,19.76550293],[109.16467285200001,19.764099121],[109.16491699200002,19.764099121],[109.16491699200002,19.76171875],[109.16589355500001,19.760681152],[109.16607666000002,19.760498047],[109.16632080100001,19.760498047],[109.16632080100001,19.760314941],[109.16687011700002,19.760070801],[109.16687011700002,19.759887695],[109.16711425800001,19.759887695],[109.16711425800001,19.75970459],[109.16748046900001,19.75970459],[109.16748046900001,19.759277344],[109.16772460900002,19.759277344],[109.16772460900002,19.759094238],[109.16827392600001,19.759094238],[109.16827392600001,19.758728027],[109.16851806600002,19.758728027],[109.16851806600002,19.758483887],[109.16888427700002,19.758483887],[109.16888427700002,19.758300781],[109.16912841800001,19.758300781],[109.16912841800001,19.757873535],[109.16912841800001,19.75769043],[109.16931152300002,19.75769043],[109.16931152300002,19.757507324],[109.16931152300002,19.757080078],[109.16949462900001,19.757080078],[109.16967773400002,19.757080078],[109.16967773400002,19.756896973],[109.16967773400002,19.756530762],[109.16992187500001,19.756530762],[109.16992187500001,19.756286621],[109.16992187500001,19.756103516],[109.17010498000002,19.756103516],[109.17010498000002,19.75567627],[109.17010498000002,19.755493164],[109.17028808600001,19.755493164],[109.17047119100002,19.755493164],[109.17047119100002,19.755126953],[109.17047119100002,19.754882812],[109.17071533200001,19.754882812],[109.17071533200001,19.754516602],[109.17071533200001,19.754272461],[109.17089843700002,19.754272461],[109.17108154300001,19.754272461],[109.17108154300001,19.75390625],[109.17108154300001,19.753723145],[109.17132568400001,19.753723145],[109.17132568400001,19.753295898],[109.17150878900001,19.753295898],[109.17150878900001,19.752929687],[109.171875,19.752929687],[109.171875,19.752685547],[109.17248535200001,19.752685547],[109.17248535200001,19.752502441],[109.17272949200002,19.752502441],[109.17272949200002,19.75189209],[109.17291259800001,19.75189209],[109.17291259800001,19.751525879],[109.17327880900001,19.751525879],[109.17327880900001,19.749084473],[109.17327880900001,19.747924805],[109.17370605500001,19.747924805],[109.17388916000002,19.747680664],[109.17431640600002,19.747680664],[109.17431640600002,19.746887207],[109.17468261700002,19.746887207],[109.17468261700002,19.746276855],[109.17468261700002,19.745727539],[109.17492675800001,19.745727539],[109.17492675800001,19.745117187],[109.17529296900001,19.745117187],[109.17529296900001,19.742675781],[109.17547607400002,19.742675781],[109.17547607400002,19.742126465],[109.17572021500001,19.742126465],[109.17572021500001,19.741882324],[109.17608642600001,19.741882324],[109.17608642600001,19.741516113],[109.17651367200001,19.741516113],[109.17651367200001,19.741882324],[109.17712402300002,19.741882324],[109.17712402300002,19.742126465],[109.17828369100002,19.742126465],[109.17828369100002,19.741882324],[109.17852783200001,19.741882324],[109.17852783200001,19.741271973],[109.17828369100002,19.741271973],[109.17828369100002,19.740722656],[109.17791748000002,19.740722656],[109.17791748000002,19.740112305],[109.17767334000001,19.740112305],[109.17767334000001,19.739929199],[109.17749023400002,19.739929199],[109.17749023400002,19.739318848],[109.17712402300002,19.739318848],[109.17712402300002,19.739074707],[109.17749023400002,19.739074707],[109.17767334000001,19.739074707],[109.17767334000001,19.738891602],[109.17791748000002,19.738891602],[109.17791748000002,19.73828125],[109.17828369100002,19.73828125],[109.17828369100002,19.737915039],[109.17852783200001,19.737915039],[109.17852783200001,19.737121582],[109.17828369100002,19.737121582],[109.17828369100002,19.736877441],[109.17730712900001,19.736877441],[109.17712402300002,19.736877441],[109.17712402300002,19.73651123],[109.17651367200001,19.73651123],[109.17651367200001,19.736328125],[109.17633056600002,19.736328125],[109.17633056600002,19.736083984],[109.17608642600001,19.736083984],[109.17608642600001,19.735473633],[109.17468261700002,19.735473633],[109.17468261700002,19.734924316],[109.17431640600002,19.734924316],[109.17431640600002,19.734680176],[109.17407226600001,19.734680176],[109.17407226600001,19.734313965],[109.17431640600002,19.734313965],[109.17431640600002,19.734130859],[109.17407226600001,19.734130859],[109.17407226600001,19.731872559],[109.17431640600002,19.731872559],[109.17431640600002,19.731506348],[109.17468261700002,19.731506348],[109.17468261700002,19.731872559],[109.17492675800001,19.731872559],[109.17492675800001,19.732116699],[109.17572021500001,19.732116699],[109.17572021500001,19.731872559],[109.17608642600001,19.731872559],[109.17608642600001,19.731506348],[109.17633056600002,19.731506348],[109.17633056600002,19.731079102],[109.17651367200001,19.731079102],[109.17651367200001,19.730712891],[109.17633056600002,19.730712891],[109.17633056600002,19.730529785],[109.17572021500001,19.730529785],[109.17572021500001,19.730285645],[109.17547607400002,19.730285645],[109.17547607400002,19.729675293],[109.17572021500001,19.729675293],[109.17572021500001,19.729309082],[109.17608642600001,19.729309082],[109.17608642600001,19.729125977],[109.17633056600002,19.729125977],[109.17633056600002,19.728881836],[109.17651367200001,19.728881836],[109.17651367200001,19.728515625],[109.17687988300001,19.728515625],[109.17687988300001,19.728271484],[109.17749023400002,19.728271484],[109.17749023400002,19.727905273],[109.17767334000001,19.727905273],[109.17767334000001,19.727111816],[109.17767334000001,19.726928711],[109.17749023400002,19.726928711],[109.17749023400002,19.726501465],[109.17687988300001,19.726501465],[109.17687988300001,19.726318359],[109.17651367200001,19.726318359],[109.17651367200001,19.726074219],[109.17633056600002,19.726074219],[109.17633056600002,19.725708008],[109.17608642600001,19.725708008],[109.17608642600001,19.725280762],[109.17572021500001,19.725280762],[109.17572021500001,19.72467041],[109.17547607400002,19.72467041],[109.17547607400002,19.724304199],[109.17468261700002,19.724304199],[109.17468261700002,19.724121094],[109.17407226600001,19.724121094],[109.17407226600001,19.723876953],[109.17388916000002,19.723876953],[109.17388916000002,19.723510742],[109.17352294900002,19.723510742],[109.17352294900002,19.723327637],[109.17327880900001,19.723327637],[109.17327880900001,19.722717285],[109.17272949200002,19.722717285],[109.17272949200002,19.722473145],[109.17248535200001,19.722473145],[109.17248535200001,19.722106934],[109.17211914100001,19.722106934],[109.17211914100001,19.721313477],[109.171875,19.721313477],[109.171875,19.72088623],[109.17150878900001,19.72088623],[109.17150878900001,19.720275879],[109.17132568400001,19.720275879],[109.17132568400001,19.719116211],[109.17108154300001,19.719116211],[109.17108154300001,19.718505859],[109.17071533200001,19.718505859],[109.17071533200001,19.717895508],[109.17047119100002,19.717895508],[109.17047119100002,19.717102051],[109.17010498000002,19.717102051],[109.17010498000002,19.715881348],[109.16992187500001,19.715881348],[109.16992187500001,19.715698242],[109.16931152300002,19.715698242],[109.16931152300002,19.715515137],[109.16912841800001,19.715515137],[109.16912841800001,19.714294434],[109.16888427700002,19.714294434],[109.16888427700002,19.714111328],[109.16851806600002,19.714111328],[109.16851806600002,19.713500977],[109.16912841800001,19.713500977],[109.17010498000002,19.714294434],[109.17010498000002,19.715087891],[109.17047119100002,19.715087891],[109.17047119100002,19.715515137],[109.17071533200001,19.715515137],[109.17071533200001,19.716308594],[109.17108154300001,19.716308594],[109.17108154300001,19.716674805],[109.17132568400001,19.716674805],[109.17132568400001,19.716918945],[109.171875,19.716918945],[109.171875,19.717102051],[109.17248535200001,19.717102051],[109.17248535200001,19.717895508],[109.17211914100001,19.717895508],[109.17211914100001,19.718505859],[109.17248535200001,19.718505859],[109.17248535200001,19.718688965],[109.17352294900002,19.718688965],[109.17352294900002,19.719116211],[109.17492675800001,19.719116211],[109.17492675800001,19.719299316],[109.17608642600001,19.719299316],[109.18151855500001,19.723693848],[109.18310546900001,19.729309082],[109.18292236300002,19.729309082],[109.18310546900001,19.729675293],[109.18347168000001,19.730895996],[109.18609619100002,19.733886719],[109.18969726600001,19.734680176],[109.19171142600001,19.733886719],[109.19189453100002,19.733886719],[109.19189453100002,19.734313965],[109.19250488300001,19.734313965],[109.19250488300001,19.734130859],[109.19268798800002,19.734130859],[109.19268798800002,19.733886719],[109.19287109400001,19.733886719],[109.19287109400001,19.733520508],[109.19427490200002,19.733520508],[109.19427490200002,19.733276367],[109.19470214800002,19.733276367],[109.19470214800002,19.732727051],[109.19488525400001,19.732727051],[109.19488525400001,19.73248291],[109.20031738300001,19.730285645],[109.20587158200001,19.730529785],[109.20947265600002,19.733886719],[109.20947265600002,19.73828125],[109.21411132800002,19.74810791],[109.21667480500001,19.75012207],[109.22332763700001,19.747680664],[109.22692871100001,19.748291016],[109.230285645,19.753112793],[109.22991943400001,19.753295898],[109.22991943400001,19.753723145],[109.22967529300001,19.753723145],[109.22967529300001,19.754272461],[109.22930908200001,19.754272461],[109.22930908200001,19.754699707],[109.22912597700001,19.754699707],[109.22912597700001,19.754882812],[109.22888183600001,19.754882812],[109.22888183600001,19.755126953],[109.22851562500001,19.755126953],[109.22851562500001,19.755493164],[109.22827148400002,19.755493164],[109.22827148400002,19.75567627],[109.22912597700001,19.75567627],[109.22912597700001,19.756103516],[109.23052978500002,19.756103516],[109.23052978500002,19.756286621],[109.23071289100001,19.756286621],[109.23071289100001,19.757873535],[109.230285645,19.757873535],[109.230285645,19.758300781],[109.22991943400001,19.758300781],[109.22991943400001,19.758728027],[109.230285645,19.758728027],[109.230285645,19.759277344],[109.23071289100001,19.759277344],[109.23071289100001,19.759094238],[109.23211669900002,19.759094238],[109.23168945300002,19.759887695],[109.23291015600002,19.762084961],[109.23510742200001,19.761108398],[109.24670410200001,19.761474609],[109.25030517600001,19.763671875],[109.25292968700002,19.76348877],[109.25292968700002,19.763671875],[109.25329589800002,19.763671875],[109.25329589800002,19.764709473],[109.25347900400001,19.764709473],[109.25347900400001,19.765686035],[109.253723145,19.765686035],[109.253723145,19.766296387],[109.25408935500002,19.766296387],[109.25408935500002,19.766479492],[109.25469970700001,19.766479492],[109.25469970700001,19.766906738],[109.25512695300002,19.766906738],[109.25512695300002,19.766479492],[109.25549316400001,19.766479492],[109.25549316400001,19.766113281],[109.25567627,19.766113281],[109.25567627,19.76550293],[109.25732421900001,19.76550293],[109.25909423800002,19.770324707],[109.27050781200002,19.765075684],[109.27050781200002,19.766113281],[109.27069091800001,19.766113281],[109.27069091800001,19.768310547],[109.27050781200002,19.768310547],[109.27050781200002,19.770690918],[109.27008056600002,19.770690918],[109.27008056600002,19.771911621],[109.26989746100001,19.771911621],[109.26989746100001,19.77331543],[109.26971435500002,19.77331543],[109.26971435500002,19.775512695],[109.26989746100001,19.775512695],[109.26989746100001,19.776489258],[109.27008056600002,19.776489258],[109.27008056600002,19.777099609],[109.27050781200002,19.777099609],[109.27050781200002,19.777709961],[109.27069091800001,19.777709961],[109.27069091800001,19.778320312],[109.27111816400001,19.778320312],[109.27111816400001,19.778686523],[109.27130127,19.778686523],[109.27130127,19.779296875],[109.27148437500001,19.779296875],[109.27148437500001,19.779724121],[109.27191162100002,19.779724121],[109.27191162100002,19.780273437],[109.27209472700001,19.780273437],[109.27209472700001,19.780517578],[109.27227783200001,19.780517578],[109.27252197300001,19.780700684],[109.27252197300001,19.781494141],[109.27630615200002,19.790283203],[109.28167724600002,19.792907715],[109.28509521500001,19.786315918],[109.28930664100001,19.784729004],[109.31652832000002,19.784118652],[109.31811523400002,19.780700684],[109.31451416000002,19.777526855],[109.30731201200001,19.778320312],[109.30529785200001,19.77331543],[109.30651855500001,19.764526367],[109.30529785200001,19.762512207],[109.30352783200001,19.758483887],[109.29711914100001,19.753295898],[109.29772949200002,19.753295898],[109.29772949200002,19.752929687],[109.29791259800001,19.752929687],[109.29791259800001,19.752685547],[109.29772949200002,19.752685547],[109.29772949200002,19.752075195],[109.29748535200001,19.752075195],[109.29748535200001,19.75189209],[109.29711914100001,19.75189209],[109.29711914100001,19.751281738],[109.296875,19.751281738],[109.296875,19.751098633],[109.29650878900001,19.751098633],[109.29650878900001,19.750488281],[109.29632568400001,19.750488281],[109.29632568400001,19.75012207],[109.29608154300001,19.75012207],[109.29608154300001,19.749694824],[109.29571533200001,19.749694824],[109.29571533200001,19.749328613],[109.29547119100002,19.749328613],[109.29547119100002,19.749084473],[109.29528808600001,19.749084473],[109.29528808600001,19.748474121],[109.29492187500001,19.748474121],[109.29492187500001,19.748291016],[109.29467773400002,19.748291016],[109.29467773400002,19.747924805],[109.29412841800001,19.747924805],[109.29412841800001,19.747680664],[109.29351806600002,19.747680664],[109.29351806600002,19.747497559],[109.29290771500001,19.747497559],[109.29290771500001,19.747070312],[109.29248046900001,19.747070312],[109.29248046900001,19.746887207],[109.29187011700002,19.746887207],[109.29187011700002,19.746520996],[109.29132080100001,19.746520996],[109.29132080100001,19.746276855],[109.29071044900002,19.746276855],[109.29071044900002,19.74609375],[109.29028320300002,19.74609375],[109.29028320300002,19.745727539],[109.28930664100001,19.745727539],[109.28930664100001,19.745483398],[109.288879395,19.745483398],[109.288879395,19.745117187],[109.28790283200001,19.745117187],[109.28790283200001,19.744873047],[109.28649902300002,19.744873047],[109.28649902300002,19.744689941],[109.28527832000002,19.744689941],[109.28527832000002,19.74432373],[109.28350830100001,19.74432373],[109.28350830100001,19.74407959],[109.28210449200002,19.74407959],[109.28210449200002,19.743896484],[109.27728271500001,19.743896484],[109.27728271500001,19.74407959],[109.27709960900002,19.74407959],[109.27709960900002,19.74432373],[109.27691650400001,19.74432373],[109.27691650400001,19.744689941],[109.27648925800001,19.744689941],[109.27648925800001,19.744873047],[109.27630615200002,19.744873047],[109.27630615200002,19.745117187],[109.27612304700001,19.745117187],[109.27612304700001,19.745483398],[109.27569580100001,19.745483398],[109.27569580100001,19.745727539],[109.27508544900002,19.745727539],[109.27508544900002,19.744506836],[109.27508544900002,19.74407959],[109.27429199200002,19.74407959],[109.27429199200002,19.743896484],[109.27368164100001,19.743896484],[109.27349853500002,19.743896484],[109.27349853500002,19.743530273],[109.27307128900001,19.743530273],[109.27270507800002,19.743530273],[109.27270507800002,19.743286133],[109.27252197300001,19.743286133],[109.27172851600001,19.743286133],[109.27148437500001,19.743103027],[109.27447509800001,19.740478516],[109.28289794900002,19.740112305],[109.28570556600002,19.737915039],[109.29028320300002,19.728088379],[109.304504395,19.71887207],[109.30291748000002,19.716674805],[109.296875,19.716674805],[109.29290771500001,19.717895508],[109.29290771500001,19.717712402],[109.29272460900002,19.717712402],[109.29272460900002,19.717285156],[109.29248046900001,19.717285156],[109.29248046900001,19.717102051],[109.29211425800001,19.717102051],[109.29211425800001,19.716918945],[109.29187011700002,19.716918945],[109.29187011700002,19.716674805],[109.29107666000002,19.716674805],[109.29107666000002,19.716918945],[109.28991699200002,19.716918945],[109.28991699200002,19.717712402],[109.28967285200001,19.717712402],[109.28967285200001,19.718688965],[109.28930664100001,19.718688965],[109.28930664100001,19.719726562],[109.288879395,19.719726562],[109.288879395,19.719909668],[109.28833007800002,19.719909668],[109.28833007800002,19.720275879],[109.28771972700001,19.720275879],[109.28771972700001,19.72052002],[109.28710937500001,19.72052002],[109.28710937500001,19.720703125],[109.28649902300002,19.720703125],[109.28649902300002,19.72088623],[109.28588867200001,19.72088623],[109.28588867200001,19.721313477],[109.28527832000002,19.721313477],[109.28527832000002,19.721679687],[109.28448486300002,19.721679687],[109.28448486300002,19.721923828],[109.28411865200002,19.721923828],[109.28411865200002,19.722106934],[109.28350830100001,19.722106934],[109.28350830100001,19.722473145],[109.28332519500002,19.722473145],[109.28332519500002,19.722717285],[109.28289794900002,19.722717285],[109.28289794900002,19.723327637],[109.28271484400001,19.723327637],[109.28271484400001,19.723510742],[109.28228759800001,19.723510742],[109.28228759800001,19.723876953],[109.28210449200002,19.723876953],[109.28210449200002,19.724121094],[109.28192138700001,19.724121094],[109.28192138700001,19.724304199],[109.28149414100001,19.724304199],[109.28149414100001,19.72467041],[109.28112793000001,19.72467041],[109.28112793000001,19.724914551],[109.28070068400001,19.724914551],[109.28070068400001,19.725280762],[109.28027343700002,19.725280762],[109.28027343700002,19.725524902],[109.27972412100002,19.725524902],[109.27972412100002,19.725708008],[109.27929687500001,19.725708008],[109.27929687500001,19.726074219],[109.27868652300002,19.726074219],[109.27868652300002,19.726318359],[109.27850341800001,19.726318359],[109.27850341800001,19.726501465],[109.27789306600002,19.726501465],[109.27789306600002,19.726928711],[109.27770996100001,19.726928711],[109.27770996100001,19.727478027],[109.27728271500001,19.727478027],[109.27728271500001,19.727905273],[109.27691650400001,19.727905273],[109.27691650400001,19.728271484],[109.27630615200002,19.728271484],[109.27630615200002,19.728515625],[109.27410888700001,19.728515625],[109.27410888700001,19.728271484],[109.27252197300001,19.728271484],[109.27227783200001,19.728088379],[109.27227783200001,19.727722168],[109.27209472700001,19.727478027],[109.27209472700001,19.726928711],[109.27191162100002,19.726928711],[109.27191162100002,19.726318359],[109.27148437500001,19.726318359],[109.27148437500001,19.725891113],[109.27148437500001,19.725708008],[109.27130127,19.725708008],[109.27111816400001,19.725524902],[109.26971435500002,19.72467041],[109.26928710900002,19.72467041],[109.26928710900002,19.724487305],[109.26928710900002,19.724304199],[109.26892089800002,19.724304199],[109.26867675800001,19.724304199],[109.26867675800001,19.724121094],[109.26849365200002,19.724121094],[109.26849365200002,19.723876953],[109.26770019500002,19.723876953],[109.26751709000001,19.723693848],[109.26629638700001,19.723876953],[109.26312255900001,19.724304199],[109.26287841800001,19.724304199],[109.26232910200001,19.724304199],[109.26232910200001,19.724121094],[109.26208496100001,19.724121094],[109.26208496100001,19.723876953],[109.26147460900002,19.723876953],[109.26147460900002,19.723510742],[109.25872802700002,19.723510742],[109.25872802700002,19.723327637],[109.25769043000001,19.723327637],[109.25769043000001,19.722900391],[109.25628662100002,19.722900391],[109.25628662100002,19.722717285],[109.25347900400001,19.722717285],[109.25347900400001,19.722900391],[109.24987793000001,19.722900391],[109.24987793000001,19.722717285],[109.24652099600002,19.722717285],[109.24652099600002,19.722900391],[109.24487304700001,19.722900391],[109.24487304700001,19.723327637],[109.24468994100002,19.723327637],[109.24468994100002,19.723510742],[109.24432373000002,19.723510742],[109.24432373000002,19.723876953],[109.24407959000001,19.723876953],[109.24407959000001,19.724121094],[109.24389648400002,19.724121094],[109.24389648400002,19.723876953],[109.24291992200001,19.723876953],[109.24291992200001,19.724121094],[109.24249267600001,19.724121094],[109.24249267600001,19.724304199],[109.24127197300001,19.724121094],[109.23010253900001,19.713317871],[109.22827148400002,19.71307373],[109.22827148400002,19.712890625],[109.22808837900001,19.712890625],[109.22790527300002,19.712890625],[109.22790527300002,19.71270752],[109.22772216800001,19.71270752],[109.22772216800001,19.712280273],[109.22711181600002,19.712280273],[109.22711181600002,19.712097168],[109.22692871100001,19.712097168],[109.22692871100001,19.711303711],[109.22650146500001,19.711303711],[109.22650146500001,19.710693359],[109.22570800800001,19.710693359],[109.22570800800001,19.710510254],[109.22491455100001,19.710510254],[109.22491455100001,19.711120605],[109.22467041000002,19.711120605],[109.22467041000002,19.712097168],[109.22412109400001,19.712097168],[109.22412109400001,19.712280273],[109.22387695300002,19.712280273],[109.22387695300002,19.71270752],[109.22332763700001,19.71270752],[109.22332763700001,19.712890625],[109.22290039100001,19.712890625],[109.22290039100001,19.713317871],[109.222473145,19.713317871],[109.222473145,19.713500977],[109.22210693400001,19.713500977],[109.22210693400001,19.713684082],[109.22131347700001,19.713684082],[109.22131347700001,19.714111328],[109.22088623000002,19.714111328],[109.22088623000002,19.714904785],[109.22070312500001,19.714904785],[109.22070312500001,19.715087891],[109.22027587900001,19.715087891],[109.22027587900001,19.715515137],[109.21990966800001,19.715515137],[109.21990966800001,19.715698242],[109.21929931600002,19.715698242],[109.21929931600002,19.715881348],[109.21911621100001,19.715881348],[109.21911621100001,19.716308594],[109.21868896500001,19.716308594],[109.21868896500001,19.716674805],[109.21850585900002,19.716674805],[109.21850585900002,19.716918945],[109.21868896500001,19.716918945],[109.21868896500001,19.717102051],[109.21911621100001,19.717102051],[109.21911621100001,19.717285156],[109.21929931600002,19.717285156],[109.21929931600002,19.717712402],[109.21911621100001,19.717712402],[109.21911621100001,19.717895508],[109.21850585900002,19.717895508],[109.21850585900002,19.718322754],[109.21832275400001,19.718322754],[109.21832275400001,19.718505859],[109.21789550800001,19.718505859],[109.21789550800001,19.718688965],[109.21771240200002,19.718688965],[109.21771240200002,19.719116211],[109.21710205100001,19.719116211],[109.21710205100001,19.719299316],[109.21691894500002,19.719299316],[109.21691894500002,19.719726562],[109.21630859400001,19.719726562],[109.21630859400001,19.719909668],[109.21569824200002,19.719909668],[109.21569824200002,19.720275879],[109.21508789100001,19.720275879],[109.21508789100001,19.72052002],[109.21490478500002,19.72052002],[109.21490478500002,19.720275879],[109.21411132800002,19.720275879],[109.21411132800002,19.72052002],[109.21350097700001,19.72052002],[109.21350097700001,19.720703125],[109.21289062500001,19.720703125],[109.21289062500001,19.72088623],[109.21270752,19.72088623],[109.21228027300002,19.717285156],[109.21228027300002,19.717102051],[109.21270752,19.717102051],[109.21270752,19.716308594],[109.21289062500001,19.716308594],[109.21289062500001,19.715698242],[109.21331787100002,19.715698242],[109.21331787100002,19.713317871],[109.21350097700001,19.713317871],[109.21350097700001,19.711914062],[109.21368408200001,19.711914062],[109.21368408200001,19.710693359],[109.21411132800002,19.710693359],[109.21411132800002,19.708496094],[109.21368408200001,19.708496094],[109.21368408200001,19.707275391],[109.21411132800002,19.707275391],[109.21411132800002,19.704711914],[109.21368408200001,19.704711914],[109.21368408200001,19.702270508],[109.21411132800002,19.702270508],[109.21411132800002,19.700073242],[109.21368408200001,19.700073242],[109.21368408200001,19.697692871],[109.21350097700001,19.697692871],[109.21350097700001,19.696289062],[109.21331787100002,19.696289062],[109.21331787100002,19.695129395],[109.21289062500001,19.695129395],[109.21289062500001,19.694274902],[109.21270752,19.694274902],[109.21270752,19.693481445],[109.21228027300002,19.693481445],[109.21228027300002,19.692687988],[109.21209716800001,19.692687988],[109.21209716800001,19.69152832],[109.21191406200002,19.69152832],[109.21191406200002,19.690673828],[109.21148681600002,19.690673828],[109.21148681600002,19.689697266],[109.21130371100001,19.689697266],[109.21130371100001,19.689086914],[109.21069335900002,19.689086914],[109.21069335900002,19.688903809],[109.21112060500002,19.688903809],[109.21112060500002,19.68572998],[109.21069335900002,19.68572998],[109.21069335900002,19.684692383],[109.21051025400001,19.684692383],[109.21051025400001,19.68347168],[109.21008300800001,19.68347168],[109.21008300800001,19.682495117],[109.20989990200002,19.682495117],[109.20989990200002,19.681884766],[109.20971679700001,19.681884766],[109.20971679700001,19.681518555],[109.20928955100001,19.681518555],[109.20928955100001,19.681091309],[109.20910644500002,19.681091309],[109.20910644500002,19.680297852],[109.20910644500002,19.680114746],[109.20867919900002,19.680114746],[109.20867919900002,19.6796875],[109.20849609400001,19.6796875],[109.20849609400001,19.679321289],[109.20831298800002,19.679321289],[109.20831298800002,19.679077148],[109.20788574200002,19.679077148],[109.20788574200002,19.678894043],[109.20770263700001,19.678894043],[109.20770263700001,19.678527832],[109.20727539100001,19.678527832],[109.20727539100001,19.678283691],[109.20709228500002,19.678283691],[109.20709228500002,19.67791748],[109.20690918000001,19.67791748],[109.20690918000001,19.67767334],[109.20648193400001,19.67767334],[109.20648193400001,19.677490234],[109.20629882800002,19.677490234],[109.20629882800002,19.677124023],[109.20611572300001,19.677124023],[109.20611572300001,19.676879883],[109.20568847700001,19.676879883],[109.20568847700001,19.676513672],[109.20550537100002,19.676513672],[109.20550537100002,19.676330566],[109.20507812500001,19.676330566],[109.20507812500001,19.676086426],[109.20489502,19.676086426],[109.20489502,19.675720215],[109.20428466800001,19.675720215],[109.20428466800001,19.675476074],[109.20410156200002,19.675476074],[109.20410156200002,19.675292969],[109.20367431600002,19.675292969],[109.20367431600002,19.674926758],[109.20349121100001,19.674926758],[109.20349121100001,19.674682617],[109.20288085900002,19.674682617],[109.20288085900002,19.674316406],[109.20269775400001,19.674316406],[109.20269775400001,19.674072266],[109.20251464800002,19.674072266],[109.20251464800002,19.673522949],[109.20208740200002,19.673522949],[109.20208740200002,19.673278809],[109.20190429700001,19.673278809],[109.20190429700001,19.672912598],[109.20147705100001,19.672912598],[109.20147705100001,19.672729492],[109.20129394500002,19.672729492],[109.20129394500002,19.672485352],[109.20111084000001,19.672485352],[109.20111084000001,19.672119141],[109.20050048800002,19.672119141],[109.20050048800002,19.671508789],[109.20007324200002,19.671508789],[109.20007324200002,19.671081543],[109.19989013700001,19.671081543],[109.19989013700001,19.670715332],[109.19970703100002,19.670715332],[109.19970703100002,19.670471191],[109.19927978500002,19.670471191],[109.19927978500002,19.670288086],[109.19909668000001,19.670288086],[109.19909668000001,19.669921875],[109.19873046900001,19.669921875],[109.19873046900001,19.669677734],[109.19848632800002,19.669677734],[109.19848632800002,19.669311523],[109.19830322300001,19.669311523],[109.19830322300001,19.669128418],[109.19787597700001,19.669128418],[109.19787597700001,19.668884277],[109.19769287100002,19.668884277],[109.19769287100002,19.668518066],[109.19708252,19.668518066],[109.19708252,19.668273926],[109.19689941400001,19.668273926],[109.19689941400001,19.667907715],[109.19628906200002,19.667907715],[109.19628906200002,19.667724609],[109.19610595700001,19.667724609],[109.19610595700001,19.667480469],[109.19567871100001,19.667480469],[109.19567871100001,19.667114258],[109.19549560500002,19.667114258],[109.19549560500002,19.666870117],[109.19488525400001,19.666870117],[109.19488525400001,19.666320801],[109.19470214800002,19.666320801],[109.19470214800002,19.66607666],[109.19427490200002,19.66607666],[109.19427490200002,19.665710449],[109.19409179700001,19.665710449],[109.19409179700001,19.665527344],[109.19372558600001,19.665527344],[109.19372558600001,19.665283203],[109.19329834000001,19.665283203],[109.19329834000001,19.664916992],[109.19287109400001,19.664916992],[109.19287109400001,19.664672852],[109.19268798800002,19.664672852],[109.19268798800002,19.664306641],[109.19250488300001,19.664306641],[109.19250488300001,19.664123535],[109.19189453100002,19.664123535],[109.19189453100002,19.663879395],[109.19152832000002,19.663879395],[109.19152832000002,19.663513184],[109.19128418000001,19.663513184],[109.19128418000001,19.663330078],[109.19067382800002,19.663330078],[109.19067382800002,19.662902832],[109.19049072300001,19.662902832],[109.19049072300001,19.662719727],[109.18988037100002,19.662719727],[109.18988037100002,19.662475586],[109.18969726600001,19.662475586],[109.18969726600001,19.662109375],[109.18908691400001,19.662109375],[109.18908691400001,19.66192627],[109.18890380900001,19.66192627],[109.18890380900001,19.661499023],[109.18847656200002,19.661499023],[109.18847656200002,19.661315918],[109.18792724600002,19.661315918],[109.18792724600002,19.660888672],[109.18768310500002,19.660888672],[109.18768310500002,19.660705566],[109.18707275400001,19.660705566],[109.18707275400001,19.660522461],[109.18688964800002,19.660522461],[109.18688964800002,19.66027832],[109.18652343700002,19.66027832],[109.18652343700002,19.659912109],[109.18627929700001,19.659912109],[109.18627929700001,19.659729004],[109.18609619100002,19.659729004],[109.18609619100002,19.659301758],[109.18572998000002,19.659301758],[109.18572998000002,19.659118652],[109.18530273400002,19.659118652],[109.18530273400002,19.658874512],[109.18511962900001,19.658874512],[109.18487548800002,19.658691406],[109.18487548800002,19.658508301],[109.18469238300001,19.658508301],[109.18469238300001,19.657897949],[109.18432617200001,19.657897949],[109.18432617200001,19.657714844],[109.18408203100002,19.657714844],[109.18408203100002,19.657287598],[109.18389892600001,19.657287598],[109.18389892600001,19.657104492],[109.18389892600001,19.656921387],[109.18347168000001,19.656921387],[109.18347168000001,19.656677246],[109.18328857400002,19.656677246],[109.18328857400002,19.656311035],[109.18292236300002,19.656311035],[109.18292236300002,19.655883789],[109.18267822300001,19.655883789],[109.18267822300001,19.655700684],[109.18249511700002,19.655700684],[109.18249511700002,19.655517578],[109.18212890600002,19.655517578],[109.18212890600002,19.655273437],[109.18188476600001,19.655273437],[109.18188476600001,19.654724121],[109.18151855500001,19.654724121],[109.18151855500001,19.653686523],[109.18127441400001,19.653686523],[109.18127441400001,19.653503418],[109.18109130900001,19.653503418],[109.18109130900001,19.653320312],[109.18072509800001,19.653320312],[109.18072509800001,19.653503418],[109.18011474600002,19.653503418],[109.18011474600002,19.653320312],[109.17987060500002,19.653320312],[109.17987060500002,19.652893066],[109.17968750000001,19.652893066],[109.17968750000001,19.653320312],[109.17828369100002,19.653320312],[109.17749023400002,19.652526855],[109.17730712900001,19.652526855],[109.17712402300002,19.652282715],[109.17712402300002,19.652099609],[109.17687988300001,19.652099609],[109.17651367200001,19.651916504],[109.17633056600002,19.651672363],[109.17608642600001,19.651489258],[109.17547607400002,19.651123047],[109.17529296900001,19.650878906],[109.17510986300002,19.650695801],[109.17492675800001,19.650695801],[109.17492675800001,19.650512695],[109.17468261700002,19.650512695],[109.17468261700002,19.649902344],[109.17431640600002,19.649902344],[109.17431640600002,19.649719238],[109.17407226600001,19.649719238],[109.17407226600001,19.649291992],[109.17327880900001,19.649291992],[109.17291259800001,19.649108887],[109.17248535200001,19.648681641],[109.17248535200001,19.648498535],[109.17211914100001,19.648498535],[109.171875,19.64831543],[109.171691895,19.64831543],[109.17150878900001,19.648071289],[109.17150878900001,19.647888184],[109.17132568400001,19.647888184],[109.17108154300001,19.647705078],[109.17010498000002,19.647094727],[109.16967773400002,19.646911621],[109.16888427700002,19.646484375],[109.16851806600002,19.646484375],[109.16851806600002,19.64630127],[109.16827392600001,19.64630127],[109.16790771500001,19.64630127],[109.16790771500001,19.646118164],[109.16772460900002,19.646118164],[109.16772460900002,19.645690918],[109.16687011700002,19.645690918],[109.16687011700002,19.645507812],[109.16650390600002,19.645507812],[109.16650390600002,19.645080566],[109.16607666000002,19.645080566],[109.16607666000002,19.644897461],[109.16589355500001,19.644897461],[109.16552734400001,19.644897461],[109.16552734400001,19.644714355],[109.16491699200002,19.644714355],[109.16491699200002,19.644287109],[109.16430664100001,19.644287109],[109.16430664100001,19.644104004],[109.163879395,19.644104004],[109.163879395,19.643676758],[109.16333007800002,19.643676758],[109.16333007800002,19.643493652],[109.16271972700001,19.643493652],[109.16271972700001,19.643310547],[109.16210937500001,19.643310547],[109.16210937500001,19.642883301],[109.16070556600002,19.642883301],[109.16070556600002,19.642700195],[109.16027832000002,19.642700195],[109.16027832000002,19.642272949],[109.15948486300002,19.642272949],[109.15948486300002,19.642089844],[109.15850830100001,19.642089844],[109.15850830100001,19.642272949],[109.15832519500002,19.642272949],[109.15832519500002,19.642089844],[109.15570068400001,19.642089844],[109.15332031200002,19.642089844],[109.15332031200002,19.642272949],[109.15228271500001,19.642272949],[109.15228271500001,19.642089844],[109.15270996100001,19.642089844],[109.15270996100001,19.641479492],[109.15332031200002,19.641479492],[109.15332031200002,19.641296387],[109.15350341800001,19.641296387],[109.15350341800001,19.641113281],[109.15368652300002,19.641113281],[109.15368652300002,19.640686035],[109.15411377,19.640686035],[109.15411377,19.64050293],[109.15429687500001,19.64050293],[109.15429687500001,19.640075684],[109.15472412100002,19.640075684],[109.15472412100002,19.639892578],[109.15490722700001,19.639892578],[109.15490722700001,19.639709473],[109.15527343700002,19.639709473],[109.15527343700002,19.639282227],[109.15551757800002,19.639282227],[109.15551757800002,19.639099121],[109.15570068400001,19.639099121],[109.15570068400001,19.63848877],[109.15612793000001,19.63848877],[109.15612793000001,19.636901855],[109.15631103500002,19.636901855],[109.15631103500002,19.636291504],[109.15612793000001,19.636291504],[109.15612793000001,19.635681152],[109.15631103500002,19.635681152],[109.15631103500002,19.635070801],[109.15649414100001,19.635070801],[109.15649414100001,19.634887695],[109.15692138700001,19.634887695],[109.15692138700001,19.634094238],[109.15710449200002,19.634094238],[109.15710449200002,19.633728027],[109.15728759800001,19.633728027],[109.15728759800001,19.633300781],[109.15710449200002,19.633300781],[109.15710449200002,19.63269043],[109.15649414100001,19.63269043],[109.15649414100001,19.632873535],[109.15631103500002,19.632873535],[109.15631103500002,19.633300781],[109.15612793000001,19.633300781],[109.15612793000001,19.634094238],[109.15570068400001,19.634094238],[109.15570068400001,19.63470459],[109.15551757800002,19.63470459],[109.15551757800002,19.634887695],[109.15527343700002,19.634887695],[109.15527343700002,19.635070801],[109.15490722700001,19.635070801],[109.15490722700001,19.635681152],[109.15472412100002,19.635681152],[109.15472412100002,19.636291504],[109.15429687500001,19.636291504],[109.15429687500001,19.636474609],[109.15411377,19.636474609],[109.15411377,19.637084961],[109.15368652300002,19.637084961],[109.15368652300002,19.637512207],[109.15350341800001,19.637329102],[109.15350341800001,19.637695312],[109.15332031200002,19.637695312],[109.15332031200002,19.637878418],[109.15289306600002,19.637878418],[109.15289306600002,19.638305664],[109.15270996100001,19.638305664],[109.15270996100001,19.63848877],[109.15209960900002,19.63848877],[109.15209960900002,19.638671875],[109.15191650400001,19.638671875],[109.15191650400001,19.639099121],[109.15148925800001,19.639099121],[109.15148925800001,19.639282227],[109.15130615200002,19.639282227],[109.15130615200002,19.639709473],[109.15069580100001,19.639709473],[109.15069580100001,19.639892578],[109.14990234400001,19.639892578],[109.14990234400001,19.639099121],[109.14971923800002,19.639099121],[109.14971923800002,19.638671875],[109.14929199200002,19.638671875],[109.14929199200002,19.638305664],[109.14910888700001,19.638305664],[109.14910888700001,19.637878418],[109.14849853500002,19.637878418],[109.14849853500002,19.638305664],[109.14831543000001,19.638305664],[109.14831543000001,19.638671875],[109.14849853500002,19.638671875],[109.14849853500002,19.639282227],[109.14868164100001,19.639282227],[109.14868164100001,19.639709473],[109.14929199200002,19.639709473],[109.14929199200002,19.639892578],[109.14971923800002,19.639892578],[109.14971923800002,19.640686035],[109.14971923800002,19.641296387],[109.14929199200002,19.641296387],[109.14929199200002,19.641479492],[109.14910888700001,19.641479492],[109.14910888700001,19.642089844],[109.14868164100001,19.642089844],[109.14868164100001,19.642272949],[109.14831543000001,19.642272949],[109.14831543000001,19.642089844],[109.14788818400001,19.642089844],[109.14788818400001,19.641906738],[109.14770507800002,19.641906738],[109.14770507800002,19.641479492],[109.14727783200001,19.641479492],[109.14727783200001,19.641296387],[109.14709472700001,19.641296387],[109.14709472700001,19.641113281],[109.14691162100002,19.641113281],[109.14691162100002,19.640686035],[109.14630127,19.640686035],[109.14630127,19.64050293],[109.14611816400001,19.64050293],[109.14611816400001,19.640075684],[109.14550781200002,19.640075684],[109.14550781200002,19.639892578],[109.14489746100001,19.639892578],[109.14489746100001,19.639709473],[109.14410400400001,19.639709473],[109.14410400400001,19.639282227],[109.14331054700001,19.639282227],[109.14331054700001,19.639099121],[109.14227294900002,19.639099121],[109.14227294900002,19.638671875],[109.14190673800002,19.638671875],[109.14190673800002,19.63848877],[109.14129638700001,19.63848877],[109.14111328100002,19.63848877],[109.14111328100002,19.638305664],[109.14068603500002,19.638305664],[109.14050293000001,19.638305664],[109.14050293000001,19.637878418],[109.14007568400001,19.637878418],[109.13970947300001,19.637878418],[109.13970947300001,19.637695312],[109.13928222700001,19.637695312],[109.13909912100002,19.637695312],[109.13909912100002,19.637512207],[109.13909912100002,19.637329102],[109.13867187500001,19.637512207],[109.13867187500001,19.637084961],[109.13830566400001,19.637084961],[109.13830566400001,19.636901855],[109.13769531200002,19.636901855],[109.13769531200002,19.636474609],[109.13708496100001,19.636474609],[109.13708496100001,19.636291504],[109.13690185500002,19.636291504],[109.13690185500002,19.636108398],[109.13629150400001,19.636108398],[109.13629150400001,19.635681152],[109.13568115200002,19.635681152],[109.13568115200002,19.635498047],[109.13470459000001,19.635498047],[109.13470459000001,19.635070801],[109.13409423800002,19.635070801],[109.13409423800002,19.634887695],[109.13348388700001,19.634887695],[109.13348388700001,19.63470459],[109.13287353500002,19.63470459],[109.13287353500002,19.634277344],[109.13269043000001,19.634277344],[109.13269043000001,19.634094238],[109.13208007800002,19.634094238],[109.13208007800002,19.633728027],[109.13153076200001,19.633728027],[109.13153076200001,19.633483887],[109.13110351600001,19.633483887],[109.13110351600001,19.633300781],[109.13049316400001,19.633300781],[109.13049316400001,19.632873535],[109.12988281200002,19.632873535],[109.12988281200002,19.63269043],[109.12927246100001,19.63269043],[109.12927246100001,19.632507324],[109.12792968700002,19.632507324],[109.12792968700002,19.631896973],[109.12707519500002,19.631896973],[109.12707519500002,19.631530762],[109.12689209000001,19.631530762],[109.12689209000001,19.631286621],[109.12652587900001,19.631286621],[109.12652587900001,19.631103516],[109.12609863300001,19.631103516],[109.12609863300001,19.63067627],[109.12548828100002,19.63067627],[109.12548828100002,19.630493164],[109.12512207000002,19.630493164],[109.12512207000002,19.630126953],[109.12469482400002,19.630126953],[109.12469482400002,19.629882812],[109.12432861300002,19.629882812],[109.12432861300002,19.629699707],[109.12371826200001,19.629699707],[109.12371826200001,19.629272461],[109.12347412100002,19.629272461],[109.12347412100002,19.629089355],[109.12292480500001,19.629089355],[109.12292480500001,19.628723145],[109.12249755900001,19.628723145],[109.12249755900001,19.628479004],[109.12152099600002,19.628479004],[109.12152099600002,19.628295898],[109.12048339800002,19.628295898],[109.12048339800002,19.627929687],[109.11968994100002,19.627929687],[109.11968994100002,19.627685547],[109.11889648400002,19.627685547],[109.11889648400002,19.627502441],[109.11828613300001,19.627502441],[109.11828613300001,19.627075195],[109.11791992200001,19.627075195],[109.11791992200001,19.62689209],[109.11749267600001,19.62689209],[109.11749267600001,19.626525879],[109.11712646500001,19.626525879],[109.11712646500001,19.625671387],[109.11608886700002,19.625671387],[109.11608886700002,19.626281738],[109.11529541000002,19.626281738],[109.11407470700001,19.625915527],[109.11407470700001,19.625671387],[109.11370849600002,19.625671387],[109.11352539100001,19.625671387],[109.11352539100001,19.625488281],[109.11328125000001,19.625488281],[109.11328125000001,19.62512207],[109.11267089800002,19.62512207],[109.11267089800002,19.62487793],[109.11248779300001,19.62487793],[109.11248779300001,19.624694824],[109.11187744100002,19.624694824],[109.11187744100002,19.624328613],[109.11151123000002,19.624328613],[109.11151123000002,19.624084473],[109.11108398400002,19.624084473],[109.11108398400002,19.623901367],[109.11010742200001,19.623901367],[109.11010742200001,19.623474121],[109.10968017600001,19.623474121],[109.10968017600001,19.623291016],[109.10888671900001,19.623291016],[109.10888671900001,19.622924805],[109.10827636700002,19.622924805],[109.10827636700002,19.622680664],[109.10791015600002,19.622680664],[109.10791015600002,19.622497559],[109.10748291000002,19.622497559],[109.10748291000002,19.622070312],[109.10711669900002,19.622070312],[109.10711669900002,19.621887207],[109.10650634800001,19.621887207],[109.10650634800001,19.621520996],[109.10571289100001,19.621520996],[109.10571289100001,19.621276855],[109.10491943400001,19.621276855],[109.10491943400001,19.62109375],[109.10412597700001,19.62109375],[109.10412597700001,19.620483398],[109.10351562500001,19.620483398],[109.10351562500001,19.620117187],[109.10290527300002,19.620117187],[109.10290527300002,19.619873047],[109.10247802700002,19.619873047],[109.10247802700002,19.619689941],[109.10211181600002,19.619689941],[109.10211181600002,19.61907959],[109.10131835900002,19.61907959],[109.10131835900002,19.618896484],[109.10107421900001,19.618896484],[109.10107421900001,19.618530273],[109.10052490200002,19.618530273],[109.10052490200002,19.618286133],[109.10028076200001,19.618286133],[109.10028076200001,19.617919922],[109.09967041000002,19.617919922],[109.09967041000002,19.617675781],[109.09930419900002,19.617675781],[109.09930419900002,19.617492676],[109.09887695300002,19.617492676],[109.09887695300002,19.617126465],[109.09851074200002,19.617126465],[109.09851074200002,19.616882324],[109.09790039100001,19.616882324],[109.09790039100001,19.616516113],[109.097473145,19.616516113],[109.097473145,19.616271973],[109.09710693400001,19.616271973],[109.09710693400001,19.616088867],[109.09667968700002,19.616088867],[109.09667968700002,19.615722656],[109.09631347700001,19.615722656],[109.09631347700001,19.614074707],[109.09527587900001,19.614074707],[109.09527587900001,19.614318848],[109.09411621100001,19.614318848],[109.09411621100001,19.614074707],[109.09368896500001,19.614074707],[109.09368896500001,19.613891602],[109.09332275400001,19.613891602],[109.09332275400001,19.613525391],[109.09271240200002,19.613525391],[109.09271240200002,19.61328125],[109.09210205100001,19.61328125],[109.09210205100001,19.612915039],[109.09167480500001,19.612915039],[109.09167480500001,19.612670898],[109.09130859400001,19.612670898],[109.09130859400001,19.612487793],[109.09088134800001,19.612487793],[109.09088134800001,19.612121582],[109.09051513700001,19.612121582],[109.09051513700001,19.611877441],[109.08990478500002,19.611877441],[109.08990478500002,19.61151123],[109.08929443400001,19.61151123],[109.08929443400001,19.611328125],[109.08868408200001,19.611328125],[109.08868408200001,19.611083984],[109.08850097700001,19.611083984],[109.08850097700001,19.610717773],[109.08789062500001,19.610717773],[109.08789062500001,19.610473633],[109.08728027300002,19.610473633],[109.08728027300002,19.610290527],[109.08691406200002,19.610290527],[109.08691406200002,19.610107422],[109.08691406200002,19.609924316],[109.08648681600002,19.609924316],[109.08648681600002,19.609680176],[109.08612060500002,19.609680176],[109.08612060500002,19.609313965],[109.08569335900002,19.609313965],[109.08569335900002,19.609130859],[109.08508300800001,19.609130859],[109.08508300800001,19.608886719],[109.08489990200002,19.608886719],[109.08489990200002,19.608520508],[109.08471679700001,19.608520508],[109.08471679700001,19.608276367],[109.08410644500002,19.608276367],[109.08410644500002,19.607910156],[109.08367919900002,19.607910156],[109.08367919900002,19.607727051],[109.08331298800002,19.607727051],[109.08331298800002,19.60748291],[109.08288574200002,19.60748291],[109.08288574200002,19.607116699],[109.08251953100002,19.607116699],[109.08209228500002,19.607116699],[109.08209228500002,19.606872559],[109.08172607400002,19.606872559],[109.08129882800002,19.606689453],[109.08129882800002,19.606506348],[109.07989502,19.605712891],[109.07470703100002,19.602478027],[109.05468750000001,19.598327637],[109.05487060500002,19.598327637],[109.05487060500002,19.597900391],[109.05511474600002,19.597900391],[109.05511474600002,19.597717285],[109.05548095700001,19.597717285],[109.05548095700001,19.597473145],[109.05572509800001,19.597473145],[109.05572509800001,19.597106934],[109.05432128900001,19.597106934],[109.05432128900001,19.597900391],[109.05352783200001,19.597900391],[109.05352783200001,19.597717285],[109.05230712900001,19.597717285],[109.04071044900002,19.595275879],[109.03289794900002,19.592712402],[109.03271484400001,19.592712402],[109.03271484400001,19.592285156],[109.03210449200002,19.592285156],[109.03210449200002,19.592102051],[109.03131103500002,19.592102051],[109.03131103500002,19.591918945],[109.03070068400001,19.591918945],[109.03070068400001,19.591674805],[109.03027343700002,19.591674805],[109.03027343700002,19.591308594],[109.02929687500001,19.591308594],[109.02929687500001,19.590881348],[109.02868652300002,19.590881348],[109.02868652300002,19.590698242],[109.02789306600002,19.590698242],[109.02789306600002,19.590515137],[109.02709960900002,19.590515137],[109.02709960900002,19.590087891],[109.02612304700001,19.590087891],[109.02612304700001,19.589904785],[109.02551269500002,19.589904785],[109.02551269500002,19.58972168],[109.02490234400001,19.58972168],[109.02490234400001,19.589294434],[109.02270507800002,19.589294434],[109.02270507800002,19.589111328],[109.02209472700001,19.589111328],[109.02209472700001,19.588684082],[109.02191162100002,19.588684082],[109.02191162100002,19.588500977],[109.02130127,19.588500977],[109.02130127,19.588317871],[109.02069091800001,19.588317871],[109.02069091800001,19.587890625],[109.02008056600002,19.58807373],[109.02008056600002,19.58770752],[109.01788330100001,19.58770752],[109.01788330100001,19.587280273],[109.01727294900002,19.587280273],[109.01727294900002,19.587097168],[109.01690673800002,19.587097168],[109.01690673800002,19.586914062],[109.01647949200002,19.586914062],[109.01647949200002,19.586486816],[109.01629638700001,19.586486816],[109.01629638700001,19.586303711],[109.01568603500002,19.586303711],[109.01568603500002,19.586120605],[109.01550293000001,19.586120605],[109.01550293000001,19.585693359],[109.01489257800002,19.585693359],[109.01489257800002,19.586120605],[109.01428222700001,19.586120605],[109.01428222700001,19.585693359],[109.01348877,19.585693359],[109.01348877,19.585083008],[109.01251220700001,19.585083008],[109.01208496100001,19.584899902],[109.01129150400001,19.584472656],[109.01110839800002,19.584289551],[109.01068115200002,19.584106445],[109.00848388700001,19.582885742],[109.00268554700001,19.577087402],[109.00207519500002,19.576477051],[109.00207519500002,19.576293945],[109.00189209000001,19.57611084],[109.00109863300001,19.575073242],[109.00109863300001,19.574707031],[109.00067138700001,19.574707031],[109.00067138700001,19.574279785],[109.00048828100002,19.574279785],[108.99212646500001,19.563293457],[108.99212646500001,19.562683105],[108.99249267600001,19.562683105],[108.99249267600001,19.562072754],[108.99212646500001,19.562072754],[108.99212646500001,19.561889648],[108.99188232400002,19.561889648],[108.99188232400002,19.561523437],[108.99151611300002,19.561523437],[108.99151611300002,19.561279297],[108.99127197300001,19.561279297],[108.99127197300001,19.56072998],[108.99108886700002,19.56072998],[108.99108886700002,19.56048584],[108.99072265600002,19.56048584],[108.99072265600002,19.560119629],[108.99047851600001,19.560119629],[108.99047851600001,19.559875488],[108.99011230500001,19.559875488],[108.99011230500001,19.559692383],[108.98992919900002,19.559692383],[108.98992919900002,19.559326172],[108.98968505900001,19.559326172],[108.98968505900001,19.559082031],[108.98931884800001,19.559082031],[108.98931884800001,19.558898926],[108.98907470700001,19.558898926],[108.98907470700001,19.55847168],[108.98852539100001,19.55847168],[108.98852539100001,19.558288574],[108.98828125000001,19.558288574],[108.98828125000001,19.557922363],[108.988098145,19.557922363],[108.98791503900001,19.557678223],[108.98767089800002,19.557495117],[108.98712158200001,19.55670166],[108.98712158200001,19.556518555],[108.98687744100002,19.556274414],[108.98608398400002,19.555297852],[108.98608398400002,19.555114746],[108.98590087900001,19.555114746],[108.98468017600001,19.553710937],[108.97967529300001,19.548522949],[108.97967529300001,19.548278809],[108.97949218700002,19.548278809],[108.97930908200001,19.548278809],[108.97930908200001,19.547729492],[108.97912597700001,19.547729492],[108.97912597700001,19.547119141],[108.97888183600001,19.547119141],[108.97888183600001,19.546325684],[108.97851562500001,19.546325684],[108.97851562500001,19.545715332],[108.97827148400002,19.545715332],[108.97827148400002,19.545288086],[108.97790527300002,19.545288086],[108.97790527300002,19.544921875],[108.97772216800001,19.544921875],[108.97772216800001,19.544677734],[108.97747802700002,19.544677734],[108.97747802700002,19.544311523],[108.97711181600002,19.544311523],[108.97711181600002,19.544128418],[108.97692871100001,19.544128418],[108.97692871100001,19.543518066],[108.97650146500001,19.543518066],[108.97650146500001,19.543273926],[108.97631835900002,19.543273926],[108.97631835900002,19.542907715],[108.97607421900001,19.542907715],[108.97607421900001,19.542724609],[108.97570800800001,19.542724609],[108.97570800800001,19.542480469],[108.97552490200002,19.542480469],[108.97552490200002,19.542114258],[108.97528076200001,19.542114258],[108.97528076200001,19.541870117],[108.97491455100001,19.541870117],[108.97491455100001,19.541503906],[108.97430419900002,19.541503906],[108.97430419900002,19.541320801],[108.97412109400001,19.541320801],[108.97412109400001,19.54107666],[108.97387695300002,19.54107666],[108.97387695300002,19.540710449],[108.97351074200002,19.540710449],[108.97351074200002,19.540527344],[108.97332763700001,19.540527344],[108.97332763700001,19.540283203],[108.97290039100001,19.540283203],[108.97290039100001,19.539916992],[108.972473145,19.539916992],[108.972473145,19.539672852],[108.97210693400001,19.539672852],[108.97210693400001,19.539306641],[108.97192382800002,19.539306641],[108.97192382800002,19.539123535],[108.97167968700002,19.539123535],[108.97167968700002,19.538879395],[108.97131347700001,19.538879395],[108.97131347700001,19.538513184],[108.97088623000002,19.538513184],[108.97088623000002,19.538330078],[108.97070312500001,19.538330078],[108.97070312500001,19.537902832],[108.97052002,19.537902832],[108.97052002,19.537719727],[108.97027587900001,19.537719727],[108.97027587900001,19.537475586],[108.96990966800001,19.537475586],[108.96990966800001,19.537109375],[108.96972656200002,19.537109375],[108.96972656200002,19.53692627],[108.96929931600002,19.53692627],[108.96929931600002,19.536499023],[108.96911621100001,19.536499023],[108.96911621100001,19.536315918],[108.96868896500001,19.536315918],[108.96868896500001,19.535888672],[108.96850585900002,19.535888672],[108.96850585900002,19.535705566],[108.96832275400001,19.535705566],[108.96832275400001,19.535522461],[108.96771240200002,19.535522461],[108.96771240200002,19.53527832],[108.96710205100001,19.53527832],[108.96710205100001,19.534912109],[108.96667480500001,19.534912109],[108.96667480500001,19.534729004],[108.96588134800001,19.534729004],[108.96588134800001,19.534301758],[108.96551513700001,19.534301758],[108.96551513700001,19.534118652],[108.96472168000001,19.534118652],[108.96472168000001,19.533874512],[108.96411132800002,19.533874512],[108.96411132800002,19.533508301],[108.96350097700001,19.533508301],[108.96350097700001,19.533325195],[108.96289062500001,19.533325195],[108.96289062500001,19.532897949],[108.96228027300002,19.532897949],[108.96228027300002,19.532714844],[108.96191406200002,19.532714844],[108.96191406200002,19.532287598],[108.96148681600002,19.532287598],[108.96130371100001,19.532287598],[108.96130371100001,19.532104492],[108.96069335900002,19.532104492],[108.96069335900002,19.531921387],[108.96008300800001,19.531921387],[108.95989990200002,19.531677246],[108.95971679700001,19.531677246],[108.95928955100001,19.531494141],[108.95928955100001,19.531311035],[108.95867919900002,19.53112793],[108.95867919900002,19.530883789],[108.94592285200001,19.522277832],[108.94567871100001,19.522277832],[108.94549560500002,19.522094727],[108.94549560500002,19.521911621],[108.945129395,19.521911621],[108.94488525400001,19.521728516],[108.94488525400001,19.521484375],[108.94470214800002,19.521484375],[108.94470214800002,19.52130127],[108.94427490200002,19.52130127],[108.94427490200002,19.521118164],[108.94409179700001,19.521118164],[108.94409179700001,19.520690918],[108.94372558600001,19.520690918],[108.94372558600001,19.520507812],[108.94348144500002,19.520507812],[108.94348144500002,19.519897461],[108.94329834000001,19.519897461],[108.94329834000001,19.519714355],[108.94287109400001,19.519714355],[108.94287109400001,19.519287109],[108.94268798800002,19.519287109],[108.94268798800002,19.518676758],[108.94250488300001,19.518676758],[108.94250488300001,19.518310547],[108.94207763700001,19.518310547],[108.94207763700001,19.518127441],[108.94207763700001,19.517883301],[108.94189453100002,19.517883301],[108.94189453100002,19.517700195],[108.94171142600001,19.517700195],[108.94152832000002,19.517700195],[108.94152832000002,19.517089844],[108.94128418000001,19.517089844],[108.94128418000001,19.516906738],[108.94110107400002,19.516906738],[108.94110107400002,19.516723633],[108.94427490200002,19.516479492],[108.94812011700002,19.514282227],[108.94689941400001,19.51348877],[108.94708252,19.51348877],[108.94708252,19.513305664],[108.94750976600001,19.513305664],[108.94750976600001,19.512878418],[108.94787597700001,19.512878418],[108.94873046900001,19.512878418],[108.94873046900001,19.512695312],[108.94927978500002,19.512695312],[108.94927978500002,19.512329102],[108.94970703100002,19.512512207],[108.94970703100002,19.512084961],[108.94989013700001,19.512084961],[108.94989013700001,19.511901855],[108.95007324200002,19.511901855],[108.95007324200002,19.511474609],[108.95050048800002,19.511474609],[108.95050048800002,19.511291504],[108.95068359400001,19.511291504],[108.95068359400001,19.511108398],[108.95068359400001,19.510681152],[108.95111084000001,19.510681152],[108.95208740200002,19.510681152],[108.95208740200002,19.510498047],[108.95288085900002,19.510498047],[108.95288085900002,19.509887695],[108.95330810500002,19.509887695],[108.95330810500002,19.50970459],[108.95367431600002,19.50970459],[108.95367431600002,19.509277344],[108.95410156200002,19.509277344],[108.95410156200002,19.509094238],[108.95471191400001,19.509094238],[108.95471191400001,19.508728027],[108.95507812500001,19.508728027],[108.95507812500001,19.508483887],[108.95550537100002,19.508483887],[108.95550537100002,19.508300781],[108.95568847700001,19.508300781],[108.95568847700001,19.507507324],[108.95611572300001,19.507507324],[108.95611572300001,19.506103516],[108.95568847700001,19.506103516],[108.95568847700001,19.50567627],[108.95550537100002,19.50567627],[108.95550537100002,19.505493164],[108.95489502,19.505493164],[108.95489502,19.50567627],[108.95471191400001,19.50567627],[108.95471191400001,19.50769043],[108.95428466800001,19.50769043],[108.95428466800001,19.507873535],[108.95367431600002,19.507873535],[108.95367431600002,19.508483887],[108.95288085900002,19.508483887],[108.95288085900002,19.508728027],[108.95269775400001,19.508728027],[108.95269775400001,19.509094238],[108.95129394500002,19.509094238],[108.95129394500002,19.508728027],[108.95068359400001,19.508728027],[108.95068359400001,19.509094238],[108.95050048800002,19.509094238],[108.95050048800002,19.509277344],[108.94989013700001,19.509277344],[108.94989013700001,19.509521484],[108.94989013700001,19.50970459],[108.94873046900001,19.50970459],[108.94873046900001,19.509521484],[108.94873046900001,19.509277344],[108.94848632800002,19.509277344],[108.94848632800002,19.509094238],[108.94769287100002,19.509094238],[108.94769287100002,19.509277344],[108.94689941400001,19.509277344],[108.94689941400001,19.50970459],[108.94647216800001,19.50970459],[108.94647216800001,19.509887695],[108.94628906200002,19.509887695],[108.94628906200002,19.510070801],[108.94610595700001,19.510070801],[108.94610595700001,19.510498047],[108.945129395,19.510498047],[108.945129395,19.510681152],[108.94372558600001,19.510681152],[108.94372558600001,19.510498047],[108.94287109400001,19.510498047],[108.94250488300001,19.510498047],[108.93792724600002,19.507324219],[108.93792724600002,19.506530762],[108.93792724600002,19.50567627],[108.93768310500002,19.50567627],[108.93768310500002,19.504699707],[108.93768310500002,19.503479004],[108.93792724600002,19.503295898],[108.93988037100002,19.501098633],[108.93988037100002,19.502685547],[108.94012451200001,19.502685547],[108.94012451200001,19.502929687],[108.94030761700002,19.502929687],[108.94067382800002,19.502929687],[108.94067382800002,19.503295898],[108.94110107400002,19.503295898],[108.94110107400002,19.503479004],[108.94152832000002,19.503479004],[108.94152832000002,19.503723145],[108.94207763700001,19.503723145],[108.94207763700001,19.502929687],[108.94250488300001,19.502929687],[108.94250488300001,19.502075195],[108.94268798800002,19.502075195],[108.94268798800002,19.501525879],[108.94287109400001,19.501525879],[108.94287109400001,19.501281738],[108.94329834000001,19.501281738],[108.94329834000001,19.502502441],[108.94348144500002,19.502502441],[108.94348144500002,19.502929687],[108.94372558600001,19.502929687],[108.94372558600001,19.503479004],[108.94409179700001,19.503479004],[108.94409179700001,19.504089355],[108.94427490200002,19.504089355],[108.94427490200002,19.504699707],[108.94470214800002,19.504699707],[108.94470214800002,19.505126953],[108.94488525400001,19.505126953],[108.94488525400001,19.50567627],[108.945129395,19.50567627],[108.945129395,19.506286621],[108.94549560500002,19.506286621],[108.94549560500002,19.506530762],[108.94567871100001,19.506530762],[108.94567871100001,19.507080078],[108.94610595700001,19.507080078],[108.94610595700001,19.507507324],[108.94689941400001,19.507507324],[108.94689941400001,19.507080078],[108.94750976600001,19.507080078],[108.94750976600001,19.506530762],[108.94708252,19.506530762],[108.94708252,19.506103516],[108.94769287100002,19.506103516],[108.94769287100002,19.50567627],[108.94750976600001,19.50567627],[108.94750976600001,19.505126953],[108.94708252,19.505126953],[108.94708252,19.504699707],[108.94689941400001,19.504699707],[108.94689941400001,19.504089355],[108.94647216800001,19.504089355],[108.94647216800001,19.503723145],[108.94628906200002,19.503723145],[108.94628906200002,19.503295898],[108.94610595700001,19.503295898],[108.94610595700001,19.502685547],[108.94567871100001,19.502685547],[108.94567871100001,19.502075195],[108.94549560500002,19.502075195],[108.94549560500002,19.501525879],[108.945129395,19.501525879],[108.945129395,19.501098633],[108.94488525400001,19.501098633],[108.94488525400001,19.500488281],[108.94470214800002,19.500488281],[108.94470214800002,19.50012207],[108.94470214800002,19.499694824],[108.94427490200002,19.499694824],[108.94427490200002,19.499084473],[108.94409179700001,19.499084473],[108.94409179700001,19.498474121],[108.94372558600001,19.498474121],[108.94372558600001,19.497924805],[108.94348144500002,19.497924805],[108.94348144500002,19.497680664],[108.94409179700001,19.497680664],[108.94409179700001,19.497497559],[108.94427490200002,19.497497559],[108.94427490200002,19.497070312],[108.94787597700001,19.497070312],[108.94909668000001,19.497070312],[108.94909668000001,19.496520996],[108.94927978500002,19.496520996],[108.94927978500002,19.496276855],[108.94989013700001,19.496276855],[108.94989013700001,19.49609375],[108.95007324200002,19.49609375],[108.95007324200002,19.495727539],[108.95111084000001,19.495727539],[108.95111084000001,19.49609375],[108.95147705100001,19.49609375],[108.95147705100001,19.496276855],[108.95288085900002,19.496276855],[108.95288085900002,19.49609375],[108.95330810500002,19.49609375],[108.95330810500002,19.495727539],[108.95367431600002,19.495727539],[108.95367431600002,19.495483398],[108.95410156200002,19.495483398],[108.95410156200002,19.495117187],[108.95471191400001,19.495117187],[108.95471191400001,19.494873047],[108.95489502,19.494873047],[108.95489502,19.494689941],[108.95550537100002,19.494689941],[108.95550537100002,19.49432373],[108.95568847700001,19.49432373],[108.95568847700001,19.49407959],[108.95611572300001,19.49407959],[108.95611572300001,19.493896484],[108.95629882800002,19.493896484],[108.95629882800002,19.493530273],[108.95648193400001,19.493530273],[108.95648193400001,19.493286133],[108.95690918000001,19.493286133],[108.95690918000001,19.492919922],[108.95709228500002,19.492919922],[108.95709228500002,19.492675781],[108.95727539100001,19.492675781],[108.95727539100001,19.492492676],[108.95770263700001,19.492492676],[108.95770263700001,19.492126465],[108.95788574200002,19.492126465],[108.95788574200002,19.491516113],[108.95831298800002,19.491516113],[108.95831298800002,19.491271973],[108.95849609400001,19.491271973],[108.95849609400001,19.491088867],[108.95867919900002,19.491088867],[108.95867919900002,19.490478516],[108.95910644500002,19.490478516],[108.95910644500002,19.490112305],[108.95928955100001,19.490112305],[108.95928955100001,19.489929199],[108.95971679700001,19.489929199],[108.95971679700001,19.489318848],[108.95989990200002,19.489318848],[108.95989990200002,19.489074707],[108.96008300800001,19.489074707],[108.96008300800001,19.488525391],[108.96051025400001,19.488525391],[108.96051025400001,19.48828125],[108.96069335900002,19.48828125],[108.96069335900002,19.487670898],[108.96112060500002,19.487670898],[108.96112060500002,19.487487793],[108.96148681600002,19.487487793],[108.96148681600002,19.487121582],[108.96191406200002,19.487121582],[108.96191406200002,19.486877441],[108.96368408200001,19.486877441],[108.96368408200001,19.48651123],[108.96411132800002,19.48651123],[108.96411132800002,19.486328125],[108.96429443400001,19.486328125],[108.96429443400001,19.486083984],[108.96472168000001,19.486083984],[108.96472168000001,19.485473633],[108.96429443400001,19.485473633],[108.96429443400001,19.485290527],[108.96691894500002,19.484130859],[108.96911621100001,19.48248291],[108.96948242200001,19.482116699],[108.96972656200002,19.482116699],[108.96972656200002,19.481872559],[108.97052002,19.481872559],[108.97052002,19.481506348],[108.97088623000002,19.481506348],[108.97088623000002,19.481323242],[108.97131347700001,19.481323242],[108.97131347700001,19.481079102],[108.97192382800002,19.481079102],[108.97192382800002,19.480712891],[108.972473145,19.480712891],[108.972473145,19.480529785],[108.97210693400001,19.480529785],[108.97210693400001,19.480285645],[108.97192382800002,19.480285645],[108.97192382800002,19.479919434],[108.97332763700001,19.478515625],[108.97552490200002,19.472473145],[108.97570800800001,19.468322754],[108.97869873000002,19.463684082],[108.98132324200002,19.459472656],[108.98413085900002,19.455505371],[108.98687744100002,19.448913574],[108.98870849600002,19.442077637],[108.99029541000002,19.438476562],[108.99328613300001,19.43371582],[108.99627685500002,19.430480957],[109.00030517600001,19.428894043],[109.00628662100002,19.42791748],[109.00909423800002,19.428283691],[109.01269531200002,19.428527832],[109.01727294900002,19.429870605],[109.02130127,19.432678223],[109.02410888700001,19.434082031],[109.02911377,19.436889648],[109.03289794900002,19.43548584],[109.03552246100001,19.434326172],[109.04071044900002,19.432128906],[109.04370117200001,19.434326172],[109.04730224600002,19.437072754],[109.04888916000002,19.441711426],[109.04968261700002,19.445495605],[109.04907226600001,19.450073242],[109.04772949200002,19.452880859],[109.04467773400002,19.458129883],[109.04248046900001,19.461914062],[109.04168701200001,19.466308594],[109.04132080100001,19.47052002],[109.04132080100001,19.47668457],[109.04290771500001,19.482299805],[109.04412841800001,19.485473633],[109.04730224600002,19.489501953],[109.05133056600002,19.489501953],[109.05987548800002,19.486083984],[109.06567382800002,19.485900879],[109.07348632800002,19.480529785],[109.07849121100001,19.479125977],[109.08929443400001,19.470275879],[109.09527587900001,19.464111328],[109.10650634800001,19.462280273],[109.11132812500001,19.464904785],[109.11450195300002,19.467712402],[109.11810302700002,19.472717285],[109.11907959000001,19.478515625],[109.12170410200001,19.480529785],[109.12628173800002,19.481323242],[109.12951660200001,19.477722168],[109.13507080100001,19.467529297],[109.13592529300001,19.462890625],[109.13848877,19.45892334],[109.14147949200002,19.456115723],[109.14587402300002,19.454528809],[109.14947509800001,19.453125],[109.15490722700001,19.446289062],[109.15588378900001,19.44329834],[109.15887451200001,19.436889648],[109.16247558600001,19.434082031],[109.16748046900001,19.433105469],[109.17327880900001,19.432678223],[109.17767334000001,19.432922363],[109.18328857400002,19.43371582],[109.18768310500002,19.43347168],[109.19189453100002,19.427124023],[109.19110107400002,19.424926758],[109.18688964800002,19.422302246],[109.18249511700002,19.419921875],[109.17871093700002,19.416687012],[109.17651367200001,19.413513184],[109.17510986300002,19.410095215],[109.17572021500001,19.403320312],[109.17767334000001,19.401123047],[109.18072509800001,19.400512695],[109.18548584000001,19.401306152],[109.18969726600001,19.402282715],[109.19427490200002,19.403320312],[109.19873046900001,19.402526855],[109.203125,19.400695801],[109.20611572300001,19.399291992],[109.21228027300002,19.395874023],[109.21667480500001,19.394104004],[109.21887207000002,19.392272949],[109.22192382800002,19.388122559],[109.22412109400001,19.385681152],[109.23052978500002,19.387084961],[109.23272705100001,19.388305664],[109.23687744100002,19.383483887],[109.24169921900001,19.381530762],[109.24652099600002,19.377685547],[109.25231933600001,19.376708984],[109.25811767600001,19.37310791],[109.26269531200002,19.372070312],[109.26647949200002,19.375305176],[109.26690673800002,19.377685547],[109.26928710900002,19.38269043],[109.27252197300001,19.386291504],[109.27709960900002,19.389709473],[109.28131103500002,19.387329102],[109.28552246100001,19.386901855],[109.28692627,19.392272949],[109.28692627,19.397888184],[109.29089355500001,19.397094727],[109.29449462900001,19.395507812],[109.30487060500002,19.397094727],[109.30468750000001,19.390319824],[109.30969238300001,19.390930176],[109.31427002,19.395874023],[109.31787109400001,19.394287109],[109.32128906200002,19.394287109],[109.32470703100002,19.392883301],[109.32849121100001,19.391479492],[109.33367919900002,19.388305664],[109.33691406200002,19.384521484],[109.33850097700001,19.375915527],[109.33972168000001,19.373474121],[109.34570312500001,19.374511719],[109.34930419900002,19.373291016],[109.35589599600002,19.372680664],[109.35711669900002,19.379272461],[109.36010742200001,19.37890625],[109.36370849600002,19.377075195],[109.36730957000002,19.37512207],[109.37451171900001,19.36932373],[109.37609863300001,19.366271973],[109.37707519500002,19.36151123],[109.37829589800002,19.354919434],[109.38012695300002,19.354309082],[109.38568115200002,19.353271484],[109.39270019500002,19.355285645],[109.39727783200001,19.357910156],[109.40270996100001,19.358520508],[109.41149902300002,19.356506348],[109.41528320300002,19.356079102],[109.421691895,19.357116699],[109.42687988300001,19.361877441],[109.42968750000001,19.364074707],[109.43328857400002,19.367675781],[109.43847656200002,19.372924805],[109.44567871100001,19.38092041],[109.44647216800001,19.383911133],[109.445129395,19.38848877],[109.44427490200002,19.392700195],[109.44927978500002,19.39630127],[109.45611572300001,19.397277832],[109.46411132800002,19.398071289],[109.46972656200002,19.398498535],[109.47631835900002,19.393676758],[109.47949218700002,19.388305664],[109.48071289100001,19.383483887],[109.48272705100001,19.378479004],[109.48687744100002,19.374328613],[109.49267578100002,19.370483398],[109.49530029300001,19.365478516],[109.49627685500002,19.358886719],[109.495910645,19.353088379],[109.49267578100002,19.34588623],[109.49169921900001,19.343078613],[109.488098145,19.336914062],[109.48431396500001,19.332885742],[109.48248291000002,19.329711914],[109.48107910200001,19.325683594],[109.47528076200001,19.32208252],[109.47210693400001,19.321289062],[109.46728515600002,19.319702148],[109.46490478500002,19.31628418],[109.46447753900001,19.30871582],[109.46508789100001,19.304504395],[109.46850585900002,19.300720215],[109.47412109400001,19.301086426],[109.47631835900002,19.301696777],[109.48388671900001,19.302307129],[109.49047851600001,19.303527832],[109.49792480500001,19.30267334],[109.50653076200001,19.302307129],[109.51489257800002,19.304504395],[109.52032470700001,19.307678223],[109.52368164100001,19.31048584],[109.53088378900001,19.310913086],[109.53729248000002,19.305908203],[109.54132080100001,19.30267334],[109.54327392600001,19.299072266],[109.54791259800001,19.292114258],[109.55352783200001,19.281494141],[109.55847168000001,19.274291992],[109.56427002,19.269897461],[109.57067871100001,19.263916016],[109.57507324200002,19.257873535],[109.57971191400001,19.24987793],[109.58288574200002,19.245483398],[109.58929443400001,19.244689941],[109.59448242200001,19.249694824],[109.59832763700001,19.252929687],[109.60247802700002,19.252502441],[109.605285645,19.246887207],[109.60748291000002,19.235473633],[109.61090087900001,19.225097656],[109.61468505900001,19.217102051],[109.61791992200001,19.212280273],[109.62329101600001,19.206298828],[109.62670898400002,19.203491211],[109.63012695300002,19.201721191],[109.63531494100002,19.202087402],[109.64050293000001,19.20489502],[109.64868164100001,19.208496094],[109.65472412100002,19.209472656],[109.66149902300002,19.209472656],[109.66333007800002,19.208679199],[109.66748046900001,19.202880859],[109.67047119100002,19.193908691],[109.67407226600001,19.18951416],[109.67791748000002,19.184082031]]],[[[109.23272705100001,19.757507324],[109.23291015600002,19.757507324],[109.23272705100001,19.757873535],[109.23272705100001,19.757507324]]],[[[109.56109619100002,19.859313965],[109.56109619100002,19.859130859],[109.56188964800002,19.859130859],[109.56109619100002,19.860473633],[109.56109619100002,19.859680176],[109.56011962900001,19.859680176],[109.56011962900001,19.859313965],[109.56048584000001,19.859313965],[109.56048584000001,19.859130859],[109.56072998000002,19.859130859],[109.56072998000002,19.859313965],[109.56109619100002,19.859313965]]],[[[109.56671142600001,19.865112305],[109.56591796900001,19.867126465],[109.56488037100002,19.867126465],[109.56671142600001,19.865112305]]]]}}
