{"type":"Feature","id":"bulk-99377448B11440859715944","bbox":[127.43811035200001,42.00390625,131.22888183600003,44.495483398],"properties":{"id":"bulk-99377448B11440859715944","name":"Yanbian Korean Autonomous Prefecture","nameEn":"Yanbian Korean Autonomous Prefecture","fullName":"Yanbian Korean Autonomous Prefecture","level":"city","boundaryRole":"administrative-extent","boundaryQuality":"generalized-source-2020","boundaryYearRepresented":"2020","bounds":[[127.43811035200001,42.00390625],[131.22888183600003,44.495483398]],"center":[129.33349609400003,43.249694824],"centerMethod":"bounding-box midpoint; camera framing only","license":"CC-BY-3.0-IGO","attribution":"geoBoundaries / HDX, China administrative boundaries (2020)","source":{"provider":"geoBoundaries gbHumanitarian / HDX","url":"https://github.com/wmgeolab/geoBoundaries/raw/9469f09/releaseData/gbHumanitarian/CHN/ADM2/geoBoundaries-CHN-ADM2.geojson","metadataUrl":"https://www.geoboundaries.org/api/current/gbHumanitarian/CHN/ADM2/","shapeID":"99377448B11440859715944","shapeName":"Yanbian Korean Autonomous Prefecture","boundaryID":"CHN-ADM2-99377448","commit":"9469f09"},"geometryCounts":{"coordinates":3366,"components":2,"holes":0},"boundaryNotice":"geoBoundaries / HDX 2020 年行政区数据，海岸和边界经过源数据概化，并非当前测绘成果。"},"geometry":{"type":"MultiPolygon","coordinates":[[[[130.58227539100002,42.43170166],[130.585327148,42.432678223],[130.56292724600002,42.462280273],[130.56268310500002,42.461914062],[130.5625,42.461120605],[130.562316895,42.460327148],[130.562072754,42.459289551],[130.561889648,42.458312988],[130.561523437,42.457519531],[130.561523437,42.456481934],[130.56127929700003,42.455871582],[130.56127929700003,42.454528809],[130.56109619100002,42.453308105],[130.56109619100002,42.451904297],[130.56109619100002,42.450683594],[130.561523437,42.449707031],[130.561706543,42.447875977],[130.562072754,42.446899414],[130.5625,42.446289062],[130.56292724600002,42.445495605],[130.56329345700001,42.444519043],[130.56372070300003,42.443115234],[130.56408691400003,42.442321777],[130.56451416000002,42.44128418],[130.56488037100002,42.440307617],[130.565490723,42.439086914],[130.56610107400002,42.438293457],[130.566711426,42.437683105],[130.56750488300003,42.436889648],[130.56829834,42.436096191],[130.56909179700003,42.43548584],[130.569885254,42.434692383],[130.57110595700001,42.434082031],[130.57208252,42.43347168],[130.573120117,42.433288574],[130.57409668000003,42.432922363],[130.57531738300003,42.432678223],[130.576477051,42.432312012],[130.577697754,42.432128906],[130.579101562,42.431884766],[130.58032226600002,42.431884766],[130.581481934,42.43170166],[130.58227539100002,42.43170166]]],[[[128.025512695,42.005310059],[128.18292236300002,42.007873535],[128.18328857400002,42.007873535],[128.184082031,42.008300781],[128.185119629,42.008483887],[128.18609619100002,42.008728027],[128.186889648,42.008911133],[128.18768310500002,42.009277344],[128.188476562,42.009521484],[128.18951416000002,42.00970459],[128.190490723,42.010070801],[128.19128418000003,42.010498047],[128.19232177700002,42.010925293],[128.19329834,42.011108398],[128.19427490200002,42.01171875],[128.19549560500002,42.012084961],[128.19689941400003,42.012512207],[128.19787597700002,42.012878418],[128.19891357400002,42.01348877],[128.20050048800002,42.014099121],[128.20172119100002,42.014709473],[128.202880859,42.015319824],[128.204101562,42.015930176],[128.20532226600002,42.016479492],[128.206298828,42.016906738],[128.20727539100002,42.017272949],[128.20812988300003,42.017883301],[128.209106445,42.018310547],[128.21008300800003,42.018676758],[128.210876465,42.018920898],[128.21173095700001,42.019287109],[128.21307373000002,42.019897461],[128.214111328,42.020324707],[128.21508789100002,42.020690918],[128.215881348,42.02130127],[128.216918945,42.021911621],[128.21807861300002,42.022277832],[128.21929931600002,42.023071289],[128.220092773,42.023498535],[128.22113037100002,42.024108887],[128.222106934,42.024475098],[128.22308349600002,42.024902344],[128.223876953,42.025512695],[128.22467041000002,42.025695801],[128.225280762,42.026306152],[128.226501465,42.026672363],[128.22711181600002,42.026916504],[128.227905273,42.027282715],[128.22888183600003,42.027709961],[128.229675293,42.028076172],[128.23089599600002,42.028320312],[128.231872559,42.028686523],[128.233093262,42.02911377],[128.234130859,42.02947998],[128.23529052700002,42.029724121],[128.236083984,42.030090332],[128.23669433600003,42.030273437],[128.23791503900003,42.030517578],[128.23889160200002,42.030883789],[128.23992919900002,42.03112793],[128.240722656,42.031311035],[128.24188232400002,42.031677246],[128.242675781,42.031921387],[128.243713379,42.032104492],[128.24468994100002,42.032287598],[128.24572753900003,42.032470703],[128.24670410200002,42.032714844],[128.247497559,42.032897949],[128.24829101600002,42.033081055],[128.249084473,42.033325195],[128.24987793000003,42.033508301],[128.25091552700002,42.033691406],[128.252075195,42.033691406],[128.253112793,42.033874512],[128.25427246100003,42.034118652],[128.25567627,42.034484863],[128.25732421900003,42.034729004],[128.25872802700002,42.034912109],[128.259887695,42.035095215],[128.261108398,42.03527832],[128.26190185500002,42.03527832],[128.263122559,42.035522461],[128.264526367,42.035522461],[128.265930176,42.035522461],[128.26727294900002,42.035705566],[128.26849365200002,42.035888672],[128.26971435500002,42.035888672],[128.270874023,42.035888672],[128.27191162100002,42.035888672],[128.27307128900003,42.035888672],[128.274291992,42.036071777],[128.275512695,42.036071777],[128.276916504,42.036071777],[128.278320312,42.036071777],[128.27929687500003,42.036071777],[128.28088378900003,42.036071777],[128.28271484400003,42.036071777],[128.28448486300002,42.036315918],[128.28570556600002,42.036315918],[128.28729248000002,42.036499023],[128.28912353500002,42.036499023],[128.29071044900002,42.036499023],[128.29211425800003,42.036499023],[128.29370117200003,42.036682129],[128.29547119100002,42.036682129],[128.29711914100002,42.036682129],[128.29870605500003,42.036682129],[128.30029296900003,42.03692627],[128.30133056600002,42.036682129],[128.30267334,42.036682129],[128.304077148,42.036682129],[128.30548095700001,42.036682129],[128.30670166000002,42.036499023],[128.307678223,42.036499023],[128.309082031,42.036499023],[128.310119629,42.036499023],[128.31109619100002,42.036499023],[128.312072754,42.036682129],[128.313476562,42.036682129],[128.31488037100002,42.03692627],[128.31591796900003,42.03692627],[128.317077637,42.037109375],[128.318481445,42.03729248],[128.319885254,42.037475586],[128.321289062,42.037719727],[128.323303223,42.038085937],[128.324707031,42.038085937],[128.325927734,42.038330078],[128.32708740200002,42.038513184],[128.328125,42.038513184],[128.329101562,42.038513184],[128.33032226600002,42.038513184],[128.331481934,42.038513184],[128.33227539100002,42.038513184],[128.33367919900002,42.038330078],[128.33489990200002,42.038330078],[128.335876465,42.038085937],[128.337280273,42.038085937],[128.33868408200001,42.038085937],[128.34008789100002,42.037902832],[128.34149169900002,42.037719727],[128.34271240200002,42.037475586],[128.34429931600002,42.03729248],[128.34552002,42.037109375],[128.34649658200001,42.03692627],[128.34808349600002,42.036682129],[128.34967041000002,42.036682129],[128.35089111300002,42.036499023],[128.35211181600002,42.036499023],[128.353271484,42.036315918],[128.354675293,42.036071777],[128.35607910200002,42.035888672],[128.35729980500003,42.035888672],[128.358093262,42.035888672],[128.35949707,42.035705566],[128.360717773,42.035522461],[128.36187744100002,42.03527832],[128.36352539100002,42.03527832],[128.364685059,42.035095215],[128.365722656,42.034912109],[128.367126465,42.034729004],[128.368713379,42.034484863],[128.370117187,42.034484863],[128.37127685500002,42.034484863],[128.372314453,42.034301758],[128.373718262,42.034301758],[128.37469482400002,42.034118652],[128.37591552700002,42.033874512],[128.37768554700003,42.033691406],[128.37927246100003,42.033508301],[128.380126953,42.033508301],[128.38092041000002,42.033325195],[128.382080078,42.033325195],[128.38287353500002,42.033081055],[128.38409423800002,42.033325195],[128.38531494100002,42.033081055],[128.386474609,42.033081055],[128.387878418,42.032897949],[128.389526367,42.032897949],[128.390930176,42.032897949],[128.39227294900002,42.032714844],[128.393920898,42.032714844],[128.39508056600002,42.032714844],[128.39672851600002,42.032714844],[128.397888184,42.032714844],[128.399108887,42.032714844],[128.40008544900002,42.032897949],[128.400878906,42.033081055],[128.40167236300002,42.033081055],[128.40270996100003,42.033081055],[128.403503418,42.033081055],[128.40447998000002,42.032897949],[128.40490722700002,42.032897949],[128.405273437,42.032897949],[128.40612793000003,42.032714844],[128.40667724600002,42.032470703],[128.407287598,42.032287598],[128.40789794900002,42.032104492],[128.408508301,42.031921387],[128.40911865200002,42.031677246],[128.409912109,42.031494141],[128.41052246100003,42.030883789],[128.411315918,42.030700684],[128.411682129,42.030700684],[128.41247558600003,42.030517578],[128.413085937,42.030517578],[128.41369628900003,42.030517578],[128.41430664100002,42.030517578],[128.414916992,42.030700684],[128.41571044900002,42.030883789],[128.416320801,42.030883789],[128.41729736300002,42.031311035],[128.417907715,42.031494141],[128.418273926,42.031677246],[128.419128418,42.031677246],[128.42028808600003,42.031677246],[128.421081543,42.031677246],[128.421875,42.031921387],[128.422729492,42.031921387],[128.42352294900002,42.031921387],[128.424316406,42.031921387],[128.42510986300002,42.031921387],[128.425720215,42.031677246],[128.42651367200003,42.031677246],[128.427307129,42.031494141],[128.42810058600003,42.03112793],[128.428894043,42.030883789],[128.42968750000003,42.030700684],[128.43048095700001,42.030273437],[128.43151855500003,42.030090332],[128.432128906,42.029724121],[128.43292236300002,42.02947998],[128.43347168000003,42.029296875],[128.434082031,42.02911377],[128.43487548800002,42.028930664],[128.435302734,42.028930664],[128.43572998000002,42.028686523],[128.43609619100002,42.028686523],[128.436706543,42.028930664],[128.437072754,42.02911377],[128.43768310500002,42.02911377],[128.43811035200002,42.029296875],[128.438476562,42.029296875],[128.438903809,42.02947998],[128.43927002,42.02947998],[128.43988037100002,42.02947998],[128.440490723,42.02947998],[128.44091796900003,42.02947998],[128.44128418000003,42.02947998],[128.441894531,42.02947998],[128.44232177700002,42.02947998],[128.44268798800002,42.029296875],[128.443115234,42.02911377],[128.44372558600003,42.028930664],[128.44427490200002,42.028686523],[128.444702148,42.028503418],[128.44531250000003,42.028320312],[128.44549560500002,42.028076172],[128.44567871100003,42.028076172],[128.44592285200002,42.027893066],[128.44610595700001,42.027526855],[128.446472168,42.027282715],[128.446716309,42.026916504],[128.44689941400003,42.026672363],[128.44732666000002,42.026306152],[128.44750976600002,42.026123047],[128.44787597700002,42.025878906],[128.448303223,42.025878906],[128.44873046900003,42.025512695],[128.44927978500002,42.02532959],[128.449890137,42.025085449],[128.45031738300003,42.024902344],[128.45068359400003,42.024719238],[128.45111084,42.024475098],[128.451477051,42.024291992],[128.45172119100002,42.024108887],[128.45208740200002,42.023681641],[128.45227050800003,42.02331543],[128.452514648,42.022888184],[128.452880859,42.022521973],[128.452880859,42.022277832],[128.45330810500002,42.021911621],[128.45349121100003,42.021728516],[128.45367431600002,42.02130127],[128.45391845700001,42.020874023],[128.454284668,42.020507812],[128.454528809,42.020080566],[128.45471191400003,42.019714355],[128.45489502,42.019287109],[128.45532226600002,42.019104004],[128.45550537100002,42.018920898],[128.45568847700002,42.018676758],[128.45587158200001,42.018310547],[128.456115723,42.017883301],[128.456481934,42.017700195],[128.45672607400002,42.017272949],[128.45690918000003,42.016906738],[128.45727539100002,42.016479492],[128.457519531,42.016296387],[128.457885742,42.015930176],[128.45812988300003,42.01550293],[128.45867919900002,42.014892578],[128.45892334,42.014526367],[128.459472656,42.014282227],[128.45989990200002,42.014099121],[128.460510254,42.013671875],[128.460693359,42.013671875],[128.46112060500002,42.013671875],[128.46148681600002,42.013671875],[128.461914062,42.013671875],[128.462097168,42.01348877],[128.462280273,42.01348877],[128.462280273,42.013305664],[128.462280273,42.013122559],[128.462280273,42.012878418],[128.462280273,42.012512207],[128.462280273,42.012329102],[128.46252441400003,42.012084961],[128.46270752,42.012084961],[128.46289062500003,42.01171875],[128.46289062500003,42.011474609],[128.46289062500003,42.011108398],[128.46270752,42.010681152],[128.46252441400003,42.010498047],[128.462280273,42.010314941],[128.462097168,42.009887695],[128.462097168,42.009521484],[128.462097168,42.009277344],[128.462280273,42.008911133],[128.46252441400003,42.008728027],[128.46270752,42.008300781],[128.46307373000002,42.008117676],[128.46331787100002,42.007873535],[128.46368408200001,42.00769043],[128.464111328,42.007507324],[128.46472168000003,42.007324219],[128.46508789100002,42.007080078],[128.465515137,42.006896973],[128.465881348,42.006896973],[128.46649169900002,42.006713867],[128.467102051,42.006713867],[128.46752929700003,42.006713867],[128.46807861300002,42.006713867],[128.468688965,42.006713867],[128.46911621100003,42.006713867],[128.46948242200003,42.006530762],[128.470092773,42.006286621],[128.47070312500003,42.006103516],[128.47131347700002,42.00592041],[128.471679687,42.00567627],[128.51391601600002,42.00390625],[128.54052734400003,42.024108887],[128.56890869100002,42.031311035],[128.59912109400003,42.028686523],[128.59912109400003,42.028930664],[128.59930419900002,42.029296875],[128.59948730500003,42.02947998],[128.59967041000002,42.029724121],[128.600097656,42.030090332],[128.600280762,42.030273437],[128.60070800800003,42.030517578],[128.60107421900003,42.030700684],[128.601501465,42.030883789],[128.60192871100003,42.030883789],[128.60229492200003,42.030883789],[128.60247802700002,42.03112793],[128.602905273,42.031311035],[128.603271484,42.031494141],[128.60388183600003,42.031677246],[128.60430908200001,42.031677246],[128.604675293,42.031677246],[128.60510253900003,42.031677246],[128.60552978500002,42.031677246],[128.60589599600002,42.031677246],[128.60607910200002,42.031311035],[128.60607910200002,42.030883789],[128.60607910200002,42.030517578],[128.606323242,42.030090332],[128.606506348,42.029907227],[128.606872559,42.029724121],[128.60748291000002,42.029724121],[128.608093262,42.029724121],[128.60870361300002,42.029724121],[128.60949707,42.02947998],[128.61029052700002,42.029724121],[128.610900879,42.029724121],[128.61132812500003,42.029724121],[128.61212158200001,42.029907227],[128.612487793,42.029907227],[128.61328125000003,42.029907227],[128.61370849600002,42.029907227],[128.614501953,42.030090332],[128.61511230500003,42.030273437],[128.61547851600002,42.030517578],[128.615905762,42.030700684],[128.616271973,42.030883789],[128.61669921900003,42.030883789],[128.617126465,42.030883789],[128.617675781,42.03112793],[128.618530273,42.03112793],[128.61907959,42.031311035],[128.61950683600003,42.031311035],[128.61987304700003,42.031494141],[128.620483398,42.031677246],[128.62072753900003,42.031921387],[128.62109375000003,42.032104492],[128.62152099600002,42.032287598],[128.62188720700001,42.032714844],[128.622314453,42.032897949],[128.62268066400003,42.033325195],[128.62329101600002,42.033508301],[128.62347412100002,42.033691406],[128.623901367,42.034118652],[128.62432861300002,42.034301758],[128.62469482400002,42.034484863],[128.62487793000003,42.034912109],[128.625305176,42.035095215],[128.625671387,42.03527832],[128.62628173800002,42.035522461],[128.626708984,42.035705566],[128.627075195,42.035888672],[128.62750244100002,42.035888672],[128.628112793,42.036071777],[128.628479004,42.036315918],[128.62890625000003,42.036499023],[128.62927246100003,42.036682129],[128.629882812,42.036682129],[128.63049316400003,42.036682129],[128.63110351600002,42.036682129],[128.631713867,42.036499023],[128.632080078,42.036315918],[128.63250732400002,42.036071777],[128.63287353500002,42.035888672],[128.633300781,42.035888672],[128.63372802700002,42.035705566],[128.63409423800002,42.035522461],[128.634521484,42.03527832],[128.635070801,42.03527832],[128.63549804700003,42.035522461],[128.636108398,42.035522461],[128.636291504,42.035705566],[128.63690185500002,42.035705566],[128.63708496100003,42.035522461],[128.63751220700001,42.03527832],[128.63751220700001,42.035095215],[128.65289306600002,42.038330078],[128.68292236300002,42.037109375],[128.70672607400002,42.02947998],[128.707519531,42.02947998],[128.70831298800002,42.02947998],[128.70892334,42.02947998],[128.709472656,42.02947998],[128.71008300800003,42.029724121],[128.710693359,42.029724121],[128.71112060500002,42.030090332],[128.71148681600002,42.030273437],[128.71173095700001,42.030700684],[128.71173095700001,42.030883789],[128.71173095700001,42.031311035],[128.71173095700001,42.031921387],[128.71173095700001,42.032287598],[128.71173095700001,42.032714844],[128.711914062,42.033081055],[128.712097168,42.033508301],[128.71252441400003,42.034118652],[128.71270752,42.034484863],[128.71307373000002,42.034912109],[128.71350097700002,42.035522461],[128.71368408200001,42.035705566],[128.714111328,42.036071777],[128.71447753900003,42.036499023],[128.71508789100002,42.036682129],[128.715698242,42.03692627],[128.71612548800002,42.037109375],[128.71667480500003,42.03729248],[128.717285156,42.03729248],[128.71789550800003,42.03729248],[128.718505859,42.037109375],[128.71911621100003,42.037109375],[128.719726562,42.037109375],[128.720092773,42.037109375],[128.72070312500003,42.037109375],[128.72088623000002,42.037109375],[128.72113037100002,42.037475586],[128.72113037100002,42.037719727],[128.72113037100002,42.038085937],[128.72113037100002,42.038513184],[128.72088623000002,42.038879395],[128.72088623000002,42.039306641],[128.72088623000002,42.039672852],[128.72113037100002,42.039916992],[128.72131347700002,42.040100098],[128.721679687,42.040283203],[128.721923828,42.040527344],[128.722473145,42.040527344],[128.72290039100002,42.040527344],[128.723327637,42.040527344],[128.723876953,42.040283203],[128.72412109400003,42.040100098],[128.72448730500003,42.039916992],[128.724914551,42.039672852],[128.725280762,42.039672852],[128.72570800800003,42.039672852],[128.72607421900003,42.039672852],[128.72668457,42.039672852],[128.72729492200003,42.039916992],[128.728088379,42.040100098],[128.72869873000002,42.040283203],[128.72930908200001,42.040283203],[128.729675293,42.040527344],[128.729919434,42.040710449],[128.729919434,42.04107666],[128.729919434,42.041687012],[128.729919434,42.042480469],[128.729919434,42.043273926],[128.729919434,42.043884277],[128.729919434,42.044494629],[128.729675293,42.04510498],[128.72930908200001,42.045288086],[128.72912597700002,42.045715332],[128.72888183600003,42.046325684],[128.72888183600003,42.046875],[128.72888183600003,42.047302246],[128.72888183600003,42.047729492],[128.72912597700002,42.047912598],[128.72912597700002,42.048278809],[128.72930908200001,42.048706055],[128.729492187,42.04888916],[128.729919434,42.04888916],[128.730285645,42.04888916],[128.73089599600002,42.04888916],[128.731506348,42.04888916],[128.731872559,42.048706055],[128.73229980500003,42.048522949],[128.732910156,42.048278809],[128.733276367,42.048278809],[128.73370361300002,42.048095703],[128.734130859,42.047729492],[128.734680176,42.047729492],[128.73510742200003,42.047485352],[128.735717773,42.047485352],[128.73632812500003,42.047485352],[128.73687744100002,42.047485352],[128.737670898,42.047485352],[128.738098145,42.047729492],[128.73907470700001,42.047912598],[128.74011230500003,42.048095703],[128.740905762,42.048278809],[128.74151611300002,42.048522949],[128.74230957,42.048522949],[128.74310302700002,42.048706055],[128.74328613300003,42.04888916],[128.743530273,42.049072266],[128.743713379,42.049499512],[128.743896484,42.049926758],[128.74407959,42.050109863],[128.74450683600003,42.050109863],[128.74487304700003,42.050292969],[128.745300293,42.050292969],[128.745910645,42.050292969],[128.74627685500002,42.050292969],[128.74652099600002,42.050109863],[128.747070312,42.049682617],[128.747497559,42.049499512],[128.74768066400003,42.049316406],[128.74792480500003,42.049316406],[128.74829101600002,42.049316406],[128.74847412100002,42.04888916],[128.748901367,42.048706055],[128.74932861300002,42.048278809],[128.74951171900003,42.048278809],[128.74987793000003,42.048095703],[128.75012207,42.047912598],[128.750305176,42.047485352],[128.750488281,42.047119141],[128.750488281,42.046875],[128.750671387,42.046691895],[128.75091552700002,42.046325684],[128.75128173800002,42.046081543],[128.751708984,42.045715332],[128.752075195,42.045288086],[128.75250244100002,42.044921875],[128.752929687,42.044677734],[128.753479004,42.044128418],[128.753723145,42.043701172],[128.75408935500002,42.043273926],[128.75427246100003,42.042907715],[128.75469970700001,42.042724609],[128.755126953,42.042480469],[128.755310059,42.042297363],[128.755310059,42.041870117],[128.755310059,42.041503906],[128.755310059,42.041320801],[128.75549316400003,42.04107666],[128.75567627,42.040710449],[128.75567627,42.040283203],[128.75567627,42.040100098],[128.75549316400003,42.039672852],[128.755310059,42.039489746],[128.75549316400003,42.039123535],[128.75549316400003,42.038696289],[128.75549316400003,42.038330078],[128.75549316400003,42.038085937],[128.75567627,42.038085937],[128.75592041000002,42.037902832],[128.75610351600002,42.037719727],[128.75628662100002,42.037719727],[128.756713867,42.037719727],[128.757080078,42.037902832],[128.75732421900003,42.037902832],[128.75787353500002,42.037902832],[128.758300781,42.038085937],[128.75891113300003,42.038085937],[128.759521484,42.037902832],[128.760070801,42.037902832],[128.76068115200002,42.037719727],[128.76171875000003,42.037475586],[128.76232910200002,42.037475586],[128.762695312,42.037475586],[128.76348877,42.037475586],[128.76391601600002,42.03729248],[128.764526367,42.03729248],[128.765075684,42.037109375],[128.76568603500002,42.036682129],[128.766296387,42.036499023],[128.76672363300003,42.036315918],[128.76708984400003,42.036071777],[128.76727294900002,42.035888672],[128.76727294900002,42.035522461],[128.76751709,42.035095215],[128.767700195,42.034912109],[128.76812744100002,42.034729004],[128.76849365200002,42.034484863],[128.76867675800003,42.034118652],[128.76867675800003,42.033691406],[128.768920898,42.033325195],[128.769104004,42.033081055],[128.769287109,42.032714844],[128.769287109,42.032470703],[128.769287109,42.032287598],[128.769287109,42.031921387],[128.769470215,42.031677246],[128.769470215,42.031494141],[128.76971435500002,42.031311035],[128.77008056600002,42.031311035],[128.77032470700001,42.03112793],[128.770874023,42.030883789],[128.77130127,42.03112793],[128.77172851600002,42.031311035],[128.77209472700002,42.031311035],[128.77227783200001,42.031494141],[128.772521973,42.031677246],[128.772888184,42.031921387],[128.772888184,42.032287598],[128.77307128900003,42.032470703],[128.77331543000003,42.032714844],[128.77349853500002,42.032714844],[128.773925781,42.032897949],[128.774291992,42.033081055],[128.77471923800002,42.033325195],[128.77532959,42.033691406],[128.775695801,42.033874512],[128.77612304700003,42.034118652],[128.77648925800003,42.034301758],[128.776916504,42.034729004],[128.777282715,42.035095215],[128.77752685500002,42.035522461],[128.77789306600002,42.035888672],[128.77807617200003,42.036071777],[128.778320312,42.036499023],[128.778320312,42.036682129],[128.778503418,42.03729248],[128.778686523,42.037719727],[128.778686523,42.037902832],[128.77911377,42.038085937],[128.77947998000002,42.038513184],[128.77990722700002,42.038696289],[128.780273437,42.038879395],[128.78088378900003,42.039123535],[128.78149414100002,42.039306641],[128.782287598,42.039489746],[128.78308105500003,42.039672852],[128.783691406,42.039916992],[128.78430175800003,42.040100098],[128.785095215,42.040100098],[128.78570556600002,42.040283203],[128.786315918,42.040283203],[128.78710937500003,42.040283203],[128.78771972700002,42.040100098],[128.788085937,42.039672852],[128.788513184,42.039489746],[128.788879395,42.039123535],[128.78912353500002,42.038879395],[128.78948974600002,42.038513184],[128.790100098,42.038330078],[128.79052734400003,42.038330078],[128.79107666000002,42.038085937],[128.791503906,42.038330078],[128.79211425800003,42.038330078],[128.79248046900003,42.038513184],[128.79309082,42.038696289],[128.79370117200003,42.038696289],[128.794311523,42.038696289],[128.79528808600003,42.038696289],[128.796081543,42.038696289],[128.796691895,42.038696289],[128.79730224600002,42.038513184],[128.797912598,42.038513184],[128.79852294900002,42.038513184],[128.79888916000002,42.038513184],[128.799499512,42.038513184],[128.799682617,42.038696289],[128.80029296900003,42.038879395],[128.800720215,42.038879395],[128.801086426,42.039123535],[128.80169677700002,42.039306641],[128.802124023,42.039306641],[128.802490234,42.039489746],[128.80291748000002,42.039672852],[128.80328369100002,42.040100098],[128.803710937,42.040283203],[128.804077148,42.040710449],[128.80432128900003,42.040893555],[128.80468750000003,42.04107666],[128.80511474600002,42.041320801],[128.80548095700001,42.041503906],[128.805725098,42.041687012],[128.80627441400003,42.041687012],[128.80688476600002,42.041687012],[128.807495117,42.041687012],[128.80810546900003,42.041503906],[128.808898926,42.041503906],[128.80950927700002,42.041320801],[128.810302734,42.04107666],[128.81072998000002,42.04107666],[128.811523437,42.04107666],[128.812316895,42.040893555],[128.81292724600002,42.040710449],[128.813476562,42.040527344],[128.813903809,42.040283203],[128.81427002,42.040100098],[128.81469726600002,42.039916992],[128.815124512,42.039672852],[128.815490723,42.039306641],[128.81591796900003,42.039123535],[128.81628418000003,42.038696289],[128.816894531,42.038330078],[128.81732177700002,42.038085937],[128.81768798800002,42.037719727],[128.81787109400003,42.03729248],[128.818481445,42.036682129],[128.81872558600003,42.036071777],[128.81890869100002,42.035888672],[128.81909179700003,42.035522461],[128.81909179700003,42.034912109],[128.81909179700003,42.034484863],[128.81927490200002,42.033874512],[128.819519043,42.033691406],[128.819702148,42.033325195],[128.819885254,42.033081055],[128.82031250000003,42.032897949],[128.82067871100003,42.032714844],[128.821289062,42.032470703],[128.82189941400003,42.032287598],[128.82232666000002,42.032104492],[128.82269287100002,42.031921387],[128.823120117,42.031921387],[128.823486328,42.031921387],[128.82409668000003,42.031921387],[128.82427978500002,42.032104492],[128.824707031,42.032104492],[128.825073242,42.032287598],[128.82550048800002,42.032287598],[128.82611084,42.032287598],[128.826477051,42.032104492],[128.82708740200002,42.031921387],[128.827697754,42.031921387],[128.827880859,42.031677246],[128.82830810500002,42.031677246],[128.82867431600002,42.031311035],[128.82891845700001,42.03112793],[128.829101562,42.030883789],[128.829284668,42.030517578],[128.829528809,42.030273437],[128.82971191400003,42.029907227],[128.82989502,42.02947998],[128.83007812500003,42.029296875],[128.83032226600002,42.02911377],[128.83050537100002,42.028930664],[128.83087158200001,42.028686523],[128.831481934,42.028503418],[128.83190918000003,42.028320312],[128.83227539100002,42.028076172],[128.832702637,42.027709961],[128.832885742,42.027526855],[128.83331298800002,42.027099609],[128.83349609400003,42.026672363],[128.83367919900002,42.026306152],[128.83392334,42.025878906],[128.834106445,42.02532959],[128.834289551,42.024719238],[128.834472656,42.024475098],[128.83489990200002,42.024108887],[128.835327148,42.023925781],[128.835876465,42.023681641],[128.83673095700001,42.023681641],[128.837097168,42.023681641],[128.83752441400003,42.023925781],[128.83807373000002,42.024108887],[128.83868408200001,42.024291992],[128.83947753900003,42.024719238],[128.84027099600002,42.024902344],[128.840881348,42.02532959],[128.84167480500003,42.025512695],[128.84252929700003,42.025878906],[128.84307861300002,42.026123047],[128.843688965,42.026489258],[128.84448242200003,42.026489258],[128.845092773,42.026916504],[128.84588623000002,42.027099609],[128.846679687,42.027282715],[128.847106934,42.027526855],[128.847473145,42.027526855],[128.84808349600002,42.027709961],[128.848510742,42.027709961],[128.84930419900002,42.027709961],[128.850097656,42.027709961],[128.85070800800003,42.027709961],[128.851318359,42.027709961],[128.85168457,42.027893066],[128.85211181600002,42.028076172],[128.85229492200003,42.028076172],[128.85247802700002,42.028320312],[128.85247802700002,42.028686523],[128.852722168,42.028930664],[128.852905273,42.028930664],[128.853088379,42.028930664],[128.85351562500003,42.028930664],[128.85388183600003,42.028686523],[128.85412597700002,42.028686523],[128.85430908200001,42.028320312],[128.854675293,42.028076172],[128.854675293,42.027709961],[128.854675293,42.027282715],[128.854675293,42.026672363],[128.854919434,42.026489258],[128.85510253900003,42.026123047],[128.855285645,42.025695801],[128.85552978500002,42.02532959],[128.85571289100002,42.025085449],[128.85607910200002,42.024719238],[128.856506348,42.024475098],[128.856872559,42.024291992],[128.85748291000002,42.024108887],[128.857727051,42.023925781],[128.858276367,42.023681641],[128.85870361300002,42.023498535],[128.859313965,42.02331543],[128.85992431600002,42.023071289],[128.860900879,42.023071289],[128.86151123000002,42.022888184],[128.862487793,42.022888184],[128.863098145,42.022888184],[128.86407470700001,42.022888184],[128.86511230500003,42.022888184],[128.865905762,42.023071289],[128.86688232400002,42.023071289],[128.867675781,42.023071289],[128.868713379,42.023071289],[128.86968994100002,42.023071289],[128.870117187,42.023071289],[128.87072753900003,42.022888184],[128.882080078,42.049499512],[128.870910645,42.064880371],[128.91851806600002,42.08770752],[128.96472168000003,42.109680176],[129.001708984,42.12487793],[129.020874023,42.125915527],[129.038085937,42.131530762],[129.038330078,42.131713867],[129.038513184,42.132080078],[129.038879395,42.132507324],[129.03912353500002,42.132873535],[129.03948974600002,42.133300781],[129.03967285200002,42.133483887],[129.040283203,42.133728027],[129.04071044900002,42.133911133],[129.04107666000002,42.134094238],[129.041687012,42.134277344],[129.04229736300002,42.134277344],[129.042724609,42.134094238],[129.043273926,42.134094238],[129.04370117200003,42.133911133],[129.044128418,42.133728027],[129.044128418,42.133483887],[129.05047607400002,42.135681152],[129.050720215,42.135925293],[129.050720215,42.136474609],[129.050720215,42.137084961],[129.05090332,42.137512207],[129.051086426,42.137878418],[129.05151367200003,42.138122559],[129.05187988300003,42.138122559],[129.052124023,42.138122559],[129.05267334,42.138122559],[129.05352783200001,42.138122559],[129.05432128900003,42.138122559],[129.05468750000003,42.138122559],[129.05529785200002,42.138122559],[129.055725098,42.137878418],[129.056091309,42.137695312],[129.05627441400003,42.137512207],[129.0625,42.139526367],[129.068115234,42.144287109],[129.06750488300003,42.144897461],[129.067077637,42.145690918],[129.066711426,42.14630127],[129.06610107400002,42.146911621],[129.065673828,42.147277832],[129.065307617,42.147521973],[129.06488037100002,42.148071289],[129.06427002,42.148681641],[129.063903809,42.149291992],[129.063476562,42.149902344],[129.06329345700001,42.15032959],[129.06292724600002,42.150695801],[129.06268310500002,42.151306152],[129.06311035200002,42.151672363],[129.063476562,42.152099609],[129.06408691400003,42.152709961],[129.06427002,42.153320312],[129.06469726600002,42.153686523],[129.065307617,42.154296875],[129.065673828,42.154724121],[129.06628418000003,42.155090332],[129.06652832,42.155273437],[129.067077637,42.155700684],[129.06768798800002,42.15612793],[129.068481445,42.156311035],[129.06909179700003,42.156677246],[129.069519043,42.156677246],[129.07031250000003,42.156921387],[129.07110595700001,42.156921387],[129.07189941400003,42.156677246],[129.07269287100002,42.156494141],[129.073486328,42.156311035],[129.07427978500002,42.155883789],[129.075073242,42.155517578],[129.075927734,42.154907227],[129.076477051,42.15447998],[129.07708740200002,42.153930664],[129.077514648,42.153320312],[129.077880859,42.152709961],[129.078125,42.152526855],[129.094726562,42.16607666],[129.12969970700001,42.198120117],[129.12927246100003,42.215698242],[129.116088867,42.252319336],[129.152282715,42.269287109],[129.13732910200002,42.299926758],[129.171081543,42.311706543],[129.17669677700002,42.323913574],[129.16229248000002,42.34588623],[129.16748046900003,42.365478516],[129.239685059,42.383911133],[129.24328613300003,42.422119141],[129.262878418,42.430114746],[129.27490234400003,42.435119629],[129.31652832,42.424682617],[129.32708740200002,42.430480957],[129.32867431600002,42.430908203],[129.32891845700001,42.431091309],[129.329284668,42.431274414],[129.32971191400003,42.431274414],[129.33007812500003,42.431518555],[129.33050537100002,42.431518555],[129.33068847700002,42.431518555],[129.331298828,42.431274414],[129.34008789100002,42.432678223],[129.33947753900003,42.433288574],[129.339111328,42.433898926],[129.33868408200001,42.434509277],[129.33831787100002,42.434875488],[129.33770752,42.43548584],[129.337097168,42.436279297],[129.33673095700001,42.436706543],[129.33648681600002,42.437316895],[129.33630371100003,42.437683105],[129.33630371100003,42.438476562],[129.33612060500002,42.438903809],[129.33612060500002,42.43951416],[129.33630371100003,42.440307617],[129.33630371100003,42.440917969],[129.33648681600002,42.44152832],[129.33673095700001,42.442077637],[129.33673095700001,42.442504883],[129.336914062,42.443115234],[129.337097168,42.443481445],[129.337280273,42.443908691],[129.33752441400003,42.444519043],[129.33789062500003,42.444885254],[129.33807373000002,42.4453125],[129.33868408200001,42.445678711],[129.33947753900003,42.446289062],[129.33990478500002,42.446716309],[129.34027099600002,42.44708252],[129.340698242,42.447509766],[129.340881348,42.447875977],[129.34149169900002,42.448120117],[129.341918945,42.448730469],[129.342285156,42.44909668],[129.34271240200002,42.449523926],[129.343322754,42.449890137],[129.343688965,42.450317383],[129.34411621100003,42.450683594],[129.34448242200003,42.450927734],[129.344909668,42.45111084],[129.34552002,42.451293945],[129.34588623000002,42.451477051],[129.34631347700002,42.451721191],[129.346923828,42.451904297],[129.347473145,42.452270508],[129.34808349600002,42.452514648],[129.348693848,42.452697754],[129.34948730500003,42.452880859],[129.350280762,42.453308105],[129.35107421900003,42.453674316],[129.35168457,42.453918457],[129.35247802700002,42.454284668],[129.353271484,42.454528809],[129.35388183600003,42.454711914],[129.354919434,42.455078125],[129.35552978500002,42.455078125],[129.356323242,42.455322266],[129.356506348,42.455322266],[129.35729980500003,42.455505371],[129.357910156,42.455688477],[129.35852050800003,42.455871582],[129.359130859,42.455871582],[129.35992431600002,42.456115723],[129.36029052700002,42.456115723],[129.361083984,42.456115723],[129.36169433600003,42.456115723],[129.36212158200001,42.455871582],[129.36291503900003,42.455688477],[129.36352539100002,42.455322266],[129.36407470700001,42.45489502],[129.364501953,42.454528809],[129.36511230500003,42.454101562],[129.36547851600002,42.453674316],[129.366088867,42.453308105],[129.36651611300002,42.452880859],[129.36688232400002,42.452697754],[129.36730957,42.452270508],[129.367492676,42.451721191],[129.367675781,42.451293945],[129.36810302700002,42.450683594],[129.36828613300003,42.450317383],[129.368530273,42.449707031],[129.368713379,42.44909668],[129.368896484,42.448486328],[129.368896484,42.448120117],[129.368713379,42.447692871],[129.368530273,42.44708252],[129.36828613300003,42.446472168],[129.36810302700002,42.445922852],[129.36791992200003,42.445678711],[129.367675781,42.4453125],[129.367492676,42.444519043],[129.367126465,42.443908691],[129.36688232400002,42.44329834],[129.36651611300002,42.442687988],[129.366088867,42.442077637],[129.365722656,42.441711426],[129.36529541000002,42.44128418],[129.36511230500003,42.440673828],[129.364501953,42.440124512],[129.364318848,42.439880371],[129.36389160200002,42.43927002],[129.36352539100002,42.438720703],[129.36328125000003,42.438110352],[129.36291503900003,42.437683105],[129.362487793,42.437072754],[129.36212158200001,42.436889648],[129.36169433600003,42.436279297],[129.361083984,42.436096191],[129.360900879,42.435913086],[129.38928222700002,42.429321289],[129.389526367,42.429504395],[129.389526367,42.430114746],[129.389526367,42.430908203],[129.389526367,42.431518555],[129.38928222700002,42.432128906],[129.38928222700002,42.432678223],[129.38909912100002,42.433288574],[129.38891601600002,42.434082031],[129.38867187500003,42.434509277],[129.38848877,42.435302734],[129.38830566400003,42.43572998],[129.38830566400003,42.436096191],[129.388122559,42.436523437],[129.387878418,42.437072754],[129.387695312,42.4375],[129.38732910200002,42.437683105],[129.38708496100003,42.438110352],[129.38690185500002,42.438476562],[129.386474609,42.438903809],[129.386474609,42.43927002],[129.386474609,42.439880371],[129.386474609,42.440490723],[129.38671875000003,42.44128418],[129.38671875000003,42.441894531],[129.38671875000003,42.442504883],[129.38690185500002,42.443115234],[129.38690185500002,42.443481445],[129.38708496100003,42.444091797],[129.38751220700001,42.444519043],[129.38751220700001,42.444702148],[129.387878418,42.445495605],[129.38830566400003,42.446105957],[129.38867187500003,42.446472168],[129.38891601600002,42.446899414],[129.38891601600002,42.44732666],[129.38909912100002,42.447692871],[129.38928222700002,42.448120117],[129.389709473,42.448486328],[129.390075684,42.448913574],[129.39068603500002,42.44909668],[129.390930176,42.449279785],[129.391479492,42.449523926],[129.39208984400003,42.449890137],[129.39251709,42.450073242],[129.392883301,42.450317383],[129.39349365200002,42.450683594],[129.393920898,42.450927734],[129.394470215,42.45111084],[129.39508056600002,42.451293945],[129.395690918,42.451477051],[129.39630127,42.451477051],[129.39691162100002,42.451477051],[129.397705078,42.451477051],[129.39831543000003,42.451477051],[129.399108887,42.451293945],[129.39971923800002,42.45111084],[129.40008544900002,42.450927734],[129.400512695,42.450683594],[129.400878906,42.450500488],[129.40130615200002,42.450073242],[129.40167236300002,42.449707031],[129.402099609,42.449279785],[129.40252685500002,42.448730469],[129.40289306600002,42.448303223],[129.403320312,42.447875977],[129.403503418,42.447509766],[129.40393066400003,42.44708252],[129.40411377,42.446716309],[129.40447998000002,42.446289062],[129.40472412100002,42.445922852],[129.405273437,42.445495605],[129.405700684,42.445129395],[129.40631103500002,42.444702148],[129.406921387,42.444274902],[129.407287598,42.443908691],[129.40808105500003,42.443481445],[129.408691406,42.443115234],[129.40911865200002,42.442687988],[129.409729004,42.442321777],[129.410095215,42.442077637],[129.41052246100003,42.441711426],[129.41088867200003,42.44152832],[129.411499023,42.44128418],[129.41192627,42.440917969],[129.41229248000002,42.440490723],[129.41247558600003,42.440124512],[129.41290283200001,42.439697266],[129.413085937,42.439086914],[129.413330078,42.438476562],[129.41369628900003,42.438110352],[129.413879395,42.437683105],[129.41412353500002,42.437316895],[129.41430664100002,42.436889648],[129.41467285200002,42.436523437],[129.415100098,42.436096191],[129.41552734400003,42.435913086],[129.41589355500003,42.43548584],[129.416320801,42.43548584],[129.416687012,42.435302734],[129.41729736300002,42.435119629],[129.417907715,42.434875488],[129.41870117200003,42.434692383],[129.419311523,42.434692383],[129.42010498000002,42.434326172],[129.421081543,42.434082031],[129.421691895,42.434082031],[129.42248535200002,42.43371582],[129.42352294900002,42.43347168],[129.424499512,42.43347168],[129.42529296900003,42.433288574],[129.42590332,42.433288574],[129.42687988300003,42.433105469],[129.42767334,42.432922363],[129.42852783200001,42.432922363],[129.42932128900003,42.432922363],[129.42987060500002,42.432922363],[129.43048095700001,42.432922363],[129.431091309,42.433105469],[129.43170166000002,42.43347168],[129.432312012,42.43371582],[129.432678223,42.434326172],[129.43310546900003,42.434692383],[129.43347168000003,42.435302734],[129.434082031,42.43572998],[129.43432617200003,42.436279297],[129.43469238300003,42.436706543],[129.435119629,42.4375],[129.43548584,42.438110352],[129.43572998000002,42.438476562],[129.43572998000002,42.43927002],[129.43591308600003,42.439880371],[129.43627929700003,42.440490723],[129.436523437,42.440917969],[129.436889648,42.44152832],[129.437316895,42.441894531],[129.43792724600002,42.442077637],[129.438476562,42.442321777],[129.438903809,42.442504883],[129.43927002,42.442687988],[129.43988037100002,42.442687988],[129.440490723,42.442871094],[129.44110107400002,42.442871094],[129.441711426,42.442687988],[129.44232177700002,42.442687988],[129.443115234,42.442504883],[129.44372558600003,42.442321777],[129.44427490200002,42.442077637],[129.444885254,42.442077637],[129.44549560500002,42.441894531],[129.44592285200002,42.44152832],[129.446716309,42.44128418],[129.44732666000002,42.440917969],[129.44769287100002,42.440673828],[129.448303223,42.440307617],[129.44873046900003,42.439880371],[129.449523926,42.43951416],[129.450073242,42.439086914],[129.45050048800002,42.438720703],[129.450927734,42.438110352],[129.451293945,42.437683105],[129.45172119100002,42.4375],[129.45208740200002,42.437072754],[129.45208740200002,42.436706543],[129.45227050800003,42.43572998],[129.452514648,42.435119629],[129.452697754,42.434509277],[129.452880859,42.433898926],[129.453125,42.433288574],[129.45330810500002,42.432922363],[129.45367431600002,42.432495117],[129.45367431600002,42.432128906],[129.45391845700001,42.431518555],[129.454284668,42.431091309],[129.454528809,42.430480957],[129.45489502,42.430114746],[129.45507812500003,42.4296875],[129.45532226600002,42.429077148],[129.45568847700002,42.428527832],[129.45587158200001,42.428100586],[129.456115723,42.427490234],[129.456298828,42.426879883],[129.456481934,42.426330566],[129.45690918000003,42.42590332],[129.45727539100002,42.425292969],[129.457702637,42.424926758],[129.45812988300003,42.424499512],[129.45849609400003,42.42388916],[129.45892334,42.423522949],[129.459289551,42.423278809],[129.46008300800003,42.422729492],[129.460510254,42.422485352],[129.460876465,42.422119141],[129.46148681600002,42.422119141],[129.462097168,42.421875],[129.46289062500003,42.421875],[129.46350097700002,42.421875],[129.464294434,42.421875],[129.46490478500002,42.421875],[129.465881348,42.421875],[129.46649169900002,42.421875],[129.467102051,42.421875],[129.46771240200002,42.421875],[129.468322754,42.421508789],[129.468688965,42.421325684],[129.46929931600002,42.421081543],[129.469909668,42.420898437],[129.47052002,42.420715332],[129.47088623000002,42.420471191],[129.47149658200001,42.420288086],[129.472106934,42.420288086],[129.472473145,42.42010498],[129.473510742,42.42010498],[129.47430419900002,42.419921875],[129.475280762,42.419921875],[129.47607421900003,42.419921875],[129.47692871100003,42.42010498],[129.47747802700002,42.42010498],[129.478088379,42.42010498],[129.47869873000002,42.419921875],[129.47930908200001,42.419677734],[129.479675293,42.419677734],[129.480285645,42.419494629],[129.48089599600002,42.419128418],[129.481506348,42.418701172],[129.48211669900002,42.418273926],[129.482727051,42.417907715],[129.48352050800003,42.417480469],[129.484130859,42.417114258],[129.484680176,42.416503906],[129.48547363300003,42.41607666],[129.486083984,42.415710449],[129.48687744100002,42.415283203],[129.487487793,42.415100098],[129.48828125000003,42.414672852],[129.48889160200002,42.414489746],[129.48992919900002,42.414306641],[129.49047851600002,42.413879395],[129.491271973,42.413696289],[129.49188232400002,42.413513184],[129.49291992200003,42.413330078],[129.49328613300003,42.412902832],[129.49407959,42.412719727],[129.49450683600003,42.412475586],[129.49487304700003,42.412109375],[129.495483398,42.411682129],[129.495910645,42.411315918],[129.49609375000003,42.410888672],[129.49627685500002,42.41027832],[129.49609375000003,42.409729004],[129.495910645,42.409301758],[129.49572753900003,42.409118652],[129.495483398,42.408691406],[129.495483398,42.408081055],[129.495483398,42.407470703],[129.495483398,42.407104492],[129.49572753900003,42.406494141],[129.495910645,42.40612793],[129.527282715,42.412719727],[129.53948974600002,42.444091797],[129.57049560500002,42.426879883],[129.59808349600002,42.427490234],[129.59808349600002,42.42791748],[129.598327637,42.428283691],[129.598693848,42.428527832],[129.598876953,42.428894043],[129.59912109400003,42.429077148],[129.59948730500003,42.4296875],[129.59967041000002,42.429870605],[129.600097656,42.430114746],[129.60052490200002,42.430480957],[129.60070800800003,42.430908203],[129.60107421900003,42.431274414],[129.60168457,42.43170166],[129.60192871100003,42.431884766],[129.60229492200003,42.432312012],[129.602722168,42.432678223],[129.603088379,42.432922363],[129.603271484,42.433288574],[129.60388183600003,42.43371582],[129.60430908200001,42.434082031],[129.604675293,42.434509277],[129.60510253900003,42.434875488],[129.60552978500002,42.43548584],[129.60589599600002,42.43572998],[129.60607910200002,42.436096191],[129.606689453,42.436706543],[129.606872559,42.437072754],[129.60711669900002,42.437683105],[129.60729980500003,42.438110352],[129.60748291000002,42.438476562],[129.60748291000002,42.439086914],[129.60748291000002,42.439697266],[129.60748291000002,42.440307617],[129.607727051,42.440673828],[129.607727051,42.44128418],[129.607727051,42.441711426],[129.60748291000002,42.442321777],[129.60748291000002,42.442687988],[129.60711669900002,42.443115234],[129.606872559,42.44329834],[129.606506348,42.443481445],[129.60589599600002,42.443481445],[129.60552978500002,42.443725586],[129.60510253900003,42.443725586],[129.60430908200001,42.443725586],[129.60369873000002,42.443725586],[129.603088379,42.443725586],[129.60247802700002,42.443725586],[129.60192871100003,42.443481445],[129.601318359,42.443481445],[129.60070800800003,42.443481445],[129.600097656,42.44329834],[129.59967041000002,42.44329834],[129.59930419900002,42.442871094],[129.598876953,42.442687988],[129.598693848,42.442504883],[129.598327637,42.442321777],[129.59808349600002,42.442077637],[129.59771728500002,42.441894531],[129.597473145,42.441894531],[129.597473145,42.441711426],[129.596679687,42.44152832],[129.59570312500003,42.44128418],[129.595092773,42.44128418],[129.59448242200003,42.44128418],[129.59387207,42.44152832],[129.593505859,42.44152832],[129.59289550800003,42.441894531],[129.592285156,42.442077637],[129.59167480500003,42.442321777],[129.59130859400003,42.442687988],[129.590515137,42.442687988],[129.58990478500002,42.442871094],[129.589111328,42.443115234],[129.58850097700002,42.44329834],[129.58789062500003,42.443481445],[129.587280273,42.443481445],[129.58673095700001,42.443725586],[129.58612060500002,42.443908691],[129.585693359,42.444091797],[129.58508300800003,42.444274902],[129.58471679700003,42.444702148],[129.584472656,42.444885254],[129.584289551,42.4453125],[129.584106445,42.445678711],[129.584106445,42.446289062],[129.584289551,42.446716309],[129.584472656,42.44732666],[129.58471679700003,42.447875977],[129.58508300800003,42.448120117],[129.585510254,42.448730469],[129.585876465,42.449279785],[129.58630371100003,42.449707031],[129.58673095700001,42.450073242],[129.587097168,42.450500488],[129.58752441400003,42.450683594],[129.58789062500003,42.45111084],[129.58807373000002,42.45111084],[129.58868408200001,42.451293945],[129.589294434,42.451293945],[129.58990478500002,42.451293945],[129.590515137,42.451293945],[129.59130859400003,42.45111084],[129.592102051,42.450927734],[129.59307861300002,42.450927734],[129.593688965,42.450927734],[129.59448242200003,42.450683594],[129.595092773,42.450683594],[129.59588623000002,42.450500488],[129.59631347700002,42.450500488],[129.596923828,42.450500488],[129.59729003900003,42.450500488],[129.597473145,42.450500488],[129.598327637,42.450683594],[129.598510742,42.450927734],[129.598876953,42.45111084],[129.59912109400003,42.451293945],[129.59930419900002,42.451721191],[129.59948730500003,42.451904297],[129.599914551,42.452087402],[129.600097656,42.452514648],[129.600280762,42.452880859],[129.60070800800003,42.452880859],[129.601318359,42.453491211],[129.60168457,42.453918457],[129.60211181600002,42.454284668],[129.60247802700002,42.454528809],[129.602722168,42.45489502],[129.603088379,42.455322266],[129.60369873000002,42.455505371],[129.60412597700002,42.456115723],[129.60430908200001,42.456298828],[129.604675293,42.456481934],[129.604919434,42.45690918],[129.60510253900003,42.457275391],[129.605285645,42.457519531],[129.60552978500002,42.457885742],[129.60571289100002,42.458312988],[129.60589599600002,42.458679199],[129.60607910200002,42.459106445],[129.606323242,42.459472656],[129.606506348,42.459899902],[129.606689453,42.460327148],[129.60711669900002,42.460510254],[129.60729980500003,42.460876465],[129.60748291000002,42.461120605],[129.607727051,42.461120605],[129.607910156,42.461303711],[129.608276367,42.461486816],[129.60852050800003,42.461730957],[129.60888671900003,42.461730957],[129.60949707,42.461914062],[129.60992431600002,42.462097168],[129.61047363300003,42.462097168],[129.611083984,42.462280273],[129.61151123000002,42.462280273],[129.61212158200001,42.462280273],[129.612487793,42.462524414],[129.613098145,42.462524414],[129.61352539100002,42.462524414],[129.61389160200002,42.462524414],[129.614685059,42.462524414],[129.61511230500003,42.462280273],[129.61547851600002,42.462280273],[129.616088867,42.462097168],[129.61651611300002,42.462097168],[129.61688232400002,42.461730957],[129.617492676,42.461486816],[129.61810302700002,42.460876465],[129.618530273,42.460510254],[129.61907959,42.460083008],[129.61968994100002,42.459472656],[129.620483398,42.45892334],[129.620910645,42.458312988],[129.62127685500002,42.457885742],[129.62152099600002,42.457092285],[129.62170410200002,42.456298828],[129.622070312,42.455505371],[129.622497559,42.45489502],[129.62292480500003,42.454284668],[129.62329101600002,42.453491211],[129.623718262,42.452880859],[129.623901367,42.452514648],[129.624084473,42.451721191],[129.62432861300002,42.450927734],[129.62451171900003,42.450073242],[129.62487793000003,42.449707031],[129.62512207,42.449279785],[129.625305176,42.448730469],[129.625488281,42.448303223],[129.625671387,42.447875977],[129.62591552700002,42.447692871],[129.62628173800002,42.44732666],[129.626708984,42.44708252],[129.62689209,42.446899414],[129.62731933600003,42.446472168],[129.62768554700003,42.446105957],[129.628112793,42.445678711],[129.628479004,42.445495605],[129.62908935500002,42.444885254],[129.62969970700001,42.444519043],[129.630126953,42.443908691],[129.63067627,42.443481445],[129.63092041000002,42.442871094],[129.63128662100002,42.442504883],[129.632080078,42.442871094],[129.64672851600002,42.468505859],[129.65631103500002,42.499328613],[129.66027832,42.528076172],[129.65649414100002,42.560913086],[129.67407226600002,42.588684082],[129.682128906,42.61328125],[129.679504395,42.641296387],[129.682495117,42.66192627],[129.690673828,42.677490234],[129.68127441400003,42.699890137],[129.66467285200002,42.723327637],[129.68048095700001,42.762512207],[129.71508789100002,42.795288086],[129.71771240200002,42.79888916],[129.731506348,42.817871094],[129.74768066400003,42.854309082],[129.75390625000003,42.876281738],[129.75250244100002,42.890319824],[129.74987793000003,42.913696289],[129.756713867,42.943115234],[129.80828857400002,42.962524414],[129.805908203,43.000488281],[129.81127929700003,43.002075195],[129.829528809,43.007324219],[129.88568115200002,43.010498047],[129.89227294900002,43.001281738],[129.89251709,43.001525879],[129.89331054700003,43.002075195],[129.894470215,43.002685547],[129.895874023,43.003295898],[129.89727783200001,43.003723145],[129.898925781,43.004089355],[129.89990234400003,43.004699707],[129.90112304700003,43.005126953],[129.902099609,43.005493164],[129.90307617200003,43.00567627],[129.90411377,43.006103516],[129.90509033200001,43.006286621],[129.90612793000003,43.006530762],[129.907287598,43.006896973],[129.90808105500003,43.007080078],[129.90911865200002,43.007324219],[129.910095215,43.007324219],[129.91027832,43.007324219],[129.911682129,43.007507324],[129.91271972700002,43.00769043],[129.913879395,43.007873535],[129.914916992,43.007873535],[129.91589355500003,43.007873535],[129.916687012,43.007873535],[129.91748046900003,43.007873535],[129.919128418,43.008117676],[129.92028808600003,43.008117676],[129.921325684,43.008117676],[129.92211914100002,43.008300781],[129.923278809,43.008300781],[129.92407226600002,43.008117676],[129.92510986300002,43.008117676],[129.926086426,43.008117676],[129.92687988300003,43.008117676],[129.92791748000002,43.008300781],[129.92810058600003,43.008300781],[129.928894043,43.008483887],[129.92968750000003,43.008728027],[129.93048095700001,43.008911133],[129.93127441400003,43.009277344],[129.932312012,43.009277344],[129.93328857400002,43.009521484],[129.93432617200003,43.009521484],[129.935302734,43.00970459],[129.93609619100002,43.009887695],[129.936706543,43.009887695],[129.93768310500002,43.009887695],[129.938720703,43.010070801],[129.93951416000002,43.010070801],[129.940490723,43.010070801],[129.941711426,43.010070801],[129.94250488300003,43.010314941],[129.943481445,43.010314941],[129.944519043,43.010314941],[129.94549560500002,43.010314941],[129.946289062,43.010314941],[129.94708252,43.010314941],[129.94769287100002,43.010498047],[129.948486328,43.010681152],[129.94927978500002,43.010925293],[129.949890137,43.011108398],[129.95068359400003,43.011291504],[129.95111084,43.011474609],[129.95172119100002,43.011474609],[129.952514648,43.01171875],[129.953125,43.01171875],[129.95367431600002,43.01171875],[129.954284668,43.011474609],[129.95471191400003,43.011291504],[129.95507812500003,43.010925293],[129.95550537100002,43.010681152],[129.95587158200001,43.010498047],[129.956115723,43.010070801],[129.956481934,43.009887695],[129.95672607400002,43.009277344],[129.95690918000003,43.009094238],[129.95690918000003,43.008728027],[129.95690918000003,43.008117676],[129.95690918000003,43.00769043],[129.95690918000003,43.007507324],[129.95690918000003,43.007080078],[129.95672607400002,43.006530762],[129.956481934,43.00592041],[129.95587158200001,43.005310059],[129.95568847700002,43.004882812],[129.95532226600002,43.004272461],[129.95489502,43.003723145],[129.954284668,43.002929687],[129.954101562,43.002502441],[129.95367431600002,43.00189209],[129.95330810500002,43.001281738],[129.952880859,43.000671387],[129.952514648,43.000305176],[129.95227050800003,42.999694824],[129.95208740200002,42.999084473],[129.95190429700003,42.998474121],[129.95172119100002,42.997924805],[129.951477051,42.997497559],[129.951477051,42.997070312],[129.951477051,42.996887207],[129.951293945,42.996520996],[129.95111084,42.995910645],[129.95111084,42.995300293],[129.950927734,42.994689941],[129.95068359400003,42.993896484],[129.95068359400003,42.993286133],[129.95050048800002,42.992675781],[129.95031738300003,42.991882324],[129.95031738300003,42.991271973],[129.950073242,42.990722656],[129.950073242,42.989929199],[129.950073242,42.989685059],[129.950073242,42.989074707],[129.950073242,42.98828125],[129.950073242,42.987670898],[129.950073242,42.987121582],[129.950073242,42.98651123],[129.95050048800002,42.985717773],[129.95050048800002,42.985107422],[129.95068359400003,42.98449707],[129.950927734,42.983886719],[129.95111084,42.983276367],[129.951477051,42.982727051],[129.95172119100002,42.982116699],[129.95208740200002,42.981689453],[129.95227050800003,42.981323242],[129.952697754,42.980712891],[129.953125,42.980285645],[129.95349121100003,42.980102539],[129.95391845700001,42.979675293],[129.954284668,42.979309082],[129.95489502,42.978881836],[129.95532226600002,42.97869873],[129.95587158200001,42.978515625],[129.956481934,42.978088379],[129.95690918000003,42.977905273],[129.957885742,42.977722168],[129.95867919900002,42.977294922],[129.95971679700003,42.976928711],[129.960693359,42.97668457],[129.96173095700001,42.976318359],[129.96270752,42.976074219],[129.963928223,42.975708008],[129.96490478500002,42.975524902],[129.965881348,42.975280762],[129.96667480500003,42.974914551],[129.96771240200002,42.974487305],[129.968688965,42.974121094],[129.969909668,42.973876953],[129.97088623000002,42.973510742],[129.971679687,42.973327637],[129.97271728500002,42.973083496],[129.973510742,42.973083496],[129.97448730500003,42.972900391],[129.975280762,42.972900391],[129.976318359,42.972717285],[129.97711181600002,42.972717285],[129.978088379,42.972473145],[129.97930908200001,42.972473145],[129.980285645,42.972473145],[129.98107910200002,42.972473145],[129.981872559,42.972290039],[129.98248291000002,42.972290039],[129.983276367,42.972106934],[129.98449707,42.972106934],[129.98529052700002,42.971923828],[129.98547363300003,42.971679687],[129.995300293,42.975524902],[130.03112793000003,42.974914551],[130.03948974600002,42.972106934],[130.039916992,42.972106934],[130.040283203,42.972290039],[130.04071044900002,42.972290039],[130.041320801,42.972290039],[130.041687012,42.972106934],[130.04229736300002,42.971923828],[130.04309082,42.971679687],[130.04388427700002,42.971496582],[130.044677734,42.971313477],[130.04547119100002,42.97088623],[130.046325684,42.97052002],[130.04711914100002,42.970275879],[130.048095703,42.969909668],[130.04888916000002,42.969726562],[130.049682617,42.969482422],[130.05047607400002,42.969116211],[130.05151367200003,42.968688965],[130.052307129,42.968505859],[130.05310058600003,42.968322754],[130.053894043,42.968078613],[130.054504395,42.967895508],[130.05511474600002,42.967895508],[130.055908203,42.967895508],[130.05670166000002,42.967895508],[130.057312012,42.967895508],[130.057678223,42.967895508],[130.05871582,42.967895508],[130.05969238300003,42.968078613],[130.060302734,42.968078613],[130.06091308600003,42.968322754],[130.061889648,42.968688965],[130.0625,42.96887207],[130.06329345700001,42.969299316],[130.06408691400003,42.969482422],[130.06469726600002,42.969909668],[130.065490723,42.970275879],[130.06628418000003,42.97088623],[130.067077637,42.971496582],[130.06829834,42.972106934],[130.06927490200002,42.972473145],[130.07049560500002,42.973083496],[130.071472168,42.973327637],[130.07250976600002,42.973693848],[130.073303223,42.973876953],[130.07373046900003,42.974304199],[130.074707031,42.97467041],[130.07550048800002,42.975280762],[130.076477051,42.975891113],[130.07727050800003,42.976501465],[130.078125,42.977111816],[130.07891845700001,42.977722168],[130.07971191400003,42.978088379],[130.08032226600002,42.97869873],[130.081115723,42.979125977],[130.08190918000003,42.979675293],[130.082885742,42.980285645],[130.08349609400003,42.980712891],[130.084289551,42.981079102],[130.08508300800003,42.981689453],[130.085876465,42.982116699],[130.08648681600002,42.982299805],[130.08752441400003,42.982727051],[130.08868408200001,42.983276367],[130.08972168000003,42.983703613],[130.090698242,42.984130859],[130.091918945,42.984680176],[130.09307861300002,42.984924316],[130.09429931600002,42.985290527],[130.09570312500003,42.985717773],[130.096679687,42.986083984],[130.097473145,42.986328125],[130.09808349600002,42.98651123],[130.09930419900002,42.986877441],[130.100280762,42.987121582],[130.101501465,42.987304687],[130.102722168,42.987487793],[130.10369873000002,42.987487793],[130.104675293,42.987670898],[130.10552978500002,42.987670898],[130.106506348,42.987670898],[130.10729980500003,42.987670898],[130.10852050800003,42.987670898],[130.10949707,42.987670898],[130.11047363300003,42.987670898],[130.11151123000002,42.987670898],[130.112487793,42.987670898],[130.11352539100002,42.987670898],[130.114318848,42.987670898],[130.11529541000002,42.987670898],[130.116088867,42.987487793],[130.11688232400002,42.987487793],[130.117675781,42.987304687],[130.118713379,42.987304687],[130.11968994100002,42.986877441],[130.120483398,42.986694336],[130.12170410200002,42.986083984],[130.12268066400003,42.985717773],[130.123718262,42.984924316],[130.12451171900003,42.984313965],[130.12487793000003,42.983886719],[130.125671387,42.983093262],[130.12628173800002,42.982299805],[130.12689209,42.981506348],[130.12731933600003,42.980712891],[130.128112793,42.979675293],[130.128723145,42.978881836],[130.12908935500002,42.978515625],[130.12969970700001,42.978088379],[130.130126953,42.977905273],[130.13067627,42.977722168],[130.13110351600002,42.977905273],[130.131713867,42.977905273],[130.13232421900003,42.978088379],[130.133117676,42.978515625],[130.13372802700002,42.978881836],[130.13427734400003,42.979309082],[130.134887695,42.979492187],[130.13568115200002,42.979675293],[130.136474609,42.979675293],[130.13732910200002,42.979919434],[130.137878418,42.979919434],[130.13891601600002,42.979919434],[130.13928222700002,42.979919434],[130.140075684,42.979919434],[130.14068603500002,42.979919434],[130.141479492,42.979675293],[130.14208984400003,42.979492187],[130.142700195,42.979125977],[130.14349365200002,42.97869873],[130.143920898,42.978271484],[130.144470215,42.977905273],[130.14471435500002,42.977478027],[130.14508056600002,42.976928711],[130.14532470700001,42.976501465],[130.145690918,42.975708008],[130.145874023,42.974914551],[130.14611816400003,42.974487305],[130.14611816400003,42.973693848],[130.14611816400003,42.972717285],[130.14611816400003,42.972106934],[130.145874023,42.971679687],[130.145507812,42.971130371],[130.14489746100003,42.97052002],[130.144104004,42.969909668],[130.14331054700003,42.969482422],[130.14227294900002,42.96887207],[130.141479492,42.968505859],[130.140930176,42.968078613],[130.139892578,42.967712402],[130.13928222700002,42.967285156],[130.13848877,42.966674805],[130.137695312,42.966308594],[130.13708496100003,42.965881348],[130.136291504,42.965515137],[130.135070801,42.964904785],[130.13409423800002,42.964477539],[130.13287353500002,42.963928223],[130.13232421900003,42.963500977],[130.131530762,42.963317871],[130.13067627,42.962890625],[130.12951660200002,42.962524414],[130.128295898,42.962097168],[130.12731933600003,42.961730957],[130.12628173800002,42.961486816],[130.125305176,42.960876465],[130.12432861300002,42.960510254],[130.12310791000002,42.960083008],[130.122070312,42.959716797],[130.12152099600002,42.959289551],[130.120483398,42.958679199],[130.120117187,42.958312988],[130.11950683600003,42.957885742],[130.118896484,42.957702637],[130.11828613300003,42.957275391],[130.117675781,42.956726074],[130.11688232400002,42.956298828],[130.11688232400002,42.956115723],[130.116271973,42.955688477],[130.116088867,42.955078125],[130.115722656,42.954711914],[130.11547851600002,42.954284668],[130.11547851600002,42.953918457],[130.11529541000002,42.953491211],[130.11511230500003,42.953125],[130.11492919900002,42.952514648],[130.11492919900002,42.952087402],[130.114685059,42.951477051],[130.114685059,42.95111084],[130.114685059,42.950683594],[130.11492919900002,42.950073242],[130.11511230500003,42.949890137],[130.11529541000002,42.949523926],[130.11547851600002,42.94909668],[130.11547851600002,42.948486328],[130.115905762,42.947875977],[130.115905762,42.947509766],[130.116088867,42.946899414],[130.116088867,42.946472168],[130.116271973,42.945922852],[130.11651611300002,42.945495605],[130.11688232400002,42.944702148],[130.11730957,42.944274902],[130.117492676,42.943481445],[130.11810302700002,42.942871094],[130.118530273,42.942504883],[130.11907959,42.942077637],[130.11968994100002,42.94152832],[130.120483398,42.941101074],[130.12109375000003,42.940673828],[130.12170410200002,42.940490723],[130.122070312,42.940307617],[130.12292480500003,42.940124512],[130.12347412100002,42.939880371],[130.124084473,42.939697266],[130.12487793000003,42.93951416],[130.12591552700002,42.93951416],[130.126708984,42.93951416],[130.12750244100002,42.93951416],[130.128295898,42.939697266],[130.12890625000003,42.939880371],[130.12951660200002,42.940124512],[130.129882812,42.940307617],[130.13092041000002,42.940490723],[130.131530762,42.940490723],[130.132080078,42.940490723],[130.13287353500002,42.940124512],[130.133300781,42.939880371],[130.133483887,42.93951416],[130.13391113300003,42.939086914],[130.13391113300003,42.938720703],[130.13391113300003,42.938110352],[130.13391113300003,42.937683105],[130.13372802700002,42.937316895],[130.133483887,42.936889648],[130.133300781,42.936096191],[130.13287353500002,42.93548584],[130.13269043000003,42.934692383],[130.132080078,42.934082031],[130.131896973,42.93371582],[130.13128662100002,42.933288574],[130.13092041000002,42.932678223],[130.130126953,42.932312012],[130.12951660200002,42.931884766],[130.128723145,42.931518555],[130.127929687,42.931091309],[130.12731933600003,42.930908203],[130.126525879,42.930725098],[130.125488281,42.930297852],[130.12487793000003,42.929870605],[130.123901367,42.929870605],[130.12268066400003,42.929870605],[130.12152099600002,42.930114746],[130.120483398,42.930114746],[130.11968994100002,42.930297852],[130.11907959,42.930297852],[130.11828613300003,42.930480957],[130.117492676,42.930480957],[130.11688232400002,42.930480957],[130.116088867,42.930480957],[130.11547851600002,42.930480957],[130.114501953,42.930297852],[130.11328125000003,42.930114746],[130.112304687,42.930114746],[130.11151123000002,42.929870605],[130.110717773,42.9296875],[130.109680176,42.929504395],[130.10888671900003,42.929321289],[130.108276367,42.929077148],[130.10748291000002,42.928894043],[130.106689453,42.928710937],[130.10607910200002,42.928710937],[130.10552978500002,42.928527832],[130.104675293,42.928100586],[130.10430908200001,42.92791748],[130.10369873000002,42.92767334],[130.103088379,42.927307129],[130.10247802700002,42.926879883],[130.10192871100003,42.926696777],[130.101501465,42.926330566],[130.101318359,42.925720215],[130.10107421900003,42.925109863],[130.10107421900003,42.924499512],[130.10089111300002,42.92388916],[130.10089111300002,42.923522949],[130.10089111300002,42.922912598],[130.10070800800003,42.922302246],[130.10070800800003,42.921691895],[130.10070800800003,42.921081543],[130.10089111300002,42.920471191],[130.10089111300002,42.920288086],[130.10107421900003,42.919921875],[130.101318359,42.919311523],[130.101501465,42.918884277],[130.10192871100003,42.918273926],[130.10229492200003,42.917724609],[130.10247802700002,42.917114258],[130.102905273,42.916320801],[130.103271484,42.915710449],[130.10369873000002,42.915283203],[130.10388183600003,42.914672852],[130.10430908200001,42.914123535],[130.104492187,42.913696289],[130.10510253900003,42.913085937],[130.10552978500002,42.912902832],[130.10607910200002,42.912475586],[130.106506348,42.912475586],[130.106872559,42.91229248],[130.10748291000002,42.912109375],[130.107910156,42.912109375],[130.10852050800003,42.912109375],[130.109130859,42.91192627],[130.10992431600002,42.91192627],[130.110717773,42.91192627],[130.11132812500003,42.91192627],[130.11212158200001,42.91192627],[130.113098145,42.912109375],[130.11389160200002,42.912109375],[130.114685059,42.912109375],[130.11547851600002,42.912109375],[130.11651611300002,42.912109375],[130.11730957,42.912109375],[130.11810302700002,42.91192627],[130.11907959,42.911682129],[130.11987304700003,42.911682129],[130.12072753900003,42.911499023],[130.12152099600002,42.911315918],[130.122497559,42.911071777],[130.12329101600002,42.910888672],[130.123901367,42.910522461],[130.12451171900003,42.91027832],[130.125305176,42.909912109],[130.12591552700002,42.909484863],[130.126525879,42.908874512],[130.127075195,42.908508301],[130.12768554700003,42.908081055],[130.128295898,42.907714844],[130.128723145,42.907287598],[130.12951660200002,42.906677246],[130.130126953,42.906311035],[130.13092041000002,42.905883789],[130.131530762,42.905273437],[130.132080078,42.904907227],[130.13287353500002,42.90447998],[130.13372802700002,42.903930664],[130.13427734400003,42.903686523],[130.135070801,42.903320312],[130.13568115200002,42.903076172],[130.136474609,42.902893066],[130.13690185500002,42.902709961],[130.137695312,42.902526855],[130.13830566400003,42.902526855],[130.13909912100002,42.902282715],[130.139526367,42.902282715],[130.140075684,42.902526855],[130.14068603500002,42.902526855],[130.141296387,42.902709961],[130.14190673800002,42.902893066],[130.14251709,42.903320312],[130.14331054700003,42.903686523],[130.144104004,42.903930664],[130.14471435500002,42.904296875],[130.14532470700001,42.90447998],[130.145874023,42.904724121],[130.14648437500003,42.905090332],[130.14727783200001,42.905273437],[130.147888184,42.905700684],[130.14868164100002,42.905883789],[130.149475098,42.906311035],[130.15008544900002,42.906677246],[130.150878906,42.907104492],[130.15148925800003,42.907470703],[130.152282715,42.907897949],[130.15307617200003,42.908325195],[130.15393066400003,42.908874512],[130.15447998000002,42.909301758],[130.155273437,42.909912109],[130.15612793000003,42.91027832],[130.156921387,42.910888672],[130.157470703,42.911499023],[130.15808105500003,42.91192627],[130.158874512,42.91229248],[130.15948486300002,42.912719727],[130.16027832,42.913085937],[130.16070556600002,42.913330078],[130.161315918,42.913513184],[130.16192627,42.913696289],[130.16247558600003,42.913879395],[130.163085937,42.913879395],[130.163879395,42.913879395],[130.16448974600002,42.914123535],[130.165283203,42.914123535],[130.16607666000002,42.914123535],[130.166687012,42.914123535],[130.16748046900003,42.914306641],[130.16851806600002,42.914306641],[130.169494629,42.914306641],[130.17047119100002,42.914306641],[130.171325684,42.914306641],[130.17211914100002,42.914123535],[130.172912598,42.914123535],[130.17352294900002,42.913879395],[130.174499512,42.913879395],[130.17510986300002,42.913696289],[130.175720215,42.913513184],[130.176086426,42.913330078],[130.17687988300003,42.913085937],[130.177490234,42.912902832],[130.17810058600003,42.912719727],[130.178894043,42.912475586],[130.179504395,42.912475586],[130.18029785200002,42.91229248],[130.180908203,42.91229248],[130.18151855500003,42.912109375],[130.182312012,42.91192627],[130.18292236300002,42.911682129],[130.18347168000003,42.911682129],[130.18450927700002,42.911315918],[130.185302734,42.911071777],[130.18627929700003,42.910888672],[130.187316895,42.910522461],[130.18811035200002,42.91027832],[130.188903809,42.910095215],[130.18969726600002,42.909912109],[130.190490723,42.909729004],[130.19128418000003,42.909484863],[130.192077637,42.909118652],[130.19268798800002,42.909118652],[130.19372558600003,42.908874512],[130.194519043,42.908691406],[130.19531250000003,42.908508301],[130.196289062,42.908325195],[130.19708252,42.908081055],[130.19769287100002,42.908081055],[130.198303223,42.908081055],[130.19927978500002,42.907714844],[130.200073242,42.907470703],[130.200927734,42.907287598],[130.20172119100002,42.907104492],[130.20227050800003,42.907104492],[130.202880859,42.906921387],[130.20391845700001,42.906677246],[130.204528809,42.906494141],[130.20507812500003,42.906311035],[130.20587158200001,42.90612793],[130.206481934,42.905883789],[130.20709228500002,42.905700684],[130.207702637,42.905273437],[130.20812988300003,42.905090332],[130.20867919900002,42.904724121],[130.209289551,42.90447998],[130.20989990200002,42.904296875],[130.210693359,42.904296875],[130.21130371100003,42.90411377],[130.212097168,42.903930664],[130.21289062500003,42.903930664],[130.213928223,42.903686523],[130.21490478500002,42.903686523],[130.215698242,42.903686523],[130.21649169900002,42.903686523],[130.21771240200002,42.903503418],[130.218688965,42.903503418],[130.21948242200003,42.903503418],[130.22052002,42.903320312],[130.22131347700002,42.903320312],[130.222106934,42.903320312],[130.223876953,42.903320312],[130.225097656,42.903320312],[130.22607421900003,42.903320312],[130.22747802700002,42.903320312],[130.22851562500003,42.903503418],[130.229492187,42.903503418],[130.23052978500002,42.903503418],[130.231323242,42.903503418],[130.23229980500003,42.903686523],[130.233276367,42.903686523],[130.234130859,42.903686523],[130.23529052700002,42.903930664],[130.23632812500003,42.903930664],[130.237304687,42.90411377],[130.23791503900003,42.904296875],[130.23907470700001,42.90447998],[130.24011230500003,42.904907227],[130.241088867,42.905273437],[130.24188232400002,42.905517578],[130.242675781,42.905700684],[130.24328613300003,42.905883789],[130.24407959,42.90612793],[130.24487304700003,42.906494141],[130.24572753900003,42.906677246],[130.24670410200002,42.906921387],[130.247314453,42.907104492],[130.24792480500003,42.907104492],[130.24847412100002,42.907287598],[130.249084473,42.907287598],[130.24987793000003,42.907470703],[130.250671387,42.907470703],[130.25128173800002,42.907470703],[130.25189209,42.907470703],[130.25250244100002,42.907470703],[130.253112793,42.907287598],[130.253479004,42.907287598],[130.25408935500002,42.907287598],[130.254882812,42.907104492],[130.25549316400003,42.907104492],[130.25592041000002,42.906921387],[130.256530762,42.906677246],[130.257080078,42.906311035],[130.25769043000003,42.90612793],[130.258483887,42.905883789],[130.25909423800002,42.905517578],[130.259887695,42.905090332],[130.26049804700003,42.90447998],[130.261108398,42.90411377],[130.261474609,42.903686523],[130.26190185500002,42.903320312],[130.26208496100003,42.902893066],[130.26251220700001,42.902282715],[130.262878418,42.901916504],[130.263122559,42.901306152],[130.26348877,42.900878906],[130.26348877,42.900512695],[130.26367187500003,42.899902344],[130.26391601600002,42.899291992],[130.26409912100002,42.898681641],[130.26428222700002,42.898071289],[130.26428222700002,42.897705078],[130.264526367,42.897094727],[130.264709473,42.896484375],[130.264892578,42.896118164],[130.265075684,42.895690918],[130.26550293000003,42.895080566],[130.26568603500002,42.894714355],[130.266113281,42.894287109],[130.266479492,42.893676758],[130.26690673800002,42.893127441],[130.26727294900002,42.89251709],[130.267700195,42.891906738],[130.267883301,42.891296387],[130.26831054700003,42.890686035],[130.26849365200002,42.890075684],[130.26867675800003,42.889526367],[130.26867675800003,42.888671875],[130.268920898,42.887878418],[130.268920898,42.887084961],[130.269104004,42.886291504],[130.269104004,42.885498047],[130.269104004,42.88470459],[130.269104004,42.883911133],[130.269104004,42.882873535],[130.268920898,42.882080078],[130.268920898,42.881286621],[130.26849365200002,42.880310059],[130.26812744100002,42.879272461],[130.267700195,42.878723145],[130.26727294900002,42.878112793],[130.26672363300003,42.877319336],[130.266113281,42.876708984],[130.26550293000003,42.875915527],[130.264892578,42.875305176],[130.26428222700002,42.874511719],[130.26348877,42.873718262],[130.262878418,42.87310791],[130.26251220700001,42.872497559],[130.26190185500002,42.871887207],[130.261291504,42.871276855],[130.261108398,42.870300293],[130.26068115200002,42.869689941],[130.26031494100002,42.868896484],[130.260070801,42.868286133],[130.259887695,42.867492676],[130.259887695,42.866699219],[130.25970459,42.865722656],[130.259521484,42.86529541],[130.258483887,42.864685059],[130.25769043000003,42.864318848],[130.256530762,42.863525391],[130.25549316400003,42.863098145],[130.25469970700001,42.862487793],[130.25390625000003,42.861877441],[130.253295898,42.86151123],[130.25268554700003,42.861083984],[130.251525879,42.860107422],[130.25091552700002,42.859313965],[130.250305176,42.858886719],[130.25012207,42.858276367],[130.24987793000003,42.857910156],[130.24969482400002,42.857116699],[130.24951171900003,42.856506348],[130.24932861300002,42.855712891],[130.24932861300002,42.855102539],[130.24932861300002,42.854309082],[130.24932861300002,42.85369873],[130.24951171900003,42.852905273],[130.24969482400002,42.852478027],[130.25012207,42.85168457],[130.250488281,42.851074219],[130.25109863300003,42.850280762],[130.251525879,42.84967041],[130.252075195,42.848876953],[130.25268554700003,42.848083496],[130.253112793,42.847290039],[130.253723145,42.846313477],[130.25408935500002,42.845703125],[130.25451660200002,42.844909668],[130.25469970700001,42.844299316],[130.255126953,42.843505859],[130.255310059,42.843078613],[130.255310059,42.842529297],[130.25549316400003,42.842102051],[130.25549316400003,42.841491699],[130.25549316400003,42.840881348],[130.255310059,42.840087891],[130.255126953,42.83972168],[130.254882812,42.839111328],[130.25469970700001,42.838684082],[130.25451660200002,42.83807373],[130.25427246100003,42.83770752],[130.25408935500002,42.837280273],[130.253723145,42.836914062],[130.253295898,42.836303711],[130.25268554700003,42.835693359],[130.25231933600003,42.835327148],[130.25189209,42.834899902],[130.25128173800002,42.834472656],[130.250671387,42.83392334],[130.250305176,42.833679199],[130.24987793000003,42.833129883],[130.249084473,42.832702637],[130.24829101600002,42.832275391],[130.24768066400003,42.831726074],[130.24688720700001,42.831298828],[130.24627685500002,42.830688477],[130.245483398,42.830322266],[130.24487304700003,42.82989502],[130.24450683600003,42.829528809],[130.243896484,42.828918457],[130.24328613300003,42.828308105],[130.24291992200003,42.827880859],[130.242492676,42.827270508],[130.24188232400002,42.826721191],[130.241088867,42.82611084],[130.240722656,42.825500488],[130.24011230500003,42.824707031],[130.239685059,42.82409668],[130.23907470700001,42.823303223],[130.23870849600002,42.822692871],[130.23828125000003,42.821899414],[130.237670898,42.821105957],[130.237487793,42.8203125],[130.23687744100002,42.819519043],[130.23651123000002,42.818725586],[130.235900879,42.818115234],[130.235717773,42.817687988],[130.23547363300003,42.817077637],[130.23547363300003,42.816711426],[130.23547363300003,42.816101074],[130.23547363300003,42.815490723],[130.23547363300003,42.814880371],[130.235717773,42.814086914],[130.235900879,42.813720703],[130.235900879,42.813110352],[130.236083984,42.8125],[130.236083984,42.811889648],[130.23632812500003,42.811279297],[130.236083984,42.810913086],[130.235900879,42.810119629],[130.235717773,42.809509277],[130.23547363300003,42.809082031],[130.23529052700002,42.80871582],[130.23547363300003,42.807922363],[130.23547363300003,42.807128906],[130.23547363300003,42.806518555],[130.235717773,42.805480957],[130.235717773,42.804870605],[130.235900879,42.804077148],[130.236083984,42.803527832],[130.23632812500003,42.803100586],[130.23632812500003,42.802490234],[130.236083984,42.801879883],[130.236083984,42.801330566],[130.235717773,42.800720215],[130.23529052700002,42.800292969],[130.234680176,42.799682617],[130.234313965,42.799316406],[130.23388671900003,42.798706055],[130.23352050800003,42.798278809],[130.232910156,42.797912598],[130.23248291000002,42.797485352],[130.23211669900002,42.796875],[130.231689453,42.796508789],[130.231506348,42.796081543],[130.23107910200002,42.795715332],[130.23052978500002,42.79510498],[130.23010253900003,42.794677734],[130.229675293,42.793884277],[130.22930908200001,42.79309082],[130.22888183600003,42.792480469],[130.22869873000002,42.791687012],[130.228271484,42.791320801],[130.228088379,42.790710449],[130.228088379,42.790283203],[130.227905273,42.789916992],[130.227722168,42.789123535],[130.22747802700002,42.788513184],[130.22747802700002,42.787902832],[130.22747802700002,42.78729248],[130.22747802700002,42.786499023],[130.22747802700002,42.785888672],[130.227722168,42.785522461],[130.228088379,42.784912109],[130.228271484,42.784484863],[130.22869873000002,42.783874512],[130.22888183600003,42.783325195],[130.229492187,42.782897949],[130.229675293,42.782470703],[130.230285645,42.781921387],[130.23089599600002,42.781494141],[130.231506348,42.780883789],[130.231872559,42.780517578],[130.232727051,42.779907227],[130.233276367,42.77947998],[130.23388671900003,42.77911377],[130.23449707,42.778686523],[130.23510742200003,42.778076172],[130.235717773,42.777709961],[130.236083984,42.776916504],[130.23669433600003,42.776306152],[130.23712158200001,42.775878906],[130.237670898,42.775085449],[130.23828125000003,42.774475098],[130.23889160200002,42.773681641],[130.239318848,42.772888184],[130.239685059,42.771911621],[130.24029541000002,42.770690918],[130.240722656,42.769897461],[130.241088867,42.769287109],[130.241271973,42.768676758],[130.24169921900003,42.768310547],[130.242126465,42.767272949],[130.24230957,42.766723633],[130.242492676,42.765930176],[130.242675781,42.765075684],[130.24310302700002,42.764526367],[130.24310302700002,42.763671875],[130.24328613300003,42.763305664],[130.24328613300003,42.762512207],[130.24328613300003,42.761901855],[130.24328613300003,42.761474609],[130.24328613300003,42.760681152],[130.24328613300003,42.759887695],[130.24328613300003,42.759094238],[130.24310302700002,42.758300781],[130.24291992200003,42.757507324],[130.24291992200003,42.756713867],[130.242675781,42.75592041],[130.242492676,42.755310059],[130.24230957,42.754882812],[130.242126465,42.754516602],[130.24151611300002,42.753723145],[130.241088867,42.753479004],[130.24047851600002,42.753112793],[130.24047851600002,42.752929687],[130.23992919900002,42.752502441],[130.239685059,42.752075195],[130.239501953,42.751708984],[130.23907470700001,42.751098633],[130.23889160200002,42.750671387],[130.23870849600002,42.750305176],[130.23828125000003,42.74987793],[130.238098145,42.749084473],[130.23791503900003,42.748474121],[130.237487793,42.74810791],[130.237304687,42.747497559],[130.23687744100002,42.747070312],[130.23687744100002,42.746520996],[130.23651123000002,42.74609375],[130.23632812500003,42.745727539],[130.235900879,42.745117187],[130.235717773,42.744689941],[130.23547363300003,42.74407959],[130.23529052700002,42.743713379],[130.23510742200003,42.743103027],[130.23510742200003,42.742675781],[130.23510742200003,42.742126465],[130.23492431600002,42.741882324],[130.23492431600002,42.741271973],[130.234680176,42.740478516],[130.234680176,42.739929199],[130.23449707,42.739318848],[130.23449707,42.738891602],[130.23449707,42.73828125],[130.234313965,42.737670898],[130.234313965,42.737487793],[130.23449707,42.736877441],[130.234680176,42.736328125],[130.23492431600002,42.736083984],[130.23529052700002,42.735473633],[130.23547363300003,42.735107422],[130.235717773,42.734680176],[130.236083984,42.733886719],[130.23651123000002,42.733520508],[130.23687744100002,42.733093262],[130.23712158200001,42.732727051],[130.237487793,42.732299805],[130.237670898,42.731872559],[130.238098145,42.731506348],[130.23828125000003,42.731079102],[130.23870849600002,42.730529785],[130.23907470700001,42.729919434],[130.239685059,42.729309082],[130.24011230500003,42.728881836],[130.240905762,42.728515625],[130.24169921900003,42.727905273],[130.24230957,42.727478027],[130.24310302700002,42.727111816],[130.243713379,42.726501465],[130.24450683600003,42.726074219],[130.24487304700003,42.725524902],[130.245483398,42.725280762],[130.245910645,42.72467041],[130.24627685500002,42.724121094],[130.24688720700001,42.723510742],[130.247070312,42.723083496],[130.247314453,42.722473145],[130.24768066400003,42.721923828],[130.24810791000002,42.721313477],[130.24829101600002,42.72088623],[130.24829101600002,42.720275879],[130.24847412100002,42.719482422],[130.248718262,42.71887207],[130.248718262,42.718322754],[130.248901367,42.717712402],[130.248901367,42.717102051],[130.248901367,42.716491699],[130.248901367,42.715881348],[130.249084473,42.714904785],[130.24932861300002,42.714111328],[130.24951171900003,42.713500977],[130.24951171900003,42.71307373],[130.24987793000003,42.712524414],[130.25012207,42.711914062],[130.250488281,42.711303711],[130.250671387,42.710876465],[130.25091552700002,42.710083008],[130.25128173800002,42.709472656],[130.25189209,42.70892334],[130.25231933600003,42.708496094],[130.25250244100002,42.707885742],[130.252929687,42.707519531],[130.253479004,42.70690918],[130.25408935500002,42.706481934],[130.25451660200002,42.706115723],[130.254882812,42.705688477],[130.255310059,42.705505371],[130.25610351600002,42.705078125],[130.257080078,42.70489502],[130.25769043000003,42.704711914],[130.258483887,42.704528809],[130.25927734400003,42.704284668],[130.259887695,42.704284668],[130.26068115200002,42.704101562],[130.261474609,42.703918457],[130.26208496100003,42.703674316],[130.26251220700001,42.703674316],[130.263122559,42.703674316],[130.26409912100002,42.703491211],[130.265075684,42.703491211],[130.265930176,42.703491211],[130.26672363300003,42.703308105],[130.267883301,42.703125],[130.268920898,42.703125],[130.27008056600002,42.703125],[130.270874023,42.702880859],[130.27191162100002,42.702880859],[130.27307128900003,42.702697754],[130.274475098,42.702697754],[130.275512695,42.702514648],[130.27667236300002,42.702270508],[130.27789306600002,42.702087402],[130.27893066400003,42.702087402],[130.28009033200001,42.701904297],[130.28088378900003,42.701477051],[130.28167724600002,42.701293945],[130.282287598,42.70111084],[130.28289794900002,42.700683594],[130.283691406,42.700317383],[130.28448486300002,42.699890137],[130.28570556600002,42.699279785],[130.286499023,42.698913574],[130.28710937500003,42.698486328],[130.28790283200001,42.697875977],[130.288513184,42.697509766],[130.288879395,42.696899414],[130.28967285200002,42.696289062],[130.290283203,42.695922852],[130.29089355500003,42.6953125],[130.291503906,42.694702148],[130.291870117,42.694091797],[130.29248046900003,42.693481445],[130.29309082,42.692871094],[130.293273926,42.692077637],[130.29370117200003,42.69128418],[130.29388427700002,42.690490723],[130.294128418,42.689880371],[130.294311523,42.68927002],[130.294494629,42.688476562],[130.29492187500003,42.687683105],[130.29510498000002,42.687072754],[130.29528808600003,42.686279297],[130.29547119100002,42.685913086],[130.29571533200001,42.685302734],[130.296081543,42.684509277],[130.296325684,42.68371582],[130.296691895,42.682678223],[130.29711914100002,42.681884766],[130.29748535200002,42.681091309],[130.297912598,42.680480957],[130.29852294900002,42.6796875],[130.29907226600002,42.678710937],[130.299682617,42.67791748],[130.30010986300002,42.677307129],[130.300720215,42.676513672],[130.30133056600002,42.675720215],[130.30151367200003,42.675292969],[130.302124023,42.674316406],[130.302490234,42.673522949],[130.30310058600003,42.672729492],[130.30328369100002,42.672119141],[130.303710937,42.671508789],[130.30432128900003,42.670715332],[130.304504395,42.670288086],[130.30468750000003,42.669494629],[130.30487060500002,42.668884277],[130.30529785200002,42.66809082],[130.30529785200002,42.667724609],[130.30548095700001,42.667114258],[130.30590820300003,42.66607666],[130.306091309,42.665283203],[130.30627441400003,42.664672852],[130.30670166000002,42.663879395],[130.30688476600002,42.663330078],[130.307128906,42.662719727],[130.307312012,42.66229248],[130.30792236300002,42.661499023],[130.30828857400002,42.660888672],[130.30871582,42.66027832],[130.309082031,42.659729004],[130.30969238300003,42.659118652],[130.310302734,42.658508301],[130.31072998000002,42.658081055],[130.31127929700003,42.657470703],[130.311889648,42.656921387],[130.31268310500002,42.656311035],[130.313476562,42.655700684],[130.31408691400003,42.655517578],[130.31488037100002,42.655273437],[130.31591796900003,42.655090332],[130.316711426,42.654724121],[130.31750488300003,42.65447998],[130.31829834,42.653930664],[130.31890869100002,42.653503418],[130.319702148,42.653076172],[130.32031250000003,42.652709961],[130.32092285200002,42.652282715],[130.321472168,42.651916504],[130.32250976600002,42.651306152],[130.323303223,42.650878906],[130.32391357400002,42.65032959],[130.324523926,42.649902344],[130.32531738300003,42.649475098],[130.32611084,42.648925781],[130.32672119100002,42.648498535],[130.327697754,42.647888184],[130.32849121100003,42.647521973],[130.329101562,42.647094727],[130.32989502,42.646484375],[130.33068847700002,42.646118164],[130.331481934,42.645507812],[130.332519531,42.645080566],[130.332885742,42.644714355],[130.33367919900002,42.644287109],[130.33471679700003,42.643676758],[130.335693359,42.643127441],[130.33673095700001,42.642700195],[130.33789062500003,42.642089844],[130.33911132800003,42.641113281],[130.34027099600002,42.640686035],[130.34130859400003,42.640319824],[130.342102051,42.639892578],[130.343322754,42.639282227],[130.34448242200003,42.638671875],[130.34613037100002,42.638122559],[130.347106934,42.637695312],[130.348327637,42.637084961],[130.34948730500003,42.63671875],[130.35052490200002,42.636108398],[130.35168457,42.635498047],[130.353088379,42.634887695],[130.35388183600003,42.634521484],[130.35552978500002,42.633728027],[130.356506348,42.633300781],[130.35729980500003,42.63269043],[130.358093262,42.632080078],[130.35888671900003,42.631530762],[130.35949707,42.63092041],[130.36010742200003,42.630493164],[130.361083984,42.629516602],[130.36187744100002,42.628479004],[130.362304687,42.627929687],[130.36328125000003,42.627075195],[130.38092041000002,42.622070312],[130.379882812,42.609313965],[130.37628173800002,42.605102539],[130.37628173800002,42.604125977],[130.37628173800002,42.603515625],[130.376525879,42.603088379],[130.376708984,42.602722168],[130.377075195,42.602111816],[130.37768554700003,42.60168457],[130.378112793,42.601318359],[130.378723145,42.600891113],[130.37908935500002,42.600524902],[130.379882812,42.600280762],[130.38049316400003,42.599914551],[130.38110351600002,42.599487305],[130.381896973,42.599121094],[130.38232421900003,42.598876953],[130.383117676,42.598693848],[130.38372802700002,42.598510742],[130.38427734400003,42.598510742],[130.385070801,42.598510742],[130.386108398,42.598510742],[130.38690185500002,42.598510742],[130.387878418,42.598693848],[130.38867187500003,42.598876953],[130.389709473,42.598876953],[130.39031982400002,42.599304199],[130.391113281,42.599487305],[130.39172363300003,42.59967041],[130.39312744100002,42.600280762],[130.394287109,42.600708008],[130.395690918,42.601501465],[130.39648437500003,42.601928711],[130.39727783200001,42.602294922],[130.39807128900003,42.602722168],[130.398925781,42.603088379],[130.39990234400003,42.60369873],[130.400695801,42.604125977],[130.40148925800003,42.604675293],[130.402282715,42.605285645],[130.40307617200003,42.605895996],[130.403686523,42.606506348],[130.40429687500003,42.607116699],[130.40490722700002,42.607727051],[130.405273437,42.608276367],[130.40588378900003,42.608886719],[130.40631103500002,42.609680176],[130.40667724600002,42.610107422],[130.407287598,42.610717773],[130.40771484400003,42.611083984],[130.408325195,42.611877441],[130.40911865200002,42.612487793],[130.409729004,42.612915039],[130.41052246100003,42.613525391],[130.411315918,42.613891602],[130.41210937500003,42.614074707],[130.41290283200001,42.614318848],[130.41333007800003,42.614501953],[130.41448974600002,42.614501953],[130.41528320300003,42.614685059],[130.41607666000002,42.614685059],[130.41711425800003,42.614501953],[130.417907715,42.614501953],[130.41870117200003,42.614318848],[130.419677734,42.614074707],[130.42028808600003,42.613891602],[130.421081543,42.613525391],[130.421875,42.613098145],[130.42248535200002,42.612915039],[130.42309570300003,42.612487793],[130.42407226600002,42.611877441],[130.424682617,42.61151123],[130.42547607400002,42.611328125],[130.42633056600002,42.610900879],[130.42687988300003,42.610473633],[130.42791748000002,42.610290527],[130.428894043,42.609924316],[130.42968750000003,42.60949707],[130.43029785200002,42.609130859],[130.431091309,42.608703613],[130.43170166000002,42.608276367],[130.432678223,42.607910156],[130.43347168000003,42.607299805],[130.434082031,42.606689453],[130.43469238300003,42.606323242],[130.435302734,42.605529785],[130.43591308600003,42.605102539],[130.43627929700003,42.604309082],[130.450927734,42.607299805],[130.46008300800003,42.598693848],[130.46008300800003,42.598876953],[130.460327148,42.59967041],[130.460693359,42.600280762],[130.460876465,42.600891113],[130.46112060500002,42.60168457],[130.46148681600002,42.602294922],[130.46173095700001,42.602905273],[130.462280273,42.60369873],[130.46289062500003,42.604492187],[130.46331787100002,42.605102539],[130.463928223,42.605895996],[130.46472168000003,42.606689453],[130.46508789100002,42.607116699],[130.465881348,42.607910156],[130.46649169900002,42.608520508],[130.467285156,42.609130859],[130.46807861300002,42.609680176],[130.468688965,42.610290527],[130.46948242200003,42.610900879],[130.470275879,42.611877441],[130.47088623000002,42.612670898],[130.47149658200001,42.61328125],[130.472106934,42.614074707],[130.47271728500002,42.614685059],[130.47308349600002,42.61529541],[130.473693848,42.615905762],[130.47430419900002,42.616516113],[130.47467041000002,42.616882324],[130.475280762,42.61730957],[130.47589111300002,42.617675781],[130.476318359,42.618286133],[130.47668457,42.618286133],[130.47747802700002,42.618530273],[130.478088379,42.618713379],[130.47869873000002,42.618896484],[130.479492187,42.618896484],[130.48010253900003,42.618896484],[130.48107910200002,42.61907959],[130.48211669900002,42.61907959],[130.483276367,42.61907959],[130.48449707,42.61932373],[130.48547363300003,42.61932373],[130.48669433600003,42.61932373],[130.48791503900003,42.61907959],[130.48907470700001,42.61907959],[130.49029541000002,42.61907959],[130.49151611300002,42.61907959],[130.492126465,42.618896484],[130.493530273,42.61907959],[130.49450683600003,42.61907959],[130.495483398,42.61932373],[130.49627685500002,42.61932373],[130.497070312,42.61932373],[130.498718262,42.61932373],[130.500488281,42.61907959],[130.50189209,42.618896484],[130.503295898,42.618896484],[130.50469970700001,42.618713379],[130.50628662100002,42.618530273],[130.50769043000003,42.618286133],[130.50891113300003,42.618103027],[130.509887695,42.617675781],[130.511108398,42.617492676],[130.51190185500002,42.617126465],[130.51251220700001,42.616699219],[130.51330566400003,42.616271973],[130.51391601600002,42.616088867],[130.514526367,42.615478516],[130.515075684,42.614685059],[130.51568603500002,42.613891602],[130.516113281,42.612915039],[130.516296387,42.612304687],[130.516479492,42.611694336],[130.51690673800002,42.610900879],[130.51708984400003,42.610290527],[130.51727294900002,42.609680176],[130.51727294900002,42.608703613],[130.51727294900002,42.607910156],[130.51727294900002,42.606872559],[130.51727294900002,42.606079102],[130.51727294900002,42.605529785],[130.51727294900002,42.605102539],[130.51751709,42.604492187],[130.517700195,42.604125977],[130.51812744100002,42.60369873],[130.51831054700003,42.603271484],[130.51849365200002,42.602905273],[130.51867675800003,42.602478027],[130.51867675800003,42.601928711],[130.518920898,42.601074219],[130.51867675800003,42.600280762],[130.51867675800003,42.599304199],[130.51867675800003,42.598510742],[130.51831054700003,42.597473145],[130.51812744100002,42.596679687],[130.517700195,42.59588623],[130.51727294900002,42.59552002],[130.516479492,42.594726562],[130.516113281,42.59387207],[130.51568603500002,42.593322754],[130.515075684,42.592895508],[130.514709473,42.592285156],[130.51428222700002,42.591918945],[130.51409912100002,42.591308594],[130.51330566400003,42.590515137],[130.512878418,42.589904785],[130.51232910200002,42.589294434],[130.51190185500002,42.588500977],[130.51171875000003,42.587890625],[130.511474609,42.587280273],[130.511291504,42.586486816],[130.511291504,42.585876465],[130.511108398,42.585083008],[130.511108398,42.584106445],[130.511108398,42.583312988],[130.511108398,42.582702637],[130.511291504,42.58190918],[130.511474609,42.581298828],[130.51171875000003,42.580688477],[130.51208496100003,42.57989502],[130.51232910200002,42.579284668],[130.512695312,42.578491211],[130.513122559,42.578125],[130.51348877,42.577270508],[130.51391601600002,42.576904297],[130.51428222700002,42.576477051],[130.51489257800003,42.57611084],[130.51550293000003,42.575500488],[130.516479492,42.574890137],[130.51708984400003,42.574279785],[130.517883301,42.573730469],[130.51849365200002,42.573303223],[130.519104004,42.572692871],[130.519470215,42.57232666],[130.51989746100003,42.571716309],[130.52008056600002,42.571289062],[130.520507812,42.570678711],[130.520874023,42.569885254],[130.52130127,42.569274902],[130.52172851600002,42.568908691],[130.52209472700002,42.568481445],[130.52270507800003,42.567871094],[130.522888184,42.567504883],[130.52307128900003,42.566894531],[130.52349853500002,42.56628418],[130.52368164100002,42.565917969],[130.523925781,42.565307617],[130.524291992,42.564697266],[130.524291992,42.564086914],[130.524475098,42.563720703],[130.52490234400003,42.562927246],[130.52508544900002,42.562072754],[130.52508544900002,42.561523437],[130.52508544900002,42.56072998],[130.52508544900002,42.559875488],[130.52508544900002,42.559326172],[130.52490234400003,42.55847168],[130.52490234400003,42.557678223],[130.52471923800002,42.557128906],[130.524291992,42.556274414],[130.524108887,42.555297852],[130.52368164100002,42.5546875],[130.52349853500002,42.553894043],[130.52331543000003,42.553283691],[130.52331543000003,42.552490234],[130.52307128900003,42.552124023],[130.522888184,42.551879883],[130.522888184,42.551086426],[130.52307128900003,42.550476074],[130.52331543000003,42.549926758],[130.52349853500002,42.549316406],[130.52368164100002,42.54888916],[130.524108887,42.548095703],[130.52490234400003,42.547302246],[130.52508544900002,42.546691895],[130.525695801,42.545898437],[130.525878906,42.54510498],[130.52612304700003,42.544494629],[130.52648925800003,42.543884277],[130.52667236300002,42.54309082],[130.526916504,42.542297363],[130.527282715,42.541687012],[130.52770996100003,42.54107666],[130.528320312,42.540283203],[130.52911377,42.539672852],[130.52972412100002,42.539306641],[130.530273437,42.538696289],[130.55932617200003,42.552490234],[130.55969238300003,42.553527832],[130.55932617200003,42.554321289],[130.55987548800002,42.554321289],[130.56829834,42.597290039],[130.562316895,42.62109375],[130.544677734,42.649475098],[130.52191162100002,42.676879883],[130.52227783200001,42.696105957],[130.520874023,42.697875977],[130.50708007800003,42.696289062],[130.49487304700003,42.69329834],[130.48107910200002,42.686889648],[130.467285156,42.685119629],[130.45471191400003,42.682495117],[130.45111084,42.682678223],[130.44848632800003,42.695129395],[130.43450927700002,42.689697266],[130.39068603500002,42.706298828],[130.356872559,42.727905273],[130.41070556600002,42.754882812],[130.47668457,42.779296875],[130.48852539100002,42.789672852],[130.54211425800003,42.815673828],[130.596679687,42.831726074],[130.63012695300003,42.828125],[130.663513184,42.842529297],[130.67767334,42.845275879],[130.688476562,42.844116211],[130.70227050800003,42.839294434],[130.70849609400003,42.840881348],[130.724914551,42.862487793],[130.74731445300003,42.882080078],[130.800720215,42.875915527],[130.802490234,42.874511719],[130.807495117,42.875671387],[130.82208252,42.877502441],[130.829528809,42.877075195],[130.840515137,42.874328613],[130.85107421900003,42.864074707],[130.86669921900003,42.868896484],[130.891479492,42.869873047],[130.91192627,42.867126465],[130.91271972700002,42.86730957],[130.927307129,42.871276855],[130.94268798800002,42.87109375],[130.954284668,42.867919922],[130.95690918000003,42.865112305],[130.968688965,42.866516113],[130.962280273,42.892272949],[130.92248535200002,42.92791748],[131.008483887,42.923278809],[131.042724609,42.934692383],[131.04211425800003,42.958679199],[131.018920898,43.007507324],[131.04809570300003,43.080505371],[131.085510254,43.08972168],[131.109680176,43.097106934],[131.120300293,43.111083984],[131.12951660200002,43.164306641],[131.13470459,43.204101562],[131.126708984,43.238525391],[131.155700684,43.261901855],[131.18011474600002,43.300720215],[131.202697754,43.342529297],[131.210510254,43.377319336],[131.22888183600003,43.40411377],[131.228088379,43.428283691],[131.21807861300002,43.455688477],[131.20532226600002,43.477905273],[131.19750976600002,43.486877441],[131.19531250000003,43.489318848],[131.18829345700001,43.497070312],[131.13110351600002,43.466125488],[131.065307617,43.454101562],[131.05651855500003,43.452514648],[130.99627685500002,43.489074707],[130.959106445,43.512329102],[130.951293945,43.517272949],[130.916687012,43.517089844],[130.879882812,43.497314453],[130.83172607400002,43.469299316],[130.80029296900003,43.459716797],[130.79229736300002,43.457275391],[130.74969482400002,43.484924316],[130.74151611300002,43.490905762],[130.717285156,43.508911133],[130.70727539100002,43.516479492],[130.62512207,43.578491211],[130.62512207,43.578674316],[130.62487793000003,43.578674316],[130.603088379,43.589294434],[130.59130859400003,43.594909668],[130.56628418000003,43.592102051],[130.55688476600002,43.590881348],[130.544494629,43.598327637],[130.514526367,43.615722656],[130.52270507800003,43.63092041],[130.52349853500002,43.632324219],[130.52349853500002,43.632507324],[130.47589111300002,43.639892578],[130.476501465,43.639526367],[130.46508789100002,43.641296387],[130.45690918000003,43.644287109],[130.40167236300002,43.664672852],[130.40148925800003,43.664672852],[130.378295898,43.698303223],[130.37268066400003,43.735473633],[130.33868408200001,43.762512207],[130.30828857400002,43.789916992],[130.291320801,43.848083496],[130.26989746100003,43.909484863],[130.27148437500003,43.970275879],[130.28527832,44.024719238],[130.25787353500002,44.039489746],[130.243713379,44.047119141],[130.24328613300003,44.047302246],[130.18908691400003,44.012695312],[130.120910645,43.951904297],[130.04870605500003,43.890686035],[130.020507812,43.852111816],[130.00549316400003,43.845703125],[129.997314453,43.842102051],[129.997070312,43.842102051],[129.968688965,43.863525391],[129.95190429700003,43.915100098],[129.93048095700001,43.994689941],[129.90130615200002,44.022705078],[129.89727783200001,44.026489258],[129.89349365200002,44.030090332],[129.89349365200002,44.030273437],[129.81268310500002,44.034912109],[129.759887695,44.012512207],[129.71649169900002,43.974304199],[129.698303223,43.9296875],[129.714111328,43.895690918],[129.61810302700002,43.861877441],[129.617126465,43.861694336],[129.61688232400002,43.861694336],[129.568481445,43.874694824],[129.550720215,43.879272461],[129.55029296900003,43.879516602],[129.487487793,43.865905762],[129.42590332,43.865722656],[129.37969970700001,43.865112305],[129.33032226600002,43.853881836],[129.299499512,43.803894043],[129.24847412100002,43.801086426],[129.245300293,43.80090332],[129.21307373000002,43.800109863],[129.17352294900002,43.800292969],[129.172912598,43.800292969],[129.14709472700002,43.776672363],[129.156921387,43.640075684],[129.15472412100002,43.582275391],[129.065124512,43.588928223],[129.06488037100002,43.588684082],[129.06469726600002,43.588684082],[129.044311523,43.58190918],[129.020874023,43.57409668],[128.97308349600002,43.539306641],[128.97308349600002,43.539123535],[128.93487548800002,43.546508789],[128.91851806600002,43.549682617],[128.901916504,43.556518555],[128.88891601600002,43.561889648],[128.82208252,43.551330566],[128.81292724600002,43.549926758],[128.753479004,43.583679199],[128.72711181600002,43.639892578],[128.71368408200001,43.693481445],[128.69927978500002,43.751708984],[128.687072754,43.772521973],[128.63067627,43.845703125],[128.459472656,44.037902832],[128.430725098,44.10168457],[128.39251709,44.19128418],[128.398925781,44.25390625],[128.40252685500002,44.288879395],[128.400512695,44.389892578],[128.36669921900003,44.454284668],[128.318115234,44.479125977],[128.289916992,44.490478516],[128.277282715,44.495483398],[128.227722168,44.490478516],[128.22692871100003,44.490478516],[128.182678223,44.439880371],[128.180725098,44.4375],[128.18029785200002,44.437072754],[128.14709472700002,44.39050293],[128.10607910200002,44.348876953],[128.068115234,44.340881348],[128.05847168000003,44.338928223],[128.02648925800003,44.358520508],[128.02349853500002,44.359313965],[128.00610351600002,44.364074707],[127.98327636700002,44.360717773],[127.972473145,44.353881836],[127.99047851600001,44.320678711],[127.99987793000001,44.288696289],[127.99468994100002,44.273925781],[127.98748779300001,44.261291504],[127.99407959000001,44.22869873],[127.99047851600001,44.205505371],[127.97528076200001,44.192077637],[127.99047851600001,44.176513672],[128.009521484,44.156677246],[127.92712402300002,44.087890625],[127.88232421900001,44.078491211],[127.83007812500001,44.065490723],[127.80187988300001,44.062927246],[127.79730224600002,44.0625],[127.78167724600002,44.067504883],[127.74810791000002,44.06451416],[127.74407959000001,44.044921875],[127.74371337900001,44.009887695],[127.75988769500002,43.975891113],[127.79492187500001,43.953674316],[127.81768798800002,43.924682617],[127.79107666000002,43.902709961],[127.76989746100001,43.878723145],[127.78167724600002,43.848693848],[127.79992675800001,43.81072998],[127.80828857400002,43.77911377],[127.81347656200002,43.75012207],[127.81591796900001,43.718688965],[127.82727050800001,43.683105469],[127.84112548800002,43.650695801],[127.84887695300002,43.623901367],[127.80627441400001,43.595092773],[127.76568603500002,43.578674316],[127.74249267600001,43.547729492],[127.72528076200001,43.511291504],[127.68432617200001,43.492919922],[127.66491699200002,43.452087402],[127.66351318400001,43.402709961],[127.65393066400001,43.372497559],[127.62292480500001,43.343078613],[127.58367919900002,43.31628418],[127.60791015600002,43.262695312],[127.60589599600002,43.227905273],[127.58929443400001,43.197875977],[127.56610107400002,43.171691895],[127.54168701200001,43.150085449],[127.49969482400002,43.13671875],[127.46087646500001,43.126098633],[127.45172119100002,43.097106934],[127.45050048800002,43.057922363],[127.43811035200001,43.03112793],[127.43872070300002,42.988891602],[127.48370361300002,42.967712402],[127.52032470700001,42.953308105],[127.55889892600001,42.933898926],[127.58770752,42.901306152],[127.61871337900001,42.882080078],[127.65667724600002,42.858520508],[127.66467285200001,42.82611084],[127.663879395,42.824523926],[127.730285645,42.803283691],[127.78070068400001,42.766906738],[127.79327392600001,42.730529785],[127.78491210900002,42.703125],[127.80627441400001,42.676696777],[127.83129882800002,42.652282715],[127.87207031200002,42.630126953],[127.87347412100002,42.596679687],[127.90887451200001,42.575683594],[127.94372558600001,42.54888916],[127.96807861300002,42.509277344],[127.96130371100001,42.449890137],[127.93212890600002,42.412475586],[127.90032959000001,42.385681152],[127.86871337900001,42.36529541],[127.84167480500001,42.342895508],[127.82049560500002,42.309509277],[127.77331543000001,42.297912598],[127.74511718700002,42.268127441],[127.80010986300002,42.254272461],[127.85107421900001,42.239074707],[127.85772705100001,42.203674316],[127.86529541000002,42.163330078],[127.90588378900001,42.119689941],[127.9375,42.08807373],[127.96069335900002,42.052490234],[128.011291504,42.005126953],[128.025512695,42.005310059]]]]}}
