{"type":"Feature","id":"zhejiang","bbox":[118.022407,27.0449372,123.3936224,31.1825784],"properties":{"id":"zhejiang","name":"浙江","fullName":"浙江省","nameEn":"Zhejiang","level":"province","parentId":"china","bounds":[[118.022407,27.0449372],[123.3936224,31.1825784]],"center":[120.7080147,29.113757800000002],"centerMethod":"bounding-box midpoint; camera framing only","interiorPoint":[120.3440575351502,29.114539299999997],"boundaryRole":"administrative-extent","attribution":"© OpenStreetMap contributors","license":"ODbL-1.0","source":{"provider":"OpenStreetMap","osmType":"relation","osmId":553302,"url":"https://www.openstreetmap.org/relation/553302","retrievedAt":"2026-09-08T10:09:35.706230+00:00"},"geometryCounts":{"coordinates":4534,"components":1,"holes":1},"simplificationToleranceDegrees":0.0006},"geometry":{"type":"Polygon","coordinates":[[[118.022407,29.1709614],[118.0251936,29.1668405],[118.0271316,29.1675667],[118.0293039,29.1663228],[118.0312781,29.1664386],[118.0357487,29.1638858],[118.0365245,29.1618704],[118.0384611,29.1603494],[118.0377656,29.1558416],[118.0393697,29.1517017],[118.0375113,29.150767],[118.0370119,29.1490162],[118.0384352,29.1418513],[118.0344616,29.1327713],[118.0326115,29.1319516],[118.0332087,29.1282887],[118.0406982,29.1248681],[118.0419432,29.1222603],[118.0450702,29.121883],[118.0483639,29.1179183],[118.0481601,29.1153782],[118.0388367,29.1137004],[118.0348992,29.1103353],[118.0348456,29.1081138],[118.030833,29.101505],[118.032158,29.0992176],[118.0321151,29.0970614],[118.0361376,29.093004],[118.0398514,29.0907718],[118.0460348,29.091069],[118.0480686,29.0893775],[118.0506418,29.088845],[118.0558425,29.0836637],[118.0606982,29.0845202],[118.063885,29.0838544],[118.0648722,29.081563],[118.0703728,29.0776412],[118.0680739,29.0701508],[118.069249,29.0686565],[118.0706876,29.0685158],[118.0723368,29.066076],[118.0676185,29.0634],[118.0650355,29.0592021],[118.0599786,29.0566749],[118.0610261,29.0547609],[118.0604179,29.0525378],[118.06142,29.050905],[118.0638993,29.0495951],[118.0642938,29.0482444],[118.0670857,29.0467814],[118.0655247,29.0434563],[118.0676758,29.0390477],[118.0704999,29.0384843],[118.0744098,29.0402312],[118.0787288,29.0340941],[118.0825782,29.0335556],[118.0820289,29.0318409],[118.0835867,29.0297001],[118.0841875,29.0261258],[118.0832004,29.0240901],[118.084048,29.018386],[118.0828029,29.0157116],[118.0849609,29.0128884],[118.0865936,29.0076979],[118.0904961,29.0036318],[118.0911988,29.0015627],[118.0933177,29.0040493],[118.0955493,29.0049032],[118.0966759,29.0084688],[118.0996907,29.0114337],[118.0983314,29.0132264],[118.1018472,29.0147879],[118.1024683,29.0140427],[118.1038213,29.0114806],[118.1034565,29.0090083],[118.1053555,29.0062825],[118.1019544,29.006048],[118.1012893,29.0012296],[118.0984237,28.998948],[118.0973357,28.9961108],[118.094589,28.993128],[118.0969816,28.9927606],[118.0993128,28.9941756],[118.1049031,28.9942635],[118.1055849,29.0011942],[118.1072693,29.0032776],[118.1057042,29.0063482],[118.1093453,29.0097265],[118.1082416,29.0120483],[118.1107932,29.0124904],[118.1135091,29.0144214],[118.1153172,29.0140467],[118.1224115,29.018647],[118.12397,29.0172461],[118.1239915,29.014741],[118.1272035,29.0110861],[118.1238619,29.0065866],[118.1243058,29.0036108],[118.1253005,29.0027028],[118.1201283,28.9988734],[118.1201559,28.9977107],[118.1267971,28.9905459],[118.1285386,28.9863681],[118.1310242,28.9866466],[118.1313246,28.9844094],[118.1324458,28.9851872],[118.134892,28.9831318],[118.1378264,28.9823459],[118.1379498,28.983282],[118.1393767,28.9832774],[118.1408358,28.9821088],[118.1399637,28.9791731],[118.1414527,28.9793261],[118.1425719,28.9800986],[118.1410334,28.9856886],[118.1422407,28.9864383],[118.142016,28.9880449],[118.1484969,28.9892847],[118.149989,28.9903421],[118.1498355,28.9886241],[118.1515968,28.9892368],[118.150776,28.9865574],[118.1518766,28.9869983],[118.1526412,28.9862542],[118.1539894,28.9886037],[118.1560414,28.9882562],[118.1572518,28.9862721],[118.1569146,28.9876519],[118.1598477,28.989803],[118.1601906,28.9885704],[118.1642873,28.9880076],[118.1647822,28.9862655],[118.1672356,28.986098],[118.1672555,28.9850654],[118.1698036,28.9827142],[118.1752646,28.9839342],[118.178317,28.9800206],[118.1814927,28.9798516],[118.184309,28.9737697],[118.1869966,28.9721623],[118.1889868,28.969086],[118.1910342,28.9681724],[118.1918621,28.9644114],[118.1944371,28.9600464],[118.1940401,28.957371],[118.1995439,28.9555311],[118.2024648,28.9574698],[118.2045436,28.9575682],[118.2060188,28.9565144],[118.2053346,28.955144],[118.2068396,28.9519695],[118.2104391,28.950668],[118.2153314,28.951973],[118.2208233,28.9495732],[118.2208676,28.9477566],[118.2228161,28.9476505],[118.2227352,28.9453766],[118.2187858,28.9417345],[118.2186273,28.9396705],[118.2173066,28.9381702],[118.2109809,28.9341531],[118.2078984,28.9297816],[118.2049165,28.9281052],[118.2019767,28.9233138],[118.1986886,28.9214142],[118.1963729,28.9213996],[118.193294,28.9194311],[118.1916657,28.9194529],[118.188719,28.9165028],[118.1891716,28.9145289],[118.1881171,28.9111822],[118.1894084,28.909911],[118.1897936,28.9067307],[118.1947892,28.9052587],[118.1993337,28.9081762],[118.2036263,28.9076653],[118.207208,28.9105948],[118.2120924,28.911356],[118.2159035,28.9148843],[118.2211567,28.9146537],[118.223379,28.9176992],[118.2283189,28.9185865],[118.2323901,28.9218289],[118.2384932,28.9233838],[118.2456437,28.9222576],[118.2484599,28.9245419],[118.2489073,28.9260589],[118.2506653,28.9266185],[118.2520127,28.9264718],[118.2561707,28.9226361],[118.2587564,28.9232089],[118.2656443,28.9210209],[118.2665133,28.9203448],[118.2657516,28.9174335],[118.2681119,28.9136864],[118.2698715,28.9080326],[118.2691511,28.907494],[118.2694852,28.9054779],[118.271513,28.9011762],[118.2705796,28.8998049],[118.2709229,28.8985744],[118.2729399,28.8984711],[118.2764482,28.8948172],[118.277446,28.8895663],[118.2768023,28.8847191],[118.2776499,28.8825396],[118.2789802,28.8823799],[118.2810831,28.8793737],[118.2826495,28.8754748],[118.283422,28.8705236],[118.2827032,28.8664553],[118.2855141,28.8667466],[118.2892048,28.8637775],[118.2902455,28.8585109],[118.2925951,28.8557248],[118.2921338,28.8509606],[118.2956475,28.8484139],[118.2953364,28.847399],[118.2972246,28.8486254],[118.2980937,28.8466331],[118.2969403,28.84598],[118.3000463,28.8436963],[118.2954169,28.8414126],[118.2933515,28.8391524],[118.2898379,28.8381985],[118.2901007,28.8366524],[118.2916135,28.8362248],[118.2958996,28.831845],[118.2949609,28.8305997],[118.2952237,28.8284614],[118.2993382,28.8303647],[118.3006203,28.8268541],[118.3039784,28.825745],[118.3038121,28.8249319],[118.3119285,28.824039],[118.3130443,28.8251998],[118.3133179,28.8240765],[118.3154422,28.8244196],[118.3168477,28.822159],[118.3209997,28.8220227],[118.3219975,28.8204623],[118.3286709,28.8171112],[118.333134,28.8170266],[118.3354139,28.8185824],[118.3386379,28.8165895],[118.3392119,28.8174919],[118.3420873,28.8164579],[118.3444154,28.8171676],[118.3486211,28.816237],[118.3491522,28.8182674],[118.3510137,28.8169937],[118.351829,28.8182956],[118.3545005,28.8156777],[118.3592159,28.8161712],[118.3592051,28.8144039],[118.3608574,28.814968],[118.3631158,28.8142159],[118.365562,28.8116919],[118.3655459,28.809572],[118.3692312,28.806841],[118.3667475,28.8047351],[118.3685017,28.7990284],[118.3720368,28.7974959],[118.3737802,28.7954227],[118.3738017,28.7939842],[118.3757114,28.7923293],[118.3770204,28.7923575],[118.3784419,28.7902937],[118.3768702,28.7900234],[118.3750731,28.7878913],[118.3738339,28.7886882],[118.3734691,28.7877056],[118.376162,28.7810928],[118.374778,28.7796259],[118.3745474,28.7768424],[118.3758187,28.7756857],[118.3772729,28.7768814],[118.3791608,28.7762922],[118.3781093,28.776217],[118.3788979,28.7742845],[118.37834,28.7726999],[118.3777446,28.7734287],[118.3784097,28.7745196],[118.3776641,28.7738237],[118.3775032,28.7748816],[118.3767468,28.7744444],[118.3784527,28.7720087],[118.3774817,28.7711764],[118.3794182,28.7721262],[118.3800083,28.7713551],[118.378914,28.7680823],[118.3799761,28.7676309],[118.3782327,28.7665682],[118.378737,28.7651762],[118.3801049,28.7649505],[118.3798957,28.7627827],[118.3813333,28.7606524],[118.3801639,28.7582681],[118.3820093,28.7577414],[118.3823419,28.7605866],[118.3841872,28.7612826],[118.3831036,28.7598483],[118.3843052,28.7584562],[118.3883554,28.759472],[118.3871269,28.7585127],[118.3886397,28.7575298],[118.3876473,28.7570689],[118.3908927,28.7580565],[118.3914345,28.7568244],[118.3911395,28.7557992],[118.3883393,28.755691],[118.3890527,28.753871],[118.3882213,28.753396],[118.3879262,28.7504142],[118.3827227,28.7499204],[118.3836508,28.7492573],[118.382256,28.7491726],[118.3882642,28.7468163],[118.3866763,28.7455793],[118.3872449,28.7412616],[118.3884734,28.7419107],[118.3919871,28.7393754],[118.3941114,28.7396906],[118.394841,28.7389615],[118.3952165,28.7367179],[118.3929634,28.7363134],[118.3917993,28.7373294],[118.3895945,28.7374046],[118.3884305,28.737066],[118.3882105,28.7352691],[118.3863115,28.7351327],[118.3880228,28.7342484],[118.3874595,28.7326491],[118.3907747,28.7336275],[118.3946425,28.7306781],[118.3935106,28.7294504],[118.3948517,28.7296903],[118.3942133,28.7286883],[118.3953506,28.7268819],[118.3964395,28.7274746],[118.3966112,28.7263409],[118.3962947,28.7247603],[118.3947176,28.7263598],[118.3928454,28.7238665],[118.3914399,28.7254518],[118.3939505,28.7263739],[118.3939022,28.7282132],[118.3925289,28.7285425],[118.3938378,28.7274699],[118.3911395,28.7276299],[118.390072,28.7262751],[118.3911985,28.7260258],[118.390367,28.7256212],[118.3926201,28.7235278],[118.3945996,28.7248826],[118.395651,28.7243934],[118.3944279,28.7227186],[118.3938861,28.7176472],[118.3948302,28.7182918],[118.3953988,28.7234008],[118.3960855,28.7230432],[118.3953345,28.7198631],[118.3968633,28.717332],[118.3933926,28.7152902],[118.3871967,28.7135306],[118.3870357,28.7092304],[118.3852708,28.7079036],[118.386451,28.7051887],[118.3897394,28.7080212],[118.390528,28.707786],[118.3856249,28.7034761],[118.3883285,28.7021915],[118.3916545,28.7047606],[118.3946478,28.7046194],[118.3976197,28.7062051],[118.4012085,28.70006],[118.404513,28.7016645],[118.406986,28.7010199],[118.4078604,28.6979379],[118.4142548,28.6948887],[118.41286,28.6937781],[118.4139436,28.6943193],[118.4140617,28.6927241],[118.4102851,28.6938252],[118.4091747,28.6922206],[118.4098881,28.6914959],[118.4094912,28.6896041],[118.4131175,28.6890865],[118.4123665,28.68783],[118.4130746,28.6874865],[118.410548,28.6857594],[118.4142762,28.6855006],[118.4126508,28.6828416],[118.4149307,28.6844182],[118.4162879,28.6825922],[118.4160787,28.6808133],[118.4173822,28.6828463],[118.4187126,28.6833311],[118.4193993,28.6819992],[118.4208906,28.6829216],[118.4193349,28.6833405],[118.4199625,28.684117],[118.4216148,28.6835899],[118.4229398,28.6843899],[118.4242111,28.6830158],[118.4269041,28.6822816],[118.4278643,28.679392],[118.4245062,28.6773306],[118.4257936,28.6746102],[118.4254074,28.6725158],[118.423841,28.6717628],[118.4252465,28.6706096],[118.425622,28.6714521],[118.4273493,28.6710097],[118.4256649,28.6695836],[118.4276551,28.6670654],[118.4253913,28.6632857],[118.4265929,28.6589128],[118.4227198,28.6557072],[118.4236371,28.6542996],[118.423841,28.6551893],[118.4252733,28.6539513],[118.4264052,28.6550434],[118.4274673,28.6545633],[118.4265768,28.6528874],[118.425461,28.6533346],[118.4215879,28.6507266],[118.4209442,28.6517011],[118.4205204,28.6509761],[118.4191525,28.6512868],[118.4168243,28.649465],[118.4195709,28.6488012],[118.4173125,28.6472853],[118.4173554,28.6461602],[118.4196514,28.645873],[118.4178704,28.644197],[118.4182674,28.6429259],[118.4204507,28.6419089],[118.4182352,28.6422197],[118.4204078,28.640021],[118.4198928,28.6387593],[118.4213304,28.6387781],[118.4213251,28.6367253],[118.4223443,28.6354541],[118.4232992,28.635633],[118.4225053,28.6343571],[118.4229881,28.6333636],[118.4233582,28.6327986],[118.4235942,28.6332412],[118.4240824,28.6335049],[118.4252036,28.6317722],[118.4248817,28.6304397],[118.4269416,28.631711],[118.4270972,28.6304679],[118.4262657,28.6301195],[118.4279126,28.6303832],[118.4287977,28.6289282],[118.4264857,28.6273273],[118.4271991,28.6262678],[118.426255,28.6261737],[118.4256488,28.6208386],[118.4232402,28.6223596],[118.4219044,28.6209563],[118.4232026,28.6214884],[118.4236103,28.6199015],[118.4227788,28.6205984],[118.4220976,28.6190774],[118.4217703,28.6204572],[118.4205955,28.6196331],[118.4207457,28.617142],[118.4195065,28.6161107],[118.4207243,28.6162002],[118.4198177,28.6155221],[118.4201664,28.6142553],[118.4185785,28.6131015],[118.4175807,28.6141799],[118.4164649,28.6139727],[118.4178972,28.61175],[118.4170872,28.6111283],[118.4158105,28.6121126],[118.4123772,28.6105962],[118.4118462,28.611312],[118.4151399,28.6136949],[118.4138203,28.6146885],[118.4097111,28.6132805],[118.4080481,28.6113544],[118.4082735,28.6093011],[118.4096682,28.6076763],[118.4127045,28.6080719],[118.4083807,28.6040452],[118.4082144,28.6022178],[118.4098238,28.6020012],[118.410269,28.6003433],[118.4080481,28.600023],[118.4083378,28.5985865],[118.4125006,28.5983746],[118.4140885,28.6004281],[118.415848,28.6003763],[118.41654,28.5993307],[118.4146517,28.5970369],[118.4168512,28.594291],[118.4163791,28.5912105],[118.4182298,28.5900565],[118.4176129,28.5908196],[118.4196621,28.5909326],[118.4205097,28.5893028],[118.4184551,28.5898916],[118.4176129,28.5876683],[118.415789,28.5870937],[118.4137881,28.5880358],[118.4103978,28.5863777],[118.4117711,28.5847573],[118.4109772,28.5800466],[118.4128225,28.579274],[118.4126509,28.576033],[118.4061063,28.5760707],[118.4056127,28.5729237],[118.4039658,28.5722641],[118.4050226,28.569004],[118.4058326,28.5690228],[118.4038693,28.5671949],[118.4067768,28.5679063],[118.4080321,28.5669781],[118.4071416,28.566507],[118.4068572,28.5657249],[118.4086275,28.5663562],[118.4074849,28.5650182],[118.409239,28.5638026],[118.4089494,28.561706],[118.4077692,28.5614516],[118.4071094,28.5589073],[118.4087509,28.5574796],[118.4098774,28.5579885],[118.4098774,28.5569001],[118.4109664,28.5563582],[118.410548,28.5544546],[118.4124738,28.5560755],[118.4143138,28.554351],[118.4151399,28.5564902],[118.4153545,28.5546054],[118.4138954,28.5533238],[118.4146893,28.5527206],[118.4231865,28.5506756],[118.421309,28.5486494],[118.4169745,28.5489321],[118.4152579,28.547575],[118.4161109,28.5470284],[118.4167922,28.542858],[118.4185839,28.5433198],[118.4231115,28.5372406],[118.4223765,28.5344837],[118.4225482,28.5367976],[118.4214056,28.5392058],[118.4223122,28.5367929],[118.4218776,28.5347523],[118.4210783,28.5387722],[118.420043,28.5400635],[118.4187395,28.5400305],[118.4210569,28.5351811],[118.4185088,28.5356595],[118.4213573,28.5316442],[118.4192974,28.5331617],[118.4195978,28.5311917],[118.4208691,28.5304518],[118.4208048,28.529462],[118.4221244,28.5297637],[118.4201932,28.5285713],[118.4200913,28.5259084],[118.4222371,28.5279539],[118.4220225,28.5252485],[118.4245438,28.5235847],[118.4254503,28.5239665],[118.4264428,28.5226327],[118.4257454,28.5214307],[118.4279072,28.5207921],[118.4266198,28.5198188],[118.4257078,28.5206577],[118.4237981,28.5191329],[118.425681,28.5181808],[118.4261853,28.5192225],[118.4281916,28.5194817],[118.4319681,28.5247654],[118.4338135,28.5250529],[118.4334004,28.523474],[118.4348434,28.5214331],[118.4406263,28.518605],[118.4387809,28.5178792],[118.4405834,28.5156449],[118.4376544,28.5130807],[118.4379736,28.5144842],[118.4365252,28.5145784],[118.4372869,28.5101758],[118.4338698,28.5104115],[118.4327594,28.5093697],[118.4341166,28.5076585],[118.4339073,28.5056833],[118.431252,28.5061359],[118.4306726,28.5082289],[118.4288433,28.5054665],[118.4288219,28.5071023],[118.4275398,28.5070221],[118.4277544,28.5058106],[118.4268424,28.5060935],[118.4260753,28.5054806],[118.4265635,28.5043964],[118.4256783,28.5046462],[118.4260431,28.5037034],[118.4194878,28.5057116],[118.4215531,28.5036126],[118.4202978,28.5030116],[118.4194449,28.5032709],[118.4193161,28.5048218],[118.4169987,28.5062172],[118.4180716,28.5042986],[118.4170309,28.5037281],[118.4172884,28.5047983],[118.4159151,28.5068583],[118.4164569,28.5039403],[118.4137479,28.5055337],[118.4093544,28.5008477],[118.4116987,28.4983397],[118.4129057,28.4988866],[118.4146974,28.4976891],[118.4159902,28.4948415],[118.4175995,28.4971422],[118.4223041,28.4939882],[118.4229371,28.4965199],[118.4258071,28.4947944],[118.4281191,28.4968499],[118.4285376,28.4962559],[118.4272126,28.4955959],[118.4300021,28.4948698],[118.4308604,28.4967085],[118.431724,28.4941155],[118.4328506,28.4962276],[118.4332636,28.4950537],[118.4353075,28.4944597],[118.4349427,28.4922509],[118.4357634,28.4924489],[118.4355542,28.4938751],[118.4363589,28.493644],[118.4366915,28.4919703],[118.4400657,28.4877329],[118.440688,28.488459],[118.4420076,28.4873934],[118.4434667,28.4887325],[118.4436384,28.4860638],[118.4452155,28.4865919],[118.4441963,28.4852434],[118.4453872,28.4848002],[118.4469965,28.4822187],[118.4466747,28.4811413],[118.4483269,28.4797644],[118.4480265,28.4776072],[118.4463743,28.4761266],[118.4473828,28.4748911],[118.449432,28.4776166],[118.4484986,28.4796536],[118.4504244,28.4795806],[118.448343,28.4801275],[118.4478924,28.4806273],[118.4489063,28.4802878],[118.4487721,28.4814478],[118.4506658,28.479821],[118.4519532,28.4804175],[118.4514275,28.4820042],[118.4524629,28.4811649],[118.4541741,28.4823672],[118.4527418,28.4827539],[118.4538308,28.4840199],[118.453348,28.4849747],[118.4512827,28.4843865],[118.4521195,28.4856112],[118.453643,28.4857149],[118.4544638,28.4835083],[118.4565184,28.484555],[118.4566257,28.4860874],[118.4572104,28.4850737],[118.4580365,28.4857479],[118.4583584,28.4835649],[118.4596834,28.4833209],[118.461695,28.48499],[118.4646829,28.483117],[118.4674242,28.4860037],[118.4693983,28.4846364],[118.4704229,28.4852352],[118.4694466,28.484278],[118.4706429,28.4817672],[118.4715548,28.4814796],[118.4718338,28.4824415],[118.4726599,28.4822057],[118.4717158,28.481258],[118.4726545,28.4801264],[118.4704927,28.4815409],[118.4690872,28.4838702],[118.4678748,28.4834081],[118.469055,28.4843629],[118.4683094,28.4852635],[118.4670487,28.4846599],[118.4672257,28.4822812],[118.4680626,28.4819841],[118.468819,28.4831016],[118.4700689,28.4801877],[118.471174,28.4802254],[118.4728959,28.4778017],[118.4744784,28.4787495],[118.4739527,28.4774716],[118.4753367,28.4774905],[118.4741244,28.4761702],[118.4742048,28.4770944],[118.4725687,28.4773726],[118.4740359,28.474943],[118.472786,28.4746035],[118.4723917,28.4765286],[118.4718928,28.4744137],[118.4752241,28.4740412],[118.4765813,28.4750786],[118.4773269,28.4731216],[118.4743685,28.4686689],[118.4751463,28.4705457],[118.4696049,28.4706401],[118.4679902,28.4696451],[118.4667993,28.4678625],[118.4671533,28.46666],[118.4642512,28.465514],[118.46497,28.4637208],[118.4627277,28.4636595],[118.4637362,28.4621881],[118.4624595,28.4632822],[118.4613919,28.4627163],[118.4609789,28.4617919],[118.4623736,28.4603771],[118.463527,28.4610656],[118.4632856,28.4596815],[118.4650773,28.4578327],[118.4648681,28.4542082],[118.4627652,28.4563212],[118.4612739,28.4567244],[118.4611934,28.4557717],[118.4604585,28.457578],[118.461467,28.4582477],[118.4578514,28.4587807],[118.4588277,28.457538],[118.4584093,28.4562457],[118.4599543,28.4556939],[118.45945,28.4533876],[118.4614348,28.4522085],[118.4587956,28.4460486],[118.4565425,28.4445298],[118.4567249,28.4408082],[118.4549224,28.4394166],[118.4554911,28.4371618],[118.4541178,28.4360675],[118.4538281,28.4316615],[118.4520578,28.4309822],[118.4519291,28.4282838],[118.4510064,28.4272413],[118.4483993,28.426845],[118.4448803,28.4214054],[118.4458995,28.4203014],[118.4485388,28.4214998],[118.4478414,28.4230566],[118.4521759,28.4192729],[118.4482706,28.4180651],[118.447541,28.4189332],[118.4452343,28.4183765],[118.4463716,28.4161873],[118.4452343,28.4157155],[118.4427345,28.4173857],[118.4349454,28.415265],[118.4331644,28.4126228],[118.4344733,28.4093294],[118.434602,28.4101693],[118.4356213,28.4106128],[118.4352672,28.4094144],[118.4320486,28.4089614],[118.4305895,28.4067626],[118.4264803,28.4050828],[118.4267271,28.4030561],[118.4251821,28.4014612],[118.427167,28.4012819],[118.430906,28.4048657],[118.4304124,28.4040164],[118.4317213,28.4042146],[118.4302032,28.4030727],[118.4330571,28.4029806],[118.4352243,28.400291],[118.4357286,28.3947038],[118.4410393,28.3903716],[118.4433139,28.3905415],[118.4482384,28.3888898],[118.4529698,28.3831887],[118.4546006,28.3746554],[118.4591818,28.3692273],[118.4582698,28.3629493],[118.4633553,28.3610045],[118.4643638,28.3592295],[118.4651792,28.3467381],[118.4693635,28.3453878],[118.4680224,28.3446985],[118.4693205,28.3409686],[118.4667993,28.336096],[118.4692454,28.3342829],[118.4709835,28.3356238],[118.4709406,28.3376164],[118.4730756,28.3371348],[118.46946,28.3334991],[118.4645784,28.3314356],[118.4646535,28.3305385],[118.4683657,28.3309162],[118.4691811,28.332465],[118.4709191,28.3320684],[118.469851,28.32774],[118.4713376,28.3284797],[118.4721422,28.3324839],[118.4738052,28.3324272],[118.4738696,28.3301607],[118.4751892,28.330614],[118.4764123,28.3340232],[118.475554,28.3367665],[118.473419,28.3370592],[118.4764123,28.3383293],[118.4761334,28.3377533],[118.4787941,28.3366957],[118.4795559,28.3343254],[118.482163,28.3328522],[118.4809077,28.3291408],[118.4785152,28.3277809],[118.4766376,28.3244943],[118.4779787,28.3221993],[118.4772813,28.3198665],[118.4743309,28.3249122],[118.4707314,28.3211894],[118.4686195,28.3214991],[118.4664071,28.3205327],[118.4655992,28.3191977],[118.4668666,28.3174281],[118.4653556,28.314357],[118.4613945,28.3095485],[118.4574858,28.3069572],[118.4562039,28.3043918],[118.4545732,28.3048405],[118.4531421,28.3032143],[118.4489999,28.3017349],[118.445609,28.2990094],[118.4441432,28.2991148],[118.4418657,28.2970365],[118.4345645,28.2948538],[118.4281218,28.2915521],[118.4269846,28.2887368],[118.4274888,28.2871874],[118.4248066,28.2826902],[118.4278429,28.2802243],[118.427918,28.2766528],[118.429699,28.2748859],[118.4299028,28.270974],[118.4323597,28.2722024],[118.4353423,28.2724386],[118.4361041,28.2714937],[118.4365976,28.2697551],[118.4331966,28.2650682],[118.4335077,28.26435],[118.4358266,28.2650426],[118.4372735,28.2640098],[118.4440756,28.2645579],[118.4448588,28.2624317],[118.4425628,28.2598424],[118.4409428,28.2598708],[118.4408355,28.2573098],[118.436324,28.2518828],[118.437413,28.2517765],[118.4382016,28.2536147],[118.4437799,28.2542236],[118.4456856,28.2515685],[118.4479371,28.2510765],[118.4501354,28.2489029],[118.4545898,28.2497446],[118.4543484,28.2463091],[118.4574759,28.2481048],[118.4581411,28.2465075],[118.4600294,28.2462287],[118.4652811,28.2486719],[118.4653884,28.2480198],[118.4690094,28.2484096],[118.47211,28.2467935],[118.4752643,28.249969],[118.4781075,28.248627],[118.4806287,28.2449245],[118.4817552,28.2449575],[118.4836006,28.2426986],[118.4870821,28.2414652],[118.4909338,28.2476606],[118.497929,28.2496926],[118.49787,28.251063],[118.4987068,28.2507511],[118.4976768,28.2534729],[118.4986853,28.2536525],[118.4998548,28.2561852],[118.4974515,28.2567333],[118.4975803,28.2559395],[118.4957135,28.255467],[118.4947693,28.2571113],[118.4957993,28.2576689],[118.495388,28.2611037],[118.493232,28.260304],[118.4909284,28.2646406],[118.4885788,28.2650753],[118.4874094,28.2664738],[118.4896946,28.2681156],[118.4885064,28.2700952],[118.4909821,28.2722851],[118.4895498,28.277574],[118.4918457,28.2792652],[118.4951775,28.2792462],[118.4981275,28.2829028],[118.5007077,28.2832287],[118.5065013,28.279544],[118.5090977,28.2789204],[118.5094035,28.274078],[118.5113776,28.2731378],[118.5160339,28.2753961],[118.5137486,28.2801392],[118.5186946,28.2813297],[118.5203898,28.2779472],[118.5243165,28.2779094],[118.5263765,28.2749237],[118.5279107,28.2754528],[118.5293591,28.2745363],[118.5308182,28.2719378],[118.5356569,28.276152],[118.5414488,28.2771593],[118.5427487,28.2755862],[118.5389078,28.2726181],[118.5399914,28.2676006],[118.5412574,28.2665329],[118.5448301,28.2703031],[118.5443258,28.2749142],[118.5414934,28.277163],[118.5426092,28.2842397],[118.5435748,28.2849672],[118.5456669,28.2845042],[118.5483599,28.2818588],[118.556267,28.282539],[118.5598826,28.2867056],[118.5631013,28.2887651],[118.5648072,28.2886895],[118.5677361,28.2914954],[118.5694206,28.2904468],[118.5692704,28.2874708],[118.5721564,28.2878676],[118.5708797,28.2896626],[118.5717058,28.2913821],[118.5735941,28.2879715],[118.576448,28.2903428],[118.5792375,28.2877448],[118.5826599,28.2869606],[118.5865974,28.2814525],[118.5924232,28.2760575],[118.5934424,28.2739315],[118.5927343,28.2701992],[118.5907817,28.2682715],[118.5903418,28.261997],[118.5926056,28.2592093],[118.5969615,28.2571775],[118.5990107,28.2591809],[118.6022401,28.2602582],[118.6040425,28.2653517],[118.6053729,28.266136],[118.6056518,28.2683755],[118.6097542,28.2752316],[118.6095683,28.273642],[118.6106835,28.2726038],[118.6089901,28.270511],[118.6101237,28.2693494],[118.6074273,28.2675759],[118.6065908,28.2659151],[118.6086439,28.264986],[118.6104008,28.2668623],[118.610512,28.2640476],[118.6115527,28.2628853],[118.6143851,28.2598708],[118.6168849,28.2596534],[118.6192024,28.26143],[118.6215413,28.2657863],[118.6244059,28.2639531],[118.6292124,28.265484],[118.6309183,28.2679219],[118.6313045,28.2719095],[118.6328816,28.2723819],[118.6356175,28.2772102],[118.6387825,28.2779189],[118.6406171,28.2768701],[118.6475265,28.2821517],[118.6540496,28.2767756],[118.6560452,28.2763976],[118.6551869,28.2733552],[118.6565709,28.2724859],[118.6606371,28.2748197],[118.6629009,28.2737048],[118.6632979,28.2724103],[118.6672354,28.273837],[118.6701965,28.272552],[118.6741447,28.2766433],[118.6748421,28.278533],[118.678801,28.2800542],[118.6783826,28.2821044],[118.6800349,28.2829075],[118.6814618,28.2879526],[118.6872125,28.2931109],[118.6879742,28.2946413],[118.6875772,28.2969463],[118.6890042,28.2978721],[118.6890256,28.3078285],[118.6927915,28.3090611],[118.6946046,28.3127874],[118.6974156,28.3146859],[118.7007201,28.3148748],[118.7018466,28.3129196],[118.7034988,28.3132786],[118.704679,28.3149126],[118.7086379,28.3148559],[118.7050009,28.3177744],[118.7071574,28.3205229],[118.7081015,28.319739],[118.7082732,28.3171511],[118.7115455,28.3162349],[118.7122536,28.3144498],[118.7155044,28.3152148],[118.7168884,28.3173022],[118.7176394,28.3170661],[118.7189162,28.3148654],[118.7177682,28.3127449],[118.7201446,28.3118759],[118.7214643,28.3129102],[118.723771,28.3097129],[118.7247848,28.3041729],[118.7218666,28.3033416],[118.720547,28.3002904],[118.7223065,28.2953971],[118.7204182,28.291042],[118.7220812,28.2895493],[118.7224245,28.2876881],[118.7254929,28.2880707],[118.7271398,28.290324],[118.7279713,28.2977068],[118.7306428,28.2956663],[118.7319517,28.2931723],[118.731088,28.2910986],[118.7274241,28.2921851],[118.7271398,28.2875039],[118.7228161,28.2866536],[118.721872,28.284542],[118.7326223,28.2812021],[118.7347627,28.281821],[118.7363881,28.2789912],[118.7350202,28.2733882],[118.7364525,28.2724764],[118.7304926,28.2664667],[118.7311524,28.26392],[118.7295967,28.2617608],[118.7336844,28.2637877],[118.7354225,28.2665423],[118.7391829,28.2695755],[118.7411088,28.267955],[118.737638,28.2632586],[118.7294894,28.2615009],[118.7275582,28.259488],[118.7236798,28.257735],[118.7292588,28.2574563],[118.728261,28.2588974],[118.7286365,28.2600739],[118.7293553,28.2590911],[118.7345588,28.2597857],[118.7395048,28.2590392],[118.7406313,28.257735],[118.7438178,28.25765],[118.7472296,28.2559962],[118.7514138,28.2557505],[118.7493324,28.2534067],[118.7496114,28.2490405],[118.7599003,28.2411202],[118.7616598,28.2381618],[118.7667185,28.2395087],[118.766917,28.2413092],[118.7697816,28.2430389],[118.7771845,28.244863],[118.7766588,28.2458932],[118.7783861,28.2453261],[118.7816906,28.2464225],[118.7886858,28.2466493],[118.7901771,28.2457231],[118.7958205,28.2454585],[118.798964,28.2414605],[118.8002515,28.241073],[118.8015389,28.2395229],[118.7985992,28.2362997],[118.8036418,28.2354018],[118.8034916,28.2341919],[118.8061738,28.2333506],[118.8088131,28.2336625],[118.809092,28.2325377],[118.8075685,28.2302974],[118.8057876,28.224049],[118.8013887,28.2196343],[118.799994,28.2125911],[118.7984705,28.2108042],[118.7918937,28.2119671],[118.7906062,28.2113148],[118.7909388,28.2096981],[118.7871086,28.2057177],[118.7839436,28.2044791],[118.7835789,28.2018505],[118.7802744,28.1968108],[118.7751031,28.1945793],[118.770436,28.1950426],[118.7679791,28.1933973],[118.7660694,28.1911184],[118.7636125,28.1850946],[118.7597072,28.1818131],[118.759675,28.1776898],[118.7561345,28.1737649],[118.7574541,28.1700574],[118.759042,28.1710222],[118.7682903,28.1699723],[118.7700069,28.1722706],[118.7733328,28.1725827],[118.7753713,28.174985],[118.7782681,28.1763279],[118.7823343,28.1736798],[118.7854457,28.1733961],[118.7871086,28.171287],[118.7943935,28.1719869],[118.7919152,28.166539],[118.7962925,28.1639852],[118.8002515,28.1590951],[118.8013136,28.1571465],[118.8000154,28.15586],[118.8011849,28.1539965],[118.8061416,28.1512438],[118.8042855,28.1488978],[118.8048649,28.1451989],[118.8033628,28.1427014],[118.7957024,28.1423608],[118.7954986,28.1365236],[118.7981701,28.130686],[118.7963998,28.1236937],[118.7984168,28.1225677],[118.7987816,28.1212146],[118.7962925,28.119606],[118.7953162,28.1174107],[118.7914431,28.11619],[118.7877524,28.1164928],[118.7878382,28.1176567],[118.7856924,28.1180352],[118.7819052,28.1176567],[118.7773669,28.1204292],[118.7756288,28.1168524],[118.7758005,28.1142974],[118.767389,28.1172214],[118.7659085,28.1098403],[118.7641382,28.1098781],[118.7642026,28.1084681],[118.7619281,28.1072946],[118.760823,28.1055344],[118.7593639,28.0984742],[118.7523794,28.0948967],[118.745513,28.0961744],[118.7396872,28.092379],[118.7383997,28.0901737],[118.7385499,28.0871543],[118.7329709,28.083936],[118.7307072,28.0784648],[118.7284005,28.0769407],[118.7233257,28.0758237],[118.7210083,28.0737506],[118.7191844,28.0684776],[118.7171674,28.0685155],[118.7167168,28.0693675],[118.7117815,28.0675025],[118.7114382,28.0666126],[118.7134337,28.0642836],[118.7130368,28.0619073],[118.7143886,28.0589439],[118.7125754,28.0566053],[118.7148607,28.0510096],[118.7123608,28.0421846],[118.7133908,28.0408589],[118.712908,28.0353475],[118.7160838,28.0345615],[118.7257612,28.0420994],[118.7290335,28.0355559],[118.729409,28.0341354],[118.728379,28.0332736],[118.7295592,28.0312754],[118.7285828,28.0294855],[118.7269091,28.0295139],[118.7261259,28.0252616],[118.7240338,28.0244093],[118.7230897,28.0190581],[118.7202358,28.0143602],[118.7214911,28.012409],[118.7208581,28.009359],[118.7219417,28.0065931],[118.7209868,28.004045],[118.7238085,28.0032114],[118.7237871,28.0012505],[118.726201,27.9971298],[118.7257719,27.9954814],[118.7285936,27.992772],[118.7266195,27.9910004],[118.7284005,27.9839801],[118.7276602,27.9835158],[118.7283575,27.9824168],[118.7278104,27.9790343],[118.7241733,27.9779731],[118.7253535,27.9747421],[118.7241518,27.9739557],[118.7274456,27.970355],[118.728658,27.9708288],[118.7319517,27.9688863],[118.7323594,27.967029],[118.7337756,27.9659962],[118.7337971,27.9643189],[118.7371015,27.9631059],[118.7402987,27.960481],[118.7418651,27.9572684],[118.7437534,27.9560459],[118.7448048,27.956605],[118.7458455,27.955411],[118.7454164,27.9549182],[118.7473476,27.9532691],[118.7472832,27.9460758],[118.7498259,27.9442845],[118.7580764,27.9460189],[118.764857,27.9442181],[118.7708223,27.9407207],[118.7806392,27.940607],[118.7857568,27.9382374],[118.7863576,27.9369199],[118.7911105,27.935773],[118.7927842,27.9341616],[118.7961638,27.9349389],[118.7963945,27.9315976],[118.7985027,27.9307255],[118.8012546,27.9267158],[118.8023972,27.9263319],[118.7983525,27.9256873],[118.7960672,27.9238387],[118.8031697,27.9201416],[118.8047898,27.9212697],[118.8119888,27.9195917],[118.814038,27.9205492],[118.8128579,27.9158945],[118.8110018,27.9131356],[118.812257,27.9107275],[118.816334,27.9090873],[118.8162589,27.9040907],[118.8145423,27.9023556],[118.8155079,27.8984871],[118.8205182,27.8925228],[118.8238013,27.8931202],[118.8283528,27.8909045],[118.8232756,27.8876487],[118.8230181,27.8777861],[118.8290155,27.8743719],[118.8294017,27.8723802],[118.8317084,27.8707584],[118.8331139,27.8672776],[118.8301957,27.8635691],[118.8281786,27.8625731],[118.8278675,27.8572614],[118.8260007,27.854871],[118.8253569,27.851475],[118.821795,27.850147],[118.8309359,27.842757],[118.8320196,27.8394366],[118.833189,27.8387251],[118.8307321,27.8321218],[118.8341653,27.8260116],[118.8339293,27.824038],[118.8358283,27.8215425],[118.8409352,27.8165419],[118.8431883,27.8173579],[118.84498,27.8152229],[118.8441002,27.8077262],[118.8426518,27.8046609],[118.8479411,27.7986915],[118.8462782,27.7954076],[118.8442612,27.7947528],[118.8409245,27.7962334],[118.8382423,27.7922851],[118.8344335,27.7928735],[118.8379097,27.7861061],[118.83497,27.7836383],[118.8349807,27.7819772],[118.8404846,27.7806198],[118.8422441,27.782224],[118.8451517,27.7792624],[118.8408387,27.7774683],[118.8435316,27.7767469],[118.8444328,27.7775727],[118.8463855,27.7761204],[118.847276,27.7781518],[118.8511383,27.7794712],[118.8512993,27.7685545],[118.850559,27.7670546],[118.853445,27.7660293],[118.8535201,27.7651084],[118.8552368,27.7655546],[118.8580048,27.7618236],[118.8592386,27.7551397],[118.8644314,27.7499366],[118.8645816,27.7446003],[118.8662016,27.7437553],[118.8652468,27.7413054],[118.86765,27.7370038],[118.8731003,27.7355984],[118.8750744,27.7361776],[118.8777566,27.7331578],[118.8793874,27.7274979],[118.8865113,27.7210303],[118.8878631,27.7209353],[118.8903844,27.7230153],[118.8906097,27.722132],[118.8915324,27.7230533],[118.892101,27.722018],[118.8925516,27.7233667],[118.8935709,27.7225499],[118.8925516,27.7199666],[118.8907385,27.7189884],[118.893249,27.7149993],[118.8964462,27.7125963],[118.8970041,27.7108771],[118.8963711,27.7100223],[118.8898802,27.7081891],[118.887155,27.708569],[118.8827455,27.7111906],[118.8825953,27.7096328],[118.8806963,27.7078566],[118.8719737,27.7088445],[118.8704288,27.7055199],[118.8715124,27.7044751],[118.8701606,27.7027653],[118.87604,27.6992031],[118.8758898,27.6955933],[118.876673,27.6943298],[118.8758254,27.6912044],[118.8702142,27.6867583],[118.8699782,27.6856277],[118.8705361,27.6819985],[118.8757288,27.6772955],[118.8750958,27.67416],[118.8758469,27.6730673],[118.8818872,27.6700078],[118.8798594,27.6686205],[118.8816297,27.6643255],[118.884666,27.66214],[118.8873267,27.6630427],[118.8918114,27.6582439],[118.8935065,27.6533783],[118.8972938,27.6505843],[118.8973153,27.6457849],[118.8999653,27.6442928],[118.8987958,27.6430097],[118.8985062,27.6404625],[118.8965213,27.6386282],[118.896575,27.6368698],[118.8978839,27.6359478],[118.897326,27.6355106],[118.9002442,27.6338378],[118.8988924,27.6282392],[118.9008987,27.6269179],[118.9004266,27.6258818],[118.9038384,27.6273076],[118.9078402,27.6242278],[118.9127004,27.6167179],[118.9051902,27.6122783],[118.9036131,27.6087037],[118.904922,27.6060892],[118.9025724,27.6032274],[118.902508,27.6017442],[118.9047396,27.5991485],[118.9022183,27.5986161],[118.8988709,27.5945846],[118.9001477,27.5912946],[118.8978195,27.5859316],[118.8991928,27.5840203],[118.8984311,27.5813481],[118.8994288,27.578343],[118.9037204,27.575395],[118.9066601,27.5752048],[118.9072823,27.5708871],[118.9049005,27.5716765],[118.9036882,27.5706303],[118.9000189,27.5719903],[118.8968861,27.5705637],[118.8942951,27.5718096],[118.8949335,27.5727036],[118.893882,27.5734264],[118.8939142,27.5721139],[118.8923424,27.5734596],[118.8938498,27.5689422],[118.8925731,27.5660462],[118.8912749,27.5660271],[118.8917899,27.5651141],[118.8905883,27.5651617],[118.8913929,27.5636589],[118.8901162,27.5635353],[118.891629,27.5618898],[118.8909745,27.5603395],[118.8917899,27.5595691],[118.8890755,27.5551271],[118.8859963,27.5529584],[118.8855028,27.5510655],[118.8823914,27.5507041],[118.8820588,27.5480977],[118.8796127,27.547175],[118.8792372,27.5442641],[118.8777137,27.5432938],[118.8745379,27.5432653],[118.8739157,27.5398406],[118.8730252,27.5412105],[118.8734972,27.5437124],[118.8679719,27.5456244],[118.8642168,27.5453486],[118.8642597,27.5417051],[118.8626504,27.5383089],[118.8613093,27.5377572],[118.8599896,27.5321822],[118.8587022,27.5315543],[118.858552,27.5303651],[118.8552904,27.5299179],[118.8538635,27.5266165],[118.8544428,27.5254653],[118.8521683,27.5225729],[118.8557196,27.5196994],[118.8548505,27.517568],[118.8563096,27.515332],[118.861438,27.5190238],[118.8657939,27.5191095],[118.8698816,27.5210315],[118.8726604,27.5198897],[118.8720381,27.5170542],[118.8731861,27.513819],[118.8729608,27.511345],[118.8770592,27.5083285],[118.8749778,27.5054261],[118.8760078,27.5026379],[118.8822305,27.5050169],[118.882488,27.5018671],[118.885256,27.4987361],[118.8855886,27.4972039],[118.8845694,27.4954242],[118.8868761,27.4937778],[118.883239,27.4878485],[118.8848269,27.4850217],[118.8879275,27.4856118],[118.8910496,27.4845934],[118.8944399,27.4792822],[118.8975406,27.4765028],[118.8983452,27.472029],[118.8964569,27.4696683],[118.8988709,27.4651275],[118.9056408,27.4636329],[118.9066601,27.4643088],[118.9083016,27.4637471],[118.9123571,27.4658415],[118.9142668,27.4650037],[118.9147389,27.4664126],[118.9206827,27.4658319],[118.9273131,27.4671171],[118.9333534,27.4658034],[118.9358103,27.4607865],[118.9383423,27.4616718],[118.9404344,27.4613101],[118.9405525,27.4603105],[118.9436316,27.4601772],[118.9460671,27.4569498],[118.9482343,27.4562453],[118.9491355,27.4531226],[118.9527833,27.4525133],[118.9541888,27.4534558],[118.953824,27.4559693],[118.9563239,27.4578733],[118.9557445,27.4612434],[118.9588773,27.4654416],[118.9566028,27.4718577],[118.9576757,27.4733521],[118.9610767,27.4762934],[118.9659154,27.4769883],[118.9672887,27.4763886],[118.9720523,27.4795297],[118.9746058,27.4784446],[118.9756894,27.4794155],[118.9794445,27.4778259],[118.9807856,27.4781971],[118.9849055,27.4815095],[118.9845729,27.4852882],[118.9862895,27.4897044],[118.985281,27.4919505],[118.9825451,27.4937587],[118.9842081,27.4963474],[118.9791012,27.4967471],[118.9773416,27.5008107],[118.9800453,27.5031898],[118.9844334,27.5049313],[118.9867294,27.5082809],[118.9878774,27.5032755],[118.9926892,27.4984934],[118.9935958,27.4983697],[118.9946043,27.4998733],[118.999545,27.4997306],[119.0007359,27.4985553],[119.0012991,27.4998876],[119.0074146,27.4990311],[119.0085357,27.4996211],[119.0080208,27.5012961],[119.0112984,27.5026046],[119.0161157,27.5016672],[119.0185618,27.4999875],[119.0183526,27.4979795],[119.0193665,27.4960809],[119.0238619,27.4946534],[119.0278208,27.4919505],[119.0293121,27.4858402],[119.0316617,27.4853834],[119.0335286,27.4822329],[119.0356636,27.4818427],[119.0390754,27.4852787],[119.0505016,27.482033],[119.0518266,27.4808194],[119.0511668,27.4761554],[119.0524059,27.4743135],[119.0549111,27.471791],[119.0581298,27.4716197],[119.0610051,27.4701394],[119.0673834,27.4744278],[119.0688533,27.4767789],[119.0736169,27.4740613],[119.0771627,27.4696873],[119.0770018,27.4681547],[119.0857458,27.4678786],[119.0887713,27.4712294],[119.0887499,27.4722955],[119.091475,27.4739138],[119.0915823,27.475037],[119.105401,27.4840033],[119.1076541,27.4842888],[119.1101432,27.4873726],[119.113512,27.4852977],[119.1217947,27.4838129],[119.1233182,27.4821758],[119.1228246,27.479682],[119.1255712,27.4772263],[119.1251206,27.4761411],[119.1263437,27.4749037],[119.1264725,27.4676311],[119.1240692,27.4651561],[119.1199064,27.4665078],[119.1143918,27.4653274],[119.1133618,27.4635568],[119.1174817,27.4616147],[119.1222882,27.4561121],[119.1182112,27.4507424],[119.118576,27.4473339],[119.1168165,27.4391835],[119.1188335,27.4391073],[119.1211295,27.4363079],[119.1255712,27.4347272],[119.1273308,27.4351081],[119.1278887,27.4364602],[119.1346693,27.4378695],[119.1407633,27.4342511],[119.1421151,27.4292994],[119.1432309,27.4284424],[119.1474151,27.4315658],[119.151535,27.4315658],[119.1519856,27.4286519],[119.1610622,27.4307849],[119.1628217,27.4288233],[119.1667914,27.4286138],[119.1749882,27.4314134],[119.1764259,27.4306516],[119.1764259,27.4285376],[119.180696,27.4281948],[119.1912961,27.4210715],[119.1953516,27.4228809],[119.1964459,27.4243284],[119.1978836,27.4242523],[119.1990852,27.4220429],[119.2001366,27.4221],[119.2003512,27.4231857],[119.2069816,27.4251665],[119.2102432,27.4233761],[119.2171097,27.4217191],[119.2183327,27.4201382],[119.2201566,27.4197953],[119.2230105,27.4201191],[119.2259717,27.4226714],[119.2299413,27.4236428],[119.23316,27.4210524],[119.2395329,27.4224048],[119.2396188,27.4271663],[119.2375803,27.4306897],[119.241035,27.4340035],[119.2436528,27.4337369],[119.2438245,27.4309563],[119.2421293,27.4284043],[119.2426014,27.4273758],[119.2416143,27.4246141],[119.2429447,27.4214715],[119.2459273,27.4241189],[119.2520427,27.4240808],[119.2530942,27.4259283],[119.2574168,27.4238735],[119.2632007,27.4248808],[119.2731786,27.441583],[119.2730498,27.4445156],[119.2716765,27.4464961],[119.2735648,27.4494666],[119.2742514,27.4557122],[119.2754316,27.457978],[119.2782855,27.4580923],[119.2788219,27.4562454],[119.2829418,27.4570641],[119.2853451,27.4590443],[119.2850232,27.4618051],[119.2862677,27.4626429],[119.2866969,27.4657653],[119.2900657,27.4658415],[119.2965889,27.4695921],[119.2980265,27.4670409],[119.3035197,27.4677644],[119.3056011,27.4689448],[119.3094206,27.4684308],[119.3118667,27.4704869],[119.3115878,27.4720861],[119.3128323,27.4748276],[119.3163514,27.4783494],[119.3163514,27.4854119],[119.3173814,27.483318],[119.3189049,27.4848218],[119.3216729,27.4825185],[119.3236041,27.4824994],[119.3273806,27.4846124],[119.3324661,27.4840604],[119.3343115,27.4860972],[119.3346977,27.4911034],[119.3384743,27.4907418],[119.3404698,27.4915222],[119.3388176,27.4942061],[119.3428945,27.4965853],[119.3418002,27.4976322],[119.3422079,27.5000304],[119.3396973,27.5004491],[119.3400192,27.5018956],[119.3386674,27.505055],[119.3392682,27.5088234],[119.3375301,27.509813],[119.335041,27.5095846],[119.3359637,27.5114687],[119.3351269,27.5129151],[119.3362641,27.5146279],[119.3354702,27.5171399],[119.3379593,27.5179772],[119.3380451,27.5200515],[119.3410921,27.524276],[119.3437743,27.5241618],[119.3440962,27.5252465],[119.3485808,27.5219164],[119.3522072,27.5235529],[119.3581509,27.528253],[119.3608546,27.5317731],[119.3610906,27.5334666],[119.3632579,27.5343228],[119.3646741,27.5343419],[119.3634939,27.532363],[119.3644166,27.5314687],[119.3663478,27.5313355],[119.3705535,27.5338281],[119.3760252,27.5343989],[119.3811536,27.5366822],[119.3844366,27.5362826],[119.3860888,27.537957],[119.3877196,27.5374242],[119.3929338,27.5388132],[119.3949938,27.5369676],[119.398942,27.5370247],[119.4023108,27.537976],[119.4088883,27.5376813],[119.4101858,27.5389083],[119.4172239,27.5354454],[119.4284034,27.5271683],[119.4277811,27.5233245],[119.426043,27.5212694],[119.4270301,27.5196328],[119.4273734,27.5113545],[119.4340467,27.51105],[119.437437,27.5115639],[119.4390678,27.513486],[119.4433379,27.513505],[119.4479942,27.51851],[119.447844,27.5220686],[119.4495606,27.5230201],[119.4528222,27.5218402],[119.4546675,27.5224492],[119.4561696,27.5241237],[119.4652891,27.5282339],[119.4663191,27.5306886],[119.466362,27.5374432],[119.4680571,27.5395742],[119.4684005,27.5428277],[119.4710612,27.5446922],[119.4729709,27.5489348],[119.477241,27.5516172],[119.4803953,27.5523211],[119.4788933,27.5584087],[119.4814253,27.5589413],[119.4874763,27.5706398],[119.4860601,27.5709061],[119.4851804,27.5727511],[119.4807601,27.5744059],[119.4848156,27.5805493],[119.4840216,27.5819377],[119.4803953,27.5799217],[119.4793439,27.582242],[119.4821763,27.5823561],[119.4829488,27.5834402],[119.4827127,27.5866543],[119.4841504,27.5874911],[119.4834208,27.5924547],[119.4852662,27.5921694],[119.486897,27.5898493],[119.4872188,27.5918271],[119.4818973,27.5952312],[119.4847512,27.6003275],[119.4837642,27.6024193],[119.4893431,27.6048342],[119.4939995,27.6097209],[119.4980979,27.6117364],[119.4999003,27.6150068],[119.4960809,27.616756],[119.4944072,27.6189234],[119.4945359,27.6267943],[119.492948,27.6291327],[119.4970679,27.6321934],[119.4938063,27.6365657],[119.4959521,27.6378583],[119.4960379,27.6475526],[119.4973898,27.6489402],[119.4965529,27.6528176],[119.5030224,27.6522474],[119.505372,27.6552124],[119.5054149,27.6573221],[119.5058441,27.6554975],[119.5099854,27.6567899],[119.5102215,27.6552124],[119.5115733,27.6547943],[119.512732,27.6525895],[119.5151782,27.6522094],[119.5196628,27.657075],[119.5196199,27.6621685],[119.5210576,27.6636699],[119.5338249,27.6617314],[119.538095,27.6694092],[119.5369792,27.6711765],[119.5371723,27.673913],[119.534812,27.6757373],[119.5347261,27.6786827],[119.5363354,27.6778085],[119.5380091,27.6794427],[119.5396614,27.6780936],[119.5399403,27.6748061],[119.545927,27.6731719],[119.5463347,27.66863],[119.5451975,27.668421],[119.5450043,27.6673758],[119.5494032,27.6663875],[119.5525789,27.6644871],[119.5528579,27.6656654],[119.5583296,27.6695232],[119.5594454,27.6694852],[119.5610547,27.6672237],[119.5638656,27.6669577],[119.5653891,27.668649],[119.5680284,27.6693142],[119.5707536,27.6732289],[119.5690155,27.673818],[119.5696807,27.6747111],[119.5749593,27.673799],[119.575367,27.6704924],[119.5817184,27.6666726],[119.5834994,27.6689911],[119.5856237,27.668326],[119.5882845,27.6702073],[119.589808,27.6700173],[119.5922112,27.6733809],[119.6046352,27.6788347],[119.6060943,27.6765164],[119.6104503,27.6758513],[119.6119094,27.6773715],[119.6155357,27.6769344],[119.6168875,27.6733619],[119.6217638,27.6735068],[119.6256101,27.6716896],[119.6272731,27.6718036],[119.6282923,27.6732099],[119.6320367,27.6698653],[119.6362209,27.6695042],[119.6381092,27.668288],[119.6400189,27.663974],[119.6349335,27.6544522],[119.6362424,27.6515251],[119.6388817,27.6507649],[119.6404695,27.645956],[119.643538,27.643675],[119.6428299,27.6390369],[119.6392035,27.6362995],[119.6367574,27.629741],[119.6309852,27.6293038],[119.6285391,27.6269654],[119.6241188,27.6260339],[119.6202349,27.6187143],[119.621222,27.615311],[119.6238398,27.6141892],[119.6254277,27.6096639],[119.6245265,27.6027235],[119.6229386,27.6005177],[119.6242046,27.6000233],[119.6267152,27.5952312],[119.6267795,27.5877954],[119.6277022,27.5849997],[119.6317148,27.5836114],[119.6339679,27.5846954],[119.6384311,27.5840678],[119.6408772,27.5819757],[119.6517348,27.5809867],[119.6545672,27.5797125],[119.6578073,27.5806064],[119.6598029,27.579256],[119.6687937,27.5787615],[119.6721196,27.5768025],[119.6728062,27.5751287],[119.6722483,27.5737212],[119.6687722,27.5720949],[119.6688473,27.569879],[119.6662295,27.5647717],[119.6670341,27.5613667],[119.66609,27.5601207],[119.6635044,27.5602349],[119.662292,27.5593408],[119.6600711,27.5555647],[119.6591806,27.5515031],[119.6530545,27.5436933],[119.6592772,27.5413912],[119.6613908,27.5385658],[119.6600819,27.5369676],[119.6607363,27.536549],[119.6627533,27.5369771],[119.6640408,27.539032],[119.6668947,27.5402972],[119.6744692,27.5413436],[119.6776986,27.5403923],[119.6791792,27.5409346],[119.679265,27.5440168],[119.6802628,27.5446256],[119.6828592,27.5413151],[119.6862602,27.5404114],[119.6847474,27.539422],[119.6849084,27.5373957],[119.6907127,27.5319634],[119.6955514,27.5289665],[119.6957016,27.5246185],[119.6973967,27.5206794],[119.7040915,27.5176537],[119.7041559,27.5151036],[119.6991992,27.5104601],[119.6983194,27.5031708],[119.7015166,27.5008298],[119.7054004,27.4999352],[119.7058725,27.492512],[119.7020745,27.4900565],[119.7019887,27.488134],[119.7027826,27.4858497],[119.706409,27.4856975],[119.7058081,27.4832418],[119.7032118,27.4824233],[119.7048855,27.4782352],[119.7019028,27.4740661],[119.7059798,27.4667553],[119.6993494,27.4614434],[119.7013664,27.457464],[119.6986665,27.4555745],[119.6986198,27.4497903],[119.6907638,27.4461119],[119.6909594,27.4436397],[119.6897149,27.4423447],[119.6845865,27.4441919],[119.6808958,27.4419829],[119.6843934,27.4344606],[119.6860027,27.4332989],[119.6899724,27.4334131],[119.6928262,27.4302707],[119.6950364,27.4292423],[119.6984696,27.4294708],[119.7002721,27.4278139],[119.7010016,27.4221381],[119.6995425,27.4197001],[119.7062802,27.4140049],[119.7045851,27.4090332],[119.7051644,27.407395],[119.7086835,27.4061187],[119.7132325,27.4068997],[119.7178459,27.4061378],[119.7206783,27.4046329],[119.7220301,27.4006705],[119.7268581,27.3985368],[119.7264933,27.3955267],[119.727931,27.3930501],[119.7349564,27.3900209],[119.7364497,27.3852958],[119.7362137,27.3787413],[119.7424207,27.3816717],[119.7458227,27.3802365],[119.7464061,27.3787413],[119.7455478,27.3759975],[119.7415781,27.3738253],[119.7352396,27.3664941],[119.7433776,27.3628013],[119.7442174,27.3570938],[119.7461417,27.3532863],[119.7509789,27.3529674],[119.7543277,27.3500969],[119.761929,27.3507348],[119.7644805,27.3490338],[119.7644274,27.3461102],[119.7629922,27.343293],[119.7640013,27.3384727],[119.7686577,27.3346413],[119.7772912,27.3339375],[119.7802877,27.3303143],[119.7801161,27.3266923],[119.7742796,27.3232419],[119.7723913,27.3246144],[119.7719756,27.3270272],[119.7682929,27.3301046],[119.7668338,27.3307908],[119.7658038,27.329628],[119.7650079,27.3277059],[119.7666192,27.3156543],[119.7636795,27.3115362],[119.7659352,27.3089105],[119.7672415,27.3098202],[119.7699022,27.309477],[119.776833,27.3066838],[119.7850299,27.3054922],[119.7869611,27.3079327],[119.7885704,27.3135571],[119.791038,27.3137954],[119.8054091,27.3078929],[119.8092019,27.301736],[119.8146629,27.2994097],[119.817431,27.30063],[119.8173344,27.3034997],[119.8183536,27.3053587],[119.8223019,27.3050632],[119.8227203,27.3029753],[119.8262179,27.3031183],[119.829777,27.3047396],[119.8361206,27.3022126],[119.8386097,27.303738],[119.8403156,27.3100395],[119.834758,27.311193],[119.8301554,27.3157782],[119.8364317,27.3240616],[119.841485,27.3274072],[119.8439205,27.3263015],[119.8455083,27.3236517],[119.8498964,27.3203441],[119.8513555,27.3181136],[119.8554003,27.320611],[119.8601961,27.318981],[119.8674059,27.3188095],[119.8670196,27.3159593],[119.8610544,27.3128707],[119.8599923,27.3105543],[119.864037,27.3095628],[119.8693263,27.310621],[119.8691941,27.3056878],[119.8716438,27.3040431],[119.8735857,27.3052824],[119.8748195,27.3134808],[119.8784137,27.3128803],[119.8808813,27.3109546],[119.8826194,27.3169983],[119.8874473,27.3139765],[119.8914599,27.3150632],[119.8943889,27.3144341],[119.8951828,27.3187141],[119.9011481,27.321793],[119.9096239,27.3209447],[119.9146128,27.3163025],[119.9168444,27.3180087],[119.9168873,27.3198771],[119.9228954,27.3198485],[119.9242473,27.3190668],[119.9322295,27.319777],[119.9406946,27.3175131],[119.9414992,27.3201249],[119.9397612,27.325682],[119.9346811,27.3261824],[119.934563,27.3277122],[119.9364942,27.3292038],[119.9339783,27.3330211],[119.9364674,27.3345937],[119.9396109,27.3385108],[119.9355876,27.3390397],[119.933458,27.338182],[119.932149,27.3394638],[119.9332488,27.3398546],[119.9335384,27.3391207],[119.9362475,27.3411745],[119.9385917,27.3410554],[119.9437737,27.3428995],[119.9454313,27.3507044],[119.9514717,27.3527437],[119.9557149,27.3567793],[119.9564445,27.3585612],[119.9619377,27.362649],[119.9579894,27.3637161],[119.9524319,27.3615055],[119.9510693,27.361982],[119.9518901,27.367899],[119.9571472,27.3679943],[119.9571204,27.3706859],[119.9656874,27.3718007],[119.9745709,27.3747589],[119.9826926,27.3734823],[119.9841785,27.3748495],[119.9846077,27.3804943],[119.9862063,27.3802561],[119.9907446,27.383238],[119.9932659,27.3811037],[119.9954438,27.3826093],[119.9989736,27.3791701],[120.0025677,27.3779411],[120.0028574,27.37635],[120.0052607,27.3761118],[120.0035119,27.3755593],[120.0028252,27.3740253],[120.0034904,27.3732441],[120.0029969,27.3707574],[120.0041878,27.3686517],[120.0064301,27.3673369],[120.008769,27.3681849],[120.012846,27.3672797],[120.0115478,27.3639829],[120.0120842,27.3625537],[120.0177061,27.3600286],[120.0182426,27.3574749],[120.0234783,27.3550355],[120.0247443,27.3533965],[120.0246799,27.3514334],[120.0209677,27.3469831],[120.0219548,27.3449437],[120.0280595,27.3471832],[120.0288534,27.345849],[120.0311708,27.3449246],[120.0340032,27.3449342],[120.036782,27.3406075],[120.0420177,27.3414366],[120.0424039,27.3425898],[120.046159,27.3404073],[120.0475752,27.3409792],[120.0487661,27.3435523],[120.047586,27.3466591],[120.0478542,27.3501946],[120.0502789,27.3522625],[120.055064,27.3508426],[120.0583577,27.3486984],[120.0576067,27.3513572],[120.0586152,27.3517955],[120.0596559,27.3559217],[120.0586152,27.3564077],[120.0578749,27.3597142],[120.0613403,27.3604098],[120.066694,27.363821],[120.0686896,27.3637352],[120.06899,27.366022],[120.071286,27.3675179],[120.0697088,27.3694997],[120.0705349,27.3698618],[120.0700843,27.3707002],[120.0732601,27.3734346],[120.0803947,27.3761023],[120.0830877,27.380199],[120.0855231,27.3801704],[120.0883126,27.3780554],[120.0909305,27.381104],[120.0941491,27.3803228],[120.0949967,27.3827236],[120.0928402,27.3854387],[120.0917566,27.3953457],[120.0954258,27.3952695],[120.0958121,27.3966412],[120.0971264,27.3964126],[120.100463,27.3991274],[120.1014715,27.4018563],[120.1014447,27.3986559],[120.1026517,27.3980462],[120.1070398,27.4005038],[120.1103657,27.3981748],[120.1135147,27.3986797],[120.1169532,27.3999751],[120.1169425,27.40108],[120.1178813,27.4013229],[120.1183695,27.4000846],[120.1193672,27.4008086],[120.1200271,27.3997084],[120.1200163,27.3960935],[120.1232243,27.3950409],[120.1280254,27.3965079],[120.1285297,27.3978319],[120.1295596,27.3979748],[120.129447,27.3990321],[120.1318073,27.4008752],[120.1313943,27.4019182],[120.1337224,27.4025516],[120.1321989,27.4076379],[120.132612,27.4105857],[120.1266414,27.4117096],[120.1272154,27.413862],[120.1242971,27.4174573],[120.1276231,27.4203001],[120.1273012,27.4218905],[120.13089,27.4257331],[120.1343661,27.4248712],[120.1388562,27.4256378],[120.1394945,27.4244856],[120.1410502,27.4246855],[120.1403421,27.4252569],[120.1417744,27.4273758],[120.1438397,27.4257521],[120.1462805,27.425895],[120.1569557,27.4286518],[120.1611131,27.4279376],[120.1611239,27.4255998],[120.164246,27.4268139],[120.1683283,27.425895],[120.1690203,27.4270425],[120.170458,27.4256855],[120.1701093,27.4250141],[120.1734728,27.4236809],[120.1756024,27.4247379],[120.1791269,27.4246332],[120.1855534,27.4292327],[120.1875168,27.4295041],[120.1887345,27.4315991],[120.1910627,27.4297517],[120.1959014,27.4295327],[120.1962608,27.4315658],[120.2002627,27.4317324],[120.2018237,27.4315324],[120.2028751,27.4275853],[120.2050638,27.4270139],[120.2060884,27.4223809],[120.2095216,27.4234856],[120.2133518,27.4214048],[120.2207279,27.426852],[120.2216667,27.4261473],[120.226382,27.430623],[120.2287745,27.4315848],[120.2319878,27.4306516],[120.2343482,27.4324275],[120.2373201,27.4322657],[120.2375346,27.4336321],[120.2438325,27.436922],[120.2433282,27.4380409],[120.2453291,27.4398738],[120.244444,27.4431017],[120.2477592,27.4428017],[120.2522331,27.4392882],[120.2521688,27.4382694],[120.2563101,27.4372696],[120.2557146,27.4361555],[120.259797,27.4310277],[120.2595395,27.4281995],[120.2580482,27.4265521],[120.2613258,27.4245332],[120.2610415,27.4224904],[120.2593678,27.420362],[120.2552319,27.4189287],[120.2526784,27.4122429],[120.256573,27.4102762],[120.2627313,27.4041423],[120.2638417,27.4009229],[120.2628547,27.3996179],[120.263375,27.3984796],[120.2688307,27.390821],[120.2742112,27.3913211],[120.2790981,27.3934644],[120.2817321,27.3977557],[120.2853799,27.3995941],[120.2874666,27.3984701],[120.2912754,27.3994274],[120.2978307,27.396846],[120.3007275,27.3972794],[120.3027338,27.3964841],[120.3052926,27.3980034],[120.3055984,27.3991321],[120.3070736,27.3988178],[120.307771,27.3997513],[120.3080982,27.4025278],[120.3133178,27.4122905],[120.3179312,27.4116],[120.3183389,27.4105524],[120.3174913,27.4097237],[120.3186339,27.406233],[120.3157961,27.405552],[120.3149861,27.4039185],[120.3209567,27.3998608],[120.324111,27.3993179],[120.32866,27.4006943],[120.3310525,27.399737],[120.3322971,27.4023897],[120.3372699,27.4037518],[120.3378546,27.4034327],[120.3360951,27.4018516],[120.3371572,27.4005847],[120.3415829,27.3991797],[120.3421247,27.3952219],[120.3432029,27.3947409],[120.3447425,27.3912925],[120.346427,27.3914116],[120.3464699,27.3902161],[120.3483421,27.389554],[120.3454131,27.3879107],[120.3445977,27.3810516],[120.3424895,27.3789652],[120.3398555,27.3786318],[120.3427845,27.3737443],[120.3396678,27.3708908],[120.3387934,27.368828],[120.3409928,27.3680181],[120.3430313,27.3641497],[120.3455311,27.3642926],[120.3456062,27.3628729],[120.3474033,27.3629539],[120.3490663,27.3607337],[120.3503376,27.3605289],[120.352124,27.3563362],[120.3448713,27.3519242],[120.344764,27.3472738],[120.350917,27.3471785],[120.3528696,27.3460206],[120.3534114,27.3415939],[120.3591835,27.3392303],[120.359028,27.3375005],[120.3656262,27.3344507],[120.3719509,27.3281602],[120.3742629,27.3272594],[120.374676,27.3259822],[120.3737265,27.3254723],[120.3728628,27.322384],[120.3787905,27.3190478],[120.3789782,27.3151347],[120.3825188,27.3133378],[120.3832322,27.3114456],[120.3853726,27.31064],[120.3885698,27.3118221],[120.3917348,27.3096772],[120.3918153,27.3103874],[120.3947389,27.3107115],[120.392046,27.3087954],[120.3947443,27.3069603],[120.3925234,27.3070365],[120.3906673,27.3059498],[120.3914344,27.3050441],[120.3930867,27.305802],[120.3967506,27.3019219],[120.4014015,27.3002248],[120.3989553,27.2999245],[120.3987998,27.2979224],[120.4009885,27.2943995],[120.4034185,27.2925165],[120.4028124,27.2895941],[120.3976411,27.2865335],[120.4007256,27.2855704],[120.4017448,27.2808219],[120.404765,27.2800685],[120.4063851,27.2750909],[120.4108912,27.2722396],[120.4117763,27.270709],[120.4209655,27.2705994],[120.4215985,27.2656308],[120.4251552,27.2629557],[120.4250961,27.2612104],[120.4265445,27.2601709],[120.4266196,27.2590741],[120.423755,27.2575338],[120.4209763,27.2575242],[120.4177737,27.2534135],[120.4144317,27.2554307],[120.4119372,27.2589119],[120.4108322,27.2581537],[120.408445,27.2602805],[120.4052156,27.2574098],[120.4026353,27.2568232],[120.4024368,27.2552686],[120.3953987,27.2540192],[120.3943098,27.2505855],[120.3911394,27.2477288],[120.3929311,27.2445907],[120.3980058,27.2440661],[120.3996581,27.2426448],[120.4016536,27.2428737],[120.4017824,27.2396353],[120.4058433,27.238586],[120.4101348,27.2346463],[120.4064012,27.228455],[120.4061329,27.2241476],[120.4023778,27.2246389],[120.4018468,27.2242526],[120.403204,27.223227],[120.3999102,27.2234464],[120.4007363,27.222645],[120.3998458,27.222044],[120.4002589,27.2211901],[120.4013425,27.2208895],[120.3993094,27.2213857],[120.3993523,27.2202694],[120.4015678,27.2181752],[120.4015678,27.2170255],[120.3978449,27.2169397],[120.3970993,27.2165151],[120.3980005,27.2147786],[120.394696,27.2138961],[120.3966808,27.212379],[120.3974426,27.2136957],[120.4008114,27.2133427],[120.4010796,27.2126175],[120.4021659,27.2145138],[120.4043841,27.2137863],[120.405052,27.2123289],[120.3992879,27.2076464],[120.4000658,27.2062366],[120.4023349,27.2059002],[120.4017717,27.2051488],[120.4039657,27.2050415],[120.4047382,27.203677],[120.4042017,27.2021693],[120.4068625,27.1989893],[120.405457,27.1964056],[120.4028445,27.1958808],[120.4030953,27.1946557],[120.4055858,27.1960096],[120.4075706,27.1949742],[120.4113606,27.1955015],[120.4113418,27.1935237],[120.4133749,27.1919109],[120.4140669,27.1892794],[120.4193079,27.1885565],[120.4227787,27.1858557],[120.4204398,27.1831954],[120.4186991,27.183162],[120.4171407,27.1814584],[120.4215422,27.1813128],[120.4216441,27.1800769],[120.4203218,27.1787311],[120.4216441,27.1759036],[120.4234761,27.175603],[120.4248145,27.1767841],[120.4268852,27.1755553],[120.4270595,27.1726608],[120.4309595,27.1713532],[120.4315656,27.1672298],[120.4388559,27.1646048],[120.55507,27.0738679],[120.8315896,27.0449372],[121.140562,27.0449621],[121.3211622,27.3582695],[122.0925786,28.2707845],[122.1072667,28.2896982],[122.4750709,28.7907921],[122.8674296,29.54],[123.1544191,30.0841681],[123.1636435,30.1042451],[123.3814078,30.6605486],[123.3913672,30.6962695],[123.3936224,30.7329611],[123.388089,30.769392],[123.3749442,30.8043384],[123.3699622,30.8143464],[123.3542226,30.8404753],[123.3342088,30.8643304],[123.310351,30.8853954],[123.225706,30.9493475],[122.7783959,30.9493475],[122.6815789,30.9240222],[122.4247735,30.8774768],[122.1720879,30.8656896],[121.9599145,30.7772393],[121.8431847,30.7140949],[121.5062556,30.6785906],[121.422271,30.6714343],[121.3506882,30.6693672],[121.2743559,30.6800638],[121.2679109,30.6920092],[121.2670295,30.6993892],[121.2656455,30.7007222],[121.266304,30.7042081],[121.2635896,30.7051583],[121.2631683,30.7075748],[121.2615179,30.7072708],[121.2612714,30.7062664],[121.2609285,30.7070865],[121.2631361,30.7085147],[121.2631254,30.7091643],[121.261893,30.7089662],[121.2608259,30.7120703],[121.2636715,30.7147489],[121.2619852,30.7178164],[121.2654224,30.7196],[121.2647322,30.7226099],[121.2687394,30.7245421],[121.2654564,30.7281205],[121.2668887,30.7289044],[121.2666151,30.7296837],[121.2648556,30.7293471],[121.266127,30.7303062],[121.2654832,30.7323627],[121.2643245,30.7322475],[121.2657085,30.7336999],[121.2652955,30.7345023],[121.2669316,30.7356319],[121.2650433,30.7351201],[121.2634394,30.7375224],[121.2616584,30.7364896],[121.2516135,30.7464185],[121.2400903,30.7524287],[121.2383795,30.7531264],[121.2370867,30.7525686],[121.2373174,30.7535966],[121.2343347,30.7543573],[121.2326313,30.7558682],[121.2314878,30.7554178],[121.2322343,30.756082],[121.2281174,30.7580176],[121.228745,30.7586629],[121.2274307,30.7592899],[121.2249577,30.7695668],[121.2219214,30.7734708],[121.2237829,30.774411],[121.2235164,30.7750174],[121.2219865,30.7754722],[121.2202048,30.7793748],[121.2184124,30.7781009],[121.2152052,30.7828913],[121.2159079,30.7855597],[121.2130219,30.7879468],[121.214379,30.7882971],[121.2020194,30.788251],[121.1950207,30.7854178],[121.1954866,30.7841807],[121.194306,30.783776],[121.1965138,30.7759901],[121.1925383,30.7755526],[121.1890121,30.7787815],[121.1863347,30.783206],[121.1849351,30.781049],[121.1819774,30.7813536],[121.1813934,30.7790315],[121.1789077,30.7772047],[121.1700676,30.7745597],[121.1676528,30.7771227],[121.1657332,30.7773135],[121.1663367,30.7783667],[121.1654301,30.7791916],[121.1643773,30.7780613],[121.1587031,30.7774126],[121.1562891,30.7754192],[121.1562494,30.778842],[121.151093,30.779406],[121.1475143,30.781198],[121.1391699,30.7817138],[121.1384886,30.7803865],[121.1367935,30.7804418],[121.1367076,30.7787457],[121.1336124,30.779709],[121.1338752,30.7806123],[121.1277556,30.779299],[121.1225684,30.7808669],[121.1213755,30.7949148],[121.1234778,30.8121549],[121.1279674,30.821493],[121.1329901,30.826979],[121.1329801,30.8326851],[121.1312896,30.8316775],[121.1320941,30.8304526],[121.1299002,30.8303463],[121.1297554,30.832889],[121.1280227,30.8343399],[121.1300129,30.8353901],[121.1271785,30.838926],[121.1258159,30.8370754],[121.1156195,30.8384763],[121.1159232,30.8375711],[121.115301,30.8382758],[121.1137892,30.8369816],[121.1132468,30.8375116],[121.1157733,30.8412205],[121.1156956,30.8452984],[121.1193249,30.8495751],[121.1176029,30.8501968],[121.1161539,30.8521711],[121.1156174,30.8510197],[121.109569,30.8543018],[121.1085532,30.8563049],[121.1060204,30.8535489],[121.100377,30.8517091],[121.0993975,30.8525965],[121.0970961,30.8522188],[121.0951086,30.8551685],[121.0960581,30.8558731],[121.0944649,30.8559007],[121.0927107,30.8589861],[121.0759175,30.8508587],[121.0611432,30.850254],[121.0559557,30.8472951],[121.0572591,30.8456425],[121.0560176,30.8452053],[121.0568932,30.840713],[121.0429885,30.8330787],[121.0446587,30.828045],[121.0431082,30.8272349],[121.0404557,30.828454],[121.0388123,30.8305203],[121.0360382,30.8294474],[121.0376899,30.827602],[121.034191,30.8258849],[121.035001,30.8232039],[121.0335526,30.8227893],[121.0342929,30.8210894],[121.0373131,30.8219969],[121.0369107,30.8238718],[121.0376349,30.8220752],[121.039019,30.8224576],[121.0405317,30.8182331],[121.0367015,30.8171735],[121.0334936,30.8165055],[121.0315221,30.8223309],[121.0253209,30.831005],[121.0110569,30.8360995],[121.0103541,30.8376149],[121.0091418,30.8378268],[121.0071194,30.8375182],[121.0007787,30.8305352],[120.9992445,30.8311755],[121.000194,30.8295126],[120.9997326,30.8285268],[120.9974702,30.8302991],[120.997894,30.8312572],[120.9963812,30.8317271],[120.9945559,30.8304707],[120.9925282,30.8267948],[120.9909672,30.826265],[120.9917236,30.8257721],[120.9899265,30.8234918],[120.9857691,30.8257214],[120.9883895,30.829068],[120.9852005,30.8304891],[120.9881241,30.833907],[120.9842778,30.8350171],[120.9870565,30.8390888],[120.9887067,30.8409359],[120.9909189,30.8401804],[120.992952,30.8433077],[120.9934938,30.8467528],[120.9961707,30.8459284],[120.9980858,30.849074],[120.9993518,30.8482634],[121.0010697,30.8497406],[121.0034622,30.8545992],[121.0046169,30.8541652],[121.0059258,30.8558461],[121.0082862,30.8541744],[121.0104749,30.8565415],[121.0066179,30.8581947],[121.0090694,30.8622332],[121.0101959,30.8613352],[121.0112956,30.862643],[121.0102335,30.8632693],[121.0117301,30.8650329],[121.009799,30.8667919],[121.0136882,30.8712536],[121.0113439,30.8733578],[121.0137418,30.8756646],[121.0159184,30.8745906],[121.0169269,30.8755529],[121.0157682,30.8764277],[121.0173829,30.8772426],[121.0152854,30.8787666],[121.0169591,30.8806035],[121.0140516,30.8832692],[121.0135956,30.884968],[121.009178,30.884114],[121.0094248,30.8852281],[121.0070645,30.8844086],[121.0026656,30.8856609],[121.0056858,30.8891596],[121.0033845,30.8904394],[120.9887951,30.8923507],[120.9891631,30.8963933],[120.9862156,30.8981476],[120.9893646,30.90522],[120.9908398,30.9060623],[120.9942515,30.9058322],[120.9948416,30.9082486],[120.9987201,30.9074661],[121.0006835,30.9108859],[121.0004421,30.9115716],[120.995201,30.9119076],[120.9945412,30.9140385],[120.9956302,30.9372315],[120.9965958,30.9399876],[120.995877,30.9405673],[120.992889,30.9397299],[120.9957375,30.9407376],[120.9913896,30.9461046],[120.9930097,30.946353],[120.993062,30.9524822],[120.9915063,30.9526018],[120.990994,30.9569975],[120.9900874,30.9578301],[120.9886283,30.9572919],[120.9879524,30.9605856],[120.9904057,30.9606707],[120.9890574,30.9650292],[120.9901625,30.965296],[120.9893015,30.9684262],[120.9881696,30.9681502],[120.9875044,30.9705558],[120.9884861,30.9707536],[120.9879872,30.9726486],[120.9892962,30.9728786],[120.9890803,30.9742403],[120.9933598,30.974535],[120.9968841,30.9761235],[120.996632,30.979412],[120.9983218,30.9795453],[120.9981984,30.9807825],[120.997839,30.9818909],[120.9956074,30.9822312],[120.9948081,30.9834638],[120.9931397,30.99136],[120.9916635,30.9919275],[120.9905595,30.9940915],[120.9912699,30.9946913],[120.9907848,30.9973747],[120.9864932,30.996639],[120.9861607,30.9985887],[120.9881455,30.9990301],[120.9877807,31.003449],[120.986335,31.0046376],[120.9864101,31.0055618],[120.988175,31.0053917],[120.9870645,31.009755],[120.9878799,31.0100585],[120.9849966,31.0148101],[120.9869538,31.0157185],[120.985513,31.0166398],[120.9797076,31.0164126],[120.9779447,31.0173441],[120.9775311,31.0186849],[120.959014,31.0187707],[120.9590838,31.0201637],[120.9606582,31.0216187],[120.960339,31.0226186],[120.9559241,31.0234783],[120.9540037,31.030985],[120.9527699,31.0306494],[120.9503934,31.0323318],[120.9478185,31.0323778],[120.9471318,31.0311551],[120.9446374,31.0324329],[120.9442672,31.0315642],[120.9440446,31.0304816],[120.9451604,31.0300312],[120.9445811,31.0272731],[120.9470931,31.0264257],[120.9457505,31.0197798],[120.9317977,31.0193339],[120.9318298,31.017826],[120.9362823,31.0125665],[120.935542,31.0114998],[120.9311325,31.0117757],[120.9280704,31.013788],[120.9236318,31.0142469],[120.9227321,31.0141826],[120.922367,31.0127228],[120.9128935,31.0149112],[120.9097845,31.0135335],[120.9075831,31.014127],[120.907183,31.019412],[120.8930142,31.0197373],[120.8931,31.0186707],[120.8917295,31.0182086],[120.8920915,31.0169329],[120.8911796,31.0170524],[120.8913392,31.0136607],[120.8879301,31.0125412],[120.8889587,31.0079951],[120.8867915,31.0076917],[120.8870168,31.0067077],[120.8892269,31.0069009],[120.8893007,31.0060423],[120.8841294,31.0035456],[120.8850575,30.9990624],[120.8843816,30.9987589],[120.8836708,31.0007568],[120.8835836,31.0036271],[120.8808155,31.0034616],[120.875659,31.0013891],[120.8760385,30.9998359],[120.8718763,30.9993608],[120.8691318,30.9976035],[120.8638385,30.9976668],[120.8631304,30.9932799],[120.8612958,30.9935466],[120.8614836,30.9920337],[120.8575836,30.9925119],[120.8569935,30.9935144],[120.8543971,30.9921164],[120.8526805,30.9942502],[120.8498374,30.9955561],[120.8478847,30.994664],[120.8476702,30.993358],[120.8433142,30.9919693],[120.8416513,30.994756],[120.8379284,30.994618],[120.8348707,31.0023431],[120.831888,31.0017546],[120.8312872,31.0037685],[120.8268642,31.0042582],[120.8171976,31.0082722],[120.8031173,31.0083722],[120.7695472,31.0035491],[120.7727275,30.9993553],[120.7694771,30.9971207],[120.768093,30.9997279],[120.764861,30.9988565],[120.7658494,30.995609],[120.7642719,30.9952846],[120.7623826,30.993035],[120.7639031,30.9827749],[120.7655285,30.9816297],[120.7655208,30.9803698],[120.7608336,30.9779081],[120.7554638,30.9780047],[120.7482084,30.9717932],[120.7457368,30.9729418],[120.7456335,30.9713148],[120.7434878,30.9706847],[120.7414466,30.96525],[120.7358247,30.9657928],[120.7340223,30.9693898],[120.73134,30.9698981],[120.7296073,30.9717862],[120.7247954,30.973419],[120.7176661,30.9736122],[120.7111967,30.9725268],[120.704298,30.9739204],[120.703008,30.9724262],[120.7045119,30.9695758],[120.6983042,30.9667835],[120.6935799,30.972237],[120.6923981,30.9719516],[120.6929291,30.9711053],[120.6869334,30.9664414],[120.6852489,30.9673981],[120.6830764,30.965112],[120.6848574,30.9640402],[120.6843568,30.9632488],[120.681165,30.9623564],[120.6783862,30.9580116],[120.6929174,30.9522246],[120.7021559,30.9418681],[120.7063294,30.932122],[120.7081936,30.9205009],[120.7073235,30.9131974],[120.7054953,30.9088663],[120.7087354,30.8879222],[120.7056026,30.8866976],[120.6993423,30.8863535],[120.6944396,30.8842857],[120.6980495,30.8791531],[120.6972234,30.8786374],[120.6976793,30.8765149],[120.6954977,30.8758441],[120.694863,30.8742451],[120.6958527,30.8739297],[120.6971459,30.8709186],[120.6956529,30.870374],[120.6923461,30.8722228],[120.6897293,30.871692],[120.6894423,30.8725691],[120.6867061,30.8726407],[120.6861861,30.8776614],[120.6837684,30.878084],[120.6820716,30.8799611],[120.6824095,30.8836833],[120.6804193,30.8837708],[120.6810201,30.8859944],[120.6801779,30.8869934],[120.6773187,30.8853821],[120.6756718,30.8826912],[120.6767983,30.8825761],[120.6759739,30.8802962],[120.6679796,30.8787815],[120.668863,30.8780988],[120.6688188,30.8753915],[120.6662026,30.874106],[120.6661661,30.8698433],[120.6614967,30.8674814],[120.6630815,30.8645434],[120.6591524,30.8634845],[120.6577858,30.8664856],[120.6547425,30.8678473],[120.6535919,30.8649716],[120.6537126,30.8588219],[120.6507648,30.8578364],[120.6511071,30.8494055],[120.6459449,30.8505256],[120.6455223,30.8530799],[120.6401433,30.8536342],[120.6397919,30.8565332],[120.6405443,30.8580171],[120.63222,30.8563743],[120.6221272,30.8585112],[120.6142425,30.8529745],[120.6045892,30.8508284],[120.5940911,30.8528409],[120.5946882,30.8535147],[120.5937011,30.8541087],[120.5927302,30.8532844],[120.590976,30.8539706],[120.5917324,30.8556285],[120.5902679,30.856264],[120.588444,30.8548087],[120.5893989,30.8569317],[120.5881275,30.854887],[120.587005,30.8550747],[120.5856049,30.8563135],[120.587525,30.8582474],[120.586741,30.8587015],[120.585055,30.8568408],[120.5837944,30.8583328],[120.581831,30.8572828],[120.5775127,30.8541099],[120.5784005,30.8508194],[120.5767841,30.8479465],[120.5583198,30.8369111],[120.5556805,30.8379244],[120.5539853,30.8360544],[120.5532236,30.8362939],[120.5524618,30.8324247],[120.554275,30.8315495],[120.5544038,30.8305269],[120.5498226,30.8260264],[120.5487819,30.8266989],[120.5467648,30.825492],[120.5478055,30.8247826],[120.5465717,30.8236309],[120.5474649,30.8227971],[120.5440639,30.8184206],[120.5459897,30.8176467],[120.5458502,30.816412],[120.5432055,30.8170524],[120.5136277,30.7752561],[120.4998548,30.7603342],[120.4835482,30.7659996],[120.4839639,30.7683189],[120.482419,30.771951],[120.4782535,30.7780971],[120.4763223,30.777627],[120.4759736,30.778369],[120.4773845,30.7790696],[120.4758288,30.7785672],[120.4755177,30.7799913],[120.4745843,30.7797194],[120.4762861,30.7809142],[120.4741363,30.7855931],[120.4725914,30.7881001],[120.4707782,30.786713],[120.4701988,30.7886393],[120.4717653,30.7888559],[120.4722159,30.7901647],[120.4711054,30.7905379],[120.4721059,30.7907522],[120.4713438,30.7944109],[120.4729317,30.8021522],[120.4721756,30.8082943],[120.467519,30.80928],[120.4671649,30.8072988],[120.4613445,30.8081005],[120.4581688,30.817596],[120.4538531,30.8178079],[120.4524315,30.8263627],[120.4550511,30.8272969],[120.4559416,30.8286512],[120.4538746,30.8376711],[120.4540462,30.8388272],[120.4559935,30.8398773],[120.4546948,30.8421417],[120.4503072,30.8453029],[120.4497279,30.8471544],[120.4512138,30.8474307],[120.4520238,30.8499223],[120.4503662,30.8503368],[120.4492612,30.8525658],[120.4446119,30.8519454],[120.4437107,30.8528895],[120.4438877,30.8519224],[120.4426914,30.8519961],[120.4423267,30.85335],[120.4432825,30.8537585],[120.441008,30.853473],[120.4404877,30.8552783],[120.4382507,30.855048],[120.4379225,30.8597649],[120.4364043,30.8595024],[120.4355729,30.8605432],[120.4353583,30.8618555],[120.4376167,30.8622009],[120.4387915,30.8645908],[120.4433137,30.8651111],[120.4431796,30.8679292],[120.4458189,30.8682745],[120.4457545,30.869642],[120.446822,30.8692414],[120.4466571,30.869931],[120.4486258,30.8705434],[120.4473437,30.8737618],[120.4451685,30.8734879],[120.4408072,30.8767154],[120.4361757,30.8860574],[120.4320505,30.8862369],[120.4308596,30.891775],[120.4286548,30.8919545],[120.428054,30.8941733],[120.4317903,30.8958282],[120.4317876,30.8977408],[120.4330322,30.898063],[120.4336802,30.9008448],[120.4333154,30.9032958],[120.4314325,30.9059148],[120.429673,30.9056202],[120.427997,30.9132653],[120.4296489,30.9134101],[120.4292576,30.9151063],[120.4329212,30.9160012],[120.4308036,30.9218976],[120.4307124,30.9227766],[120.4321071,30.9229054],[120.4323297,30.9239248],[120.4316324,30.9258529],[120.4291969,30.9252823],[120.428918,30.9266076],[120.4221856,30.9258161],[120.419895,30.9295343],[120.4179638,30.9300635],[120.4154962,30.9299944],[120.4131037,30.9277028],[120.4173982,30.910956],[120.4162502,30.9100079],[120.4162341,30.9082727],[120.4168027,30.9060819],[120.4182994,30.9062844],[120.4195439,30.9028461],[120.4181559,30.9036136],[120.4115255,30.9025941],[120.4111848,30.9000349],[120.4108523,30.9013375],[120.4097043,30.9014296],[120.4096506,30.9000809],[120.4086099,30.9015263],[120.408567,30.8989071],[120.4007189,30.8980326],[120.4007725,30.8969554],[120.39941,30.8965641],[120.3996138,30.8954502],[120.3901698,30.8928677],[120.3826512,30.8936915],[120.3750069,30.8928629],[120.3727324,30.8879049],[120.3676952,30.8870625],[120.3678377,30.8838355],[120.3641949,30.8841449],[120.3640984,30.8833898],[120.3608529,30.8822849],[120.3600724,30.8835832],[120.3585113,30.883521],[120.3568618,30.8870843],[120.3551559,30.8867736],[120.352927,30.8905347],[120.354377,30.8916743],[120.35448,30.9001969],[120.352986,30.9035593],[120.3554643,30.9041071],[120.3548796,30.9066202],[120.3521652,30.9064407],[120.3491504,30.9118579],[120.3532917,30.9127048],[120.3524871,30.91519],[120.3548394,30.9162693],[120.3520928,30.9212303],[120.3598712,30.925234],[120.3581573,30.9283056],[120.3593696,30.9286738],[120.3589659,30.929624],[120.3548783,30.9291546],[120.3531992,30.9343865],[120.3556753,30.9352793],[120.3553212,30.9361674],[120.3614903,30.9381091],[120.3613616,30.9398944],[120.3632391,30.9405845],[120.3625015,30.9433336],[120.3637675,30.9438443],[120.364894,30.9418889],[120.3659025,30.9424411],[120.3652159,30.9444793],[120.3662539,30.9437593],[120.3679384,30.9444631],[120.3674019,30.9456502],[120.3694564,30.9473478],[120.3686893,30.9488063],[120.3673375,30.9482404],[120.3671498,30.949478],[120.3658408,30.9494504],[120.3654171,30.9506246],[120.3404617,30.942846],[120.3258893,30.9401475],[120.3111372,30.9358246],[120.2702496,30.9305514],[120.2458575,30.9286521],[120.2179036,30.9294608],[120.2009949,30.9324104],[120.1935947,30.9310611],[120.1911431,30.9329948],[120.1848158,30.9345731],[120.14458,30.9399841],[120.1418441,30.9410838],[120.1409242,30.9433981],[120.1366568,30.9451372],[120.1311368,30.9446541],[120.1112536,30.9563672],[120.1044153,30.9583948],[120.106715,30.9605943],[120.1067716,30.9629271],[120.1056933,30.9628903],[120.1015305,30.9678995],[120.0978123,30.9662095],[120.0816916,30.9815126],[120.0679466,30.9905322],[120.0483249,31.0081285],[120.0263094,31.0149698],[120.0122009,31.0206705],[119.9973469,31.0290232],[119.9898943,31.0347496],[119.9899118,31.0398527],[119.9854553,31.0474879],[119.9813462,31.0610817],[119.9777627,31.0656125],[119.9697563,31.0709265],[119.96613,31.074832],[119.9557766,31.0917662],[119.9476147,31.1005835],[119.943409,31.1068119],[119.942615,31.1087409],[119.9434036,31.1130352],[119.9366629,31.1314823],[119.9364942,31.1442424],[119.9335439,31.1487876],[119.9232844,31.1568284],[119.9182415,31.1627844],[119.9165919,31.1656694],[119.9170697,31.171678],[119.9162087,31.1737709],[119.9138966,31.1727497],[119.9142976,31.171367],[119.9129632,31.1725799],[119.9110749,31.1712488],[119.9081191,31.170822],[119.8984149,31.1716114],[119.8922244,31.1696194],[119.8864442,31.1657958],[119.8819166,31.1656214],[119.8788482,31.1632345],[119.8761231,31.1647034],[119.8737091,31.1646575],[119.872883,31.1636843],[119.8646325,31.1651532],[119.8630446,31.1708541],[119.8618215,31.1714049],[119.8564893,31.1688712],[119.856028,31.1705328],[119.8523158,31.1725156],[119.8514789,31.1739018],[119.8495048,31.1695873],[119.8458248,31.169064],[119.8433143,31.1701105],[119.8407501,31.1697892],[119.8364156,31.1713406],[119.8363835,31.1732041],[119.8337871,31.1758845],[119.8255473,31.1742231],[119.8236483,31.1769126],[119.8218567,31.1775965],[119.8214382,31.1757836],[119.8223823,31.1741221],[119.8217171,31.1714875],[119.8176938,31.1717354],[119.8152047,31.1729012],[119.8141104,31.1701748],[119.8159558,31.169523],[119.8078233,31.1662824],[119.8119217,31.1665119],[119.8172432,31.1633814],[119.8183161,31.1637853],[119.8184288,31.1689079],[119.8194909,31.1687748],[119.8206979,31.1673473],[119.8204511,31.1649237],[119.8266149,31.1643132],[119.8271137,31.1632115],[119.8260409,31.1633033],[119.8263949,31.1627479],[119.8225862,31.1580978],[119.8192736,31.1575813],[119.8200676,31.1552401],[119.8161408,31.1557818],[119.8148319,31.1545791],[119.8128042,31.1550014],[119.8092207,31.151696],[119.8080513,31.1529998],[119.8029014,31.1502269],[119.8007879,31.1514665],[119.7975585,31.1582975],[119.7936103,31.1603173],[119.7882137,31.1586647],[119.7868189,31.1563602],[119.7835144,31.1565439],[119.7853705,31.1612262],[119.7843191,31.1619056],[119.7844157,31.163246],[119.7856173,31.1653024],[119.7883531,31.1671293],[119.7889218,31.1691306],[119.7878918,31.1715357],[119.7830531,31.1763275],[119.7829673,31.1787232],[119.7797272,31.1785764],[119.7771737,31.1800175],[119.7754571,31.182404],[119.7657582,31.1784295],[119.7605762,31.1825784],[119.7591278,31.1804856],[119.7590473,31.1781679],[119.7608283,31.1757813],[119.7549811,31.1735323],[119.7532538,31.1737067],[119.7522238,31.172596],[119.7521272,31.1757078],[119.7496489,31.1739913],[119.7474065,31.1739454],[119.7460869,31.1713475],[119.7388235,31.1707416],[119.7376862,31.1743952],[119.7366777,31.1747624],[119.7332713,31.1747669],[119.7314689,31.1729127],[119.72545,31.1718019],[119.7242591,31.1735461],[119.7180793,31.1718478],[119.7166845,31.1736654],[119.709861,31.1723068],[119.7080049,31.1679188],[119.7088417,31.165789],[119.7056767,31.1618872],[119.7064492,31.1597664],[119.7030482,31.1589769],[119.7024366,31.1573426],[119.6987352,31.1549647],[119.6982095,31.153413],[119.6861154,31.1607052],[119.6828485,31.1605399],[119.6768403,31.1627066],[119.6770549,31.1662319],[119.6753168,31.1669663],[119.6738791,31.166085],[119.6731925,31.1675355],[119.6721411,31.1675171],[119.6719479,31.1663053],[119.6703815,31.165883],[119.6690726,31.168986],[119.6678805,31.1687273],[119.6695876,31.1650752],[119.6649956,31.1660116],[119.6633649,31.1674069],[119.661026,31.1641938],[119.6586227,31.1639001],[119.6580112,31.1598605],[119.657464,31.1617701],[119.6556455,31.161008],[119.6550179,31.1593464],[119.6564314,31.1583663],[119.6555248,31.157384],[119.653599,31.1583388],[119.6522096,31.1552217],[119.649058,31.1565048],[119.6456462,31.1561835],[119.6456784,31.1541727],[119.6436721,31.1527037],[119.6421701,31.1533189],[119.6415049,31.1521252],[119.643994,31.1494533],[119.6404856,31.1495727],[119.6427816,31.1499124],[119.6410006,31.1518406],[119.6397453,31.1505735],[119.6365052,31.1501971],[119.636237,31.1468089],[119.6385974,31.1453581],[119.636988,31.1429339],[119.6390051,31.1421258],[119.633351,31.1364049],[119.638297,31.136414],[119.6390587,31.1384068],[119.6416551,31.1376538],[119.6417087,31.1395547],[119.644466,31.1394077],[119.6432429,31.1411892],[119.6437794,31.1438246],[119.6462792,31.1437695],[119.6469873,31.1435675],[119.6461826,31.1393526],[119.6485752,31.1362763],[119.6477061,31.1332458],[119.6449059,31.132658],[119.6437901,31.1343662],[119.6407968,31.133457],[119.6396059,31.1361753],[119.6383613,31.135257],[119.6368807,31.135909],[119.6369612,31.1339391],[119.6353948,31.1353993],[119.6345472,31.1330208],[119.6329379,31.1338198],[119.6326375,31.1354728],[119.629097,31.1351606],[119.6263182,31.1321759],[119.626286,31.1292647],[119.6231425,31.1286126],[119.623518,31.1261972],[119.6225014,31.1244498],[119.621171,31.1249228],[119.6226811,31.1295172],[119.6193123,31.13078],[119.6178424,31.1305596],[119.6172362,31.1282085],[119.6173704,31.1265875],[119.618808,31.1253155],[119.6155478,31.1250618],[119.6147391,31.1260548],[119.6152005,31.1244062],[119.6142456,31.1246312],[119.6140954,31.1238552],[119.6156792,31.1241961],[119.6157275,31.1226302],[119.6196878,31.1219999],[119.6196194,31.1162398],[119.6208465,31.1138987],[119.6198983,31.112483],[119.622087,31.1129882],[119.6223123,31.1143201],[119.6236856,31.1140721],[119.6237715,31.1149906],[119.6252949,31.1140813],[119.6243293,31.1131811],[119.6262498,31.1135209],[119.6258207,31.1140353],[119.632258,31.1174798],[119.6354122,31.1155142],[119.6368606,31.1166899],[119.6380515,31.1163225],[119.6371074,31.1148896],[119.6315069,31.1142374],[119.6298976,31.1128688],[119.6349294,31.1128872],[119.6352406,31.1113256],[119.6323545,31.1103244],[119.6320367,31.1091773],[119.6403958,31.1093644],[119.6453203,31.105194],[119.6424973,31.1021958],[119.6356536,31.1060759],[119.6352889,31.1031638],[119.63076,31.0997246],[119.6296871,31.1001104],[119.6291721,31.0940562],[119.6223217,31.0862512],[119.6207124,31.0831916],[119.6223647,31.0811333],[119.622193,31.0779081],[119.6253902,31.0759784],[119.6228582,31.0707681],[119.6281904,31.06723],[119.6271068,31.0642616],[119.6239525,31.062396],[119.6240276,31.0595469],[119.6223432,31.0591609],[119.6209806,31.0565691],[119.6245641,31.056229],[119.6248967,31.0519919],[119.6277291,31.0494367],[119.6272141,31.0481682],[119.6285874,31.0470836],[119.6283299,31.0457967],[119.6229118,31.0409707],[119.6247143,31.0383784],[119.6231264,31.0363928],[119.6237165,31.0321915],[119.6272785,31.0302242],[119.6289307,31.0299116],[119.6315271,31.0310516],[119.6328789,31.0299943],[119.6329272,31.0286567],[119.6309424,31.0265513],[119.6261144,31.0233058],[119.6272731,31.0213658],[119.6256316,31.0169432],[119.627198,31.0114998],[119.6257711,31.0096791],[119.6224022,31.0095044],[119.6215868,31.0082538],[119.6134114,31.0049617],[119.6098924,31.0008878],[119.6083152,30.9964459],[119.6062768,30.9940087],[119.6021462,30.993696],[119.5977366,30.9900723],[119.5924044,30.987589],[119.592619,30.9852804],[119.5906985,30.9825854],[119.5905805,30.9807365],[119.5919001,30.9776459],[119.5897114,30.9726601],[119.5847762,30.9697072],[119.5830381,30.9665518],[119.57497,30.9656594],[119.5742941,30.9625498],[119.5773089,30.959201],[119.5805584,30.9565869],[119.5872317,30.9538911],[119.5869742,30.9490789],[119.5786487,30.9465854],[119.5776294,30.9470362],[119.5763205,30.9456192],[119.5747541,30.9419845],[119.5760255,30.9356395],[119.5804907,30.9354123],[119.5799542,30.9327757],[119.5775134,30.9323615],[119.5776985,30.9311675],[119.5734177,30.930491],[119.5717976,30.9291013],[119.5678655,30.9233169],[119.5686756,30.9224932],[119.5705585,30.9227371],[119.5705692,30.9208733],[119.5673163,30.9207761],[119.5657285,30.9216551],[119.5632179,30.9199339],[119.5609756,30.9167124],[119.5595862,30.9175868],[119.5583846,30.9170254],[119.5580976,30.9159162],[119.5596801,30.9137347],[119.5583605,30.908672],[119.5570408,30.9095097],[119.5521592,30.9078619],[119.5481573,30.9028265],[119.5524274,30.893519],[119.5552276,30.8925109],[119.5528807,30.8873849],[119.5539107,30.8872514],[119.5543103,30.8839068],[119.5523899,30.8835569],[119.5509093,30.8841554],[119.5509093,30.8850808],[119.5496594,30.8849334],[119.5532991,30.8774383],[119.5508476,30.8755137],[119.55184,30.8757808],[119.5517434,30.8746113],[119.5531234,30.8767143],[119.555284,30.8739184],[119.5556702,30.8706355],[119.5550157,30.8722424],[119.5532991,30.8719661],[119.5553644,30.8686647],[119.5549675,30.8664315],[119.5563247,30.864912],[119.5564963,30.8623655],[119.5607288,30.8615643],[119.5644196,30.8625543],[119.5691724,30.861859],[119.569607,30.8593539],[119.5713598,30.8576305],[119.5698148,30.8566634],[119.5705444,30.8553187],[119.5692355,30.853449],[119.5699328,30.8500779],[119.5673257,30.8447539],[119.5715422,30.8417325],[119.5710594,30.8392177],[119.5743424,30.8375688],[119.5732802,30.8348788],[119.5736772,30.831415],[119.5699328,30.8290749],[119.5677334,30.8311201],[119.5635599,30.831157],[119.5631844,30.830116],[119.5600355,30.8316775],[119.5574069,30.8316084],[119.5566398,30.8291532],[119.5544887,30.828582],[119.5536143,30.8297613],[119.550511,30.8282803],[119.5465976,30.8240032],[119.548451,30.8231624],[119.5476061,30.8215063],[119.5454603,30.8203915],[119.5413941,30.8155081],[119.5400745,30.809187],[119.5369953,30.8050955],[119.5363837,30.8026811],[119.5332402,30.799382],[119.5297962,30.7998427],[119.5294207,30.7961103],[119.52573,30.7925252],[119.5263523,30.789705],[119.5240134,30.7888478],[119.5249253,30.7842302],[119.5240349,30.7827738],[119.5244586,30.7811101],[119.5219696,30.7784001],[119.5174688,30.7774737],[119.5155644,30.7757316],[119.5144272,30.7764137],[119.509398,30.7759643],[119.5088401,30.7748858],[119.5055357,30.7738903],[119.5045593,30.7722125],[119.497135,30.7733372],[119.4868836,30.7799786],[119.4829461,30.7782089],[119.4775817,30.777453],[119.4750926,30.7745125],[119.4776353,30.7675341],[119.4761333,30.7667598],[119.4769272,30.7629615],[119.4738427,30.7560146],[119.4749907,30.7541983],[119.479529,30.7512847],[119.4816747,30.7489612],[119.4820395,30.7471539],[119.4785526,30.7443877],[119.4748083,30.7378775],[119.4754198,30.7347697],[119.4767931,30.7342902],[119.4804838,30.7276502],[119.4824794,30.7280652],[119.4842496,30.7258518],[119.4833484,30.7230019],[119.4848183,30.7213141],[119.4803926,30.7163472],[119.4814494,30.7136493],[119.4804731,30.7104301],[119.4815648,30.7096622],[119.4805562,30.7080295],[119.4802961,30.7035209],[119.4771311,30.7035301],[119.4748673,30.7023678],[119.4742772,30.7013069],[119.4750068,30.7004305],[119.4682047,30.7005412],[119.4643208,30.6978382],[119.4648895,30.6928471],[119.4636771,30.6908543],[119.4605228,30.6898118],[119.4579855,30.6834732],[119.4594929,30.6801099],[119.458259,30.6796255],[119.4586936,30.6807097],[119.4575992,30.6812726],[119.4555634,30.6791526],[119.4474846,30.6757661],[119.446004,30.6737361],[119.4425708,30.6729333],[119.4413799,30.6695097],[119.4397277,30.6684761],[119.4410902,30.6631051],[119.4394165,30.6599581],[119.4392341,30.6566817],[119.4410902,30.6517254],[119.4345778,30.6512178],[119.4322711,30.6491226],[119.4289344,30.6492795],[119.4274002,30.6469442],[119.4234091,30.6466766],[119.4193,30.6450244],[119.4175619,30.6461689],[119.4141179,30.6443598],[119.4119614,30.6443598],[119.4056529,30.6458551],[119.4048911,30.6483103],[119.4055241,30.6495564],[119.4014579,30.6514024],[119.4007069,30.655002],[119.3970376,30.6551312],[119.3963832,30.6592844],[119.3970698,30.6599489],[119.3948597,30.6635574],[119.3953961,30.6677286],[119.3941623,30.6694635],[119.3937761,30.6744927],[119.3894201,30.6818008],[119.3913084,30.6829449],[119.3892914,30.684292],[119.389742,30.6872168],[119.3890554,30.68861],[119.384957,30.6913502],[119.3841308,30.6901692],[119.3821675,30.6897817],[119.3824464,30.6871984],[119.3793243,30.6857129],[119.3783265,30.6832955],[119.3760949,30.6817731],[119.3691963,30.6838768],[119.366954,30.6836369],[119.362523,30.6770487],[119.3573087,30.6764859],[119.352116,30.6694912],[119.3494016,30.6707093],[119.3469876,30.6705525],[119.3380934,30.6664182],[119.3349177,30.6677194],[119.3330938,30.6660768],[119.3351107,30.6621361],[119.3345578,30.6595015],[119.3282872,30.6553804],[119.3286413,30.6507932],[119.3267959,30.6469166],[119.3250686,30.6465104],[119.3203694,30.6421998],[119.3206054,30.6352303],[119.3168503,30.6296729],[119.309898,30.6268571],[119.3072909,30.6229887],[119.304319,30.6232749],[119.3010575,30.6215577],[119.2973345,30.6209945],[119.2970771,30.6216962],[119.2950815,30.6211976],[119.2943841,30.6230534],[119.2928392,30.6227302],[119.2897814,30.6245305],[119.2885691,30.624032],[119.2880112,30.6221301],[119.2885369,30.6195726],[119.2837733,30.6177722],[119.2828184,30.6165442],[119.2817885,30.6163503],[119.2793745,30.6184093],[119.2782265,30.6180861],[119.2734629,30.6208283],[119.2604488,30.6175691],[119.2592257,30.618834],[119.2566937,30.6183354],[119.2513078,30.6160179],[119.2472202,30.6196927],[119.2466515,30.6220562],[119.2430681,30.6224071],[119.2352897,30.6121953],[119.234131,30.6085479],[119.2347103,30.6073844],[119.2360407,30.6066734],[119.2385942,30.607366],[119.2392164,30.60382],[119.2422634,30.6021209],[119.2450529,30.5987133],[119.249205,30.5991843],[119.2502135,30.5973834],[119.2513615,30.5973927],[119.252091,30.5945944],[119.2503422,30.5943358],[119.2490011,30.5929136],[119.2515867,30.5908171],[119.2567366,30.5891916],[119.2599231,30.5840656],[119.2609208,30.5843889],[119.2614358,30.5829573],[119.2598372,30.5788008],[119.2627126,30.5765378],[119.2594617,30.5748936],[119.2545694,30.5741916],[119.2537325,30.5728521],[119.2550629,30.5714203],[119.254505,30.570395],[119.2473274,30.5683627],[119.2431968,30.5658407],[119.2413407,30.5631063],[119.2436581,30.5611108],[119.2436689,30.5591337],[119.2399889,30.5562605],[119.239431,30.5540616],[119.2372638,30.553461],[119.2368024,30.5514099],[119.2338949,30.5507724],[119.2324036,30.5487304],[119.2337232,30.545284],[119.2363196,30.5438056],[119.2357188,30.54059],[119.2371243,30.5382706],[119.2364001,30.5355307],[119.2392969,30.5323518],[119.2423331,30.5316772],[119.2415177,30.5281562],[119.2451012,30.5279898],[119.2461633,30.5293483],[119.2459917,30.5311504],[119.2491567,30.5320653],[119.2519676,30.530753],[119.2513453,30.5266775],[119.2536842,30.5254668],[119.2550897,30.5260953],[119.2540276,30.5268439],[119.2545211,30.5285813],[119.2570531,30.5294408],[119.2577666,30.5260075],[119.2557388,30.5214419],[119.2658776,30.5137891],[119.2658239,30.5121715],[119.2671543,30.5116724],[119.2716282,30.5127908],[119.2725938,30.5120514],[119.2751365,30.5123287],[119.2840951,30.5147688],[119.285447,30.5166728],[119.2909938,30.5197691],[119.2926245,30.5218486],[119.2954462,30.5215621],[119.2980319,30.5231332],[119.2991369,30.5258134],[119.3018192,30.52683],[119.3071796,30.5327642],[119.3102588,30.5343121],[119.3129839,30.5350837],[119.3153282,30.5335497],[119.3166424,30.5345939],[119.3189277,30.5339378],[119.3198933,30.5349543],[119.3275912,30.5365206],[119.327897,30.5357814],[119.3252255,30.5337668],[119.323187,30.5296683],[119.3232353,30.5260456],[119.324559,30.5236],[119.3228209,30.5224124],[119.3258867,30.5210376],[119.3266055,30.5179321],[119.3285796,30.5175439],[119.3285582,30.5151223],[119.3315408,30.5131397],[119.3326485,30.5065747],[119.327724,30.501435],[119.3284857,30.4977373],[119.3276703,30.4936789],[119.3252993,30.4923106],[119.3250203,30.489796],[119.3261361,30.4883075],[119.3235827,30.486218],[119.3250847,30.4832224],[119.3292046,30.4803839],[119.3300629,30.4745586],[119.3316615,30.4736432],[119.3289685,30.4687978],[119.3303633,30.4663102],[119.3293762,30.4644515],[119.3315649,30.4644237],[119.3327129,30.4633417],[119.3321228,30.4576357],[119.3330133,30.457275],[119.333185,30.4555363],[119.3300843,30.4514021],[119.3295264,30.4492286],[119.3312109,30.4501905],[119.3333566,30.4472678],[119.3351054,30.4473788],[119.3359637,30.4460746],[119.3381578,30.4464215],[119.3422777,30.4415007],[119.3457109,30.4402612],[119.3444771,30.4337583],[119.347449,30.4309738],[119.3468696,30.4300765],[119.347803,30.4292994],[119.3478245,30.4273289],[119.3460757,30.4252566],[119.3472451,30.4225182],[119.3523306,30.4196964],[119.356665,30.4202238],[119.3550879,30.4155052],[119.3528134,30.4124149],[119.3514723,30.411943],[119.3513113,30.4093707],[119.3544678,30.4047089],[119.3583331,30.404733],[119.3572491,30.4034248],[119.3573874,30.4019205],[119.3593079,30.3993205],[119.3623674,30.3989283],[119.3620965,30.396358],[119.3630835,30.3938408],[119.3618283,30.3900095],[119.3621823,30.3882788],[119.3687591,30.3859836],[119.3738124,30.3861594],[119.3780717,30.3877143],[119.3812394,30.3860692],[119.3891573,30.3867448],[119.3988455,30.3838757],[119.397847,30.3807283],[119.3989077,30.3760639],[119.3984485,30.3737036],[119.3961203,30.3705287],[119.3933523,30.3687421],[119.3830741,30.3675573],[119.3802846,30.3655392],[119.3770498,30.3603505],[119.3727368,30.3577584],[119.3688208,30.3571844],[119.3650281,30.355106],[119.3618417,30.3549023],[119.3583226,30.3529952],[119.3509948,30.3529304],[119.3490851,30.3513009],[119.351306,30.3511157],[119.3493748,30.3504213],[119.3442464,30.3506065],[119.3432915,30.3518008],[119.3434686,30.3534349],[119.3390858,30.3582537],[119.3387103,30.3660854],[119.336189,30.3658355],[119.3338502,30.3679183],[119.3303096,30.367261],[119.33002,30.3703343],[119.3209595,30.3744765],[119.3183845,30.3726808],[119.3146402,30.3724494],[119.3098122,30.3700612],[119.3075055,30.3714589],[119.3051452,30.3678396],[119.2952961,30.3663215],[119.2935473,30.3598691],[119.2888051,30.3574251],[119.2867667,30.3528702],[119.2844063,30.3518795],[119.2835051,30.3500001],[119.2808765,30.3496205],[119.27239,30.343093],[119.2676801,30.3450467],[119.2615324,30.3419819],[119.2590219,30.3392781],[119.2509538,30.3402319],[119.2499667,30.3416023],[119.2444584,30.3437645],[119.2388409,30.3361854],[119.2407078,30.3331482],[119.2362124,30.3290829],[119.243229,30.3259806],[119.2399675,30.3205814],[119.2397744,30.3163767],[119.2376822,30.3137093],[119.2371994,30.309143],[119.2359763,30.3084298],[119.2359227,30.3059567],[119.234559,30.3046604],[119.2350108,30.3028074],[119.2322749,30.2994541],[119.2316848,30.2956098],[119.229539,30.2956932],[119.2269749,30.2931734],[119.2248291,30.294424],[119.2230588,30.2906629],[119.2198187,30.2933031],[119.2190087,30.2958923],[119.2210901,30.2988196],[119.2192555,30.3003388],[119.2188048,30.3025063],[119.2164874,30.3021173],[119.2139661,30.2991623],[119.2121422,30.2945352],[119.2095271,30.295274],[119.2077944,30.2977705],[119.207848,30.3013878],[119.2061046,30.3013832],[119.2015261,30.3037939],[119.2050773,30.2994588],[119.2059168,30.2959363],[119.205021,30.2948293],[119.1985568,30.2927311],[119.1959819,30.2940558],[119.1914383,30.2933054],[119.1876596,30.2943165],[119.1821213,30.2939176],[119.1735131,30.2988196],[119.1685134,30.2989215],[119.1641361,30.2976709],[119.1611749,30.3018672],[119.158836,30.3016541],[119.1571409,30.2997645],[119.1550702,30.2995051],[119.1515029,30.3023257],[119.149046,30.3069108],[119.1451514,30.3059012],[119.137727,30.3075314],[119.1315258,30.3069942],[119.1283207,30.3054621],[119.1252977,30.3072952],[119.1221649,30.3069525],[119.118517,30.3110928],[119.116264,30.3119634],[119.1123158,30.3111298],[119.1111571,30.3122876],[119.1053317,30.3137223],[119.0971777,30.3201592],[119.0910945,30.3189274],[119.0890238,30.3240581],[119.0856228,30.3256232],[119.0814546,30.3243915],[119.0778015,30.3216687],[119.0734992,30.3205944],[119.0700874,30.3160748],[119.0669224,30.3150931],[119.0618584,30.3098322],[119.0603564,30.306155],[119.0581406,30.3050994],[119.0541766,30.3059605],[119.0503464,30.3053399],[119.0458403,30.3091561],[119.0451,30.3122775],[119.0434585,30.3138427],[119.0400896,30.3148152],[119.0362916,30.3136482],[119.0302835,30.3141299],[119.0286419,30.318631],[119.026861,30.3200017],[119.0262709,30.3303183],[119.0217648,30.3308091],[119.0211103,30.3293089],[119.0194259,30.3334112],[119.0175054,30.3324019],[119.0170012,30.3310591],[119.0125916,30.3324296],[119.0058217,30.3323],[119.0045557,30.3290867],[119.0031073,30.3291144],[118.9974747,30.3311147],[118.9941595,30.3300683],[118.9902568,30.3331172],[118.9843637,30.3336158],[118.9826793,30.3349955],[118.9826256,30.3377087],[118.9840418,30.3390513],[118.9826471,30.3438384],[118.9839882,30.3486252],[118.9823681,30.3512361],[118.9780873,30.350875],[118.9770895,30.3496159],[118.9739567,30.3487178],[118.9725942,30.3497085],[118.9701051,30.3479956],[118.966645,30.3506945],[118.9642418,30.3546755],[118.9585662,30.3523795],[118.9582122,30.349315],[118.9552993,30.3488196],[118.9540011,30.3503103],[118.9505249,30.3612902],[118.9486634,30.3621558],[118.9463622,30.3593924],[118.9353651,30.3553745],[118.9341849,30.3528841],[118.9346999,30.3470883],[118.9319533,30.3472086],[118.9304191,30.345218],[118.9278314,30.3440785],[118.9213512,30.3443841],[118.9194844,30.341523],[118.9153753,30.3417267],[118.9138518,30.3406526],[118.9149998,30.3394026],[118.9168558,30.3394026],[118.9187334,30.3358654],[118.9150105,30.3374766],[118.9128218,30.3356524],[118.9107458,30.3355922],[118.9100913,30.3364256],[118.9078919,30.3352126],[118.9062504,30.3356663],[118.9056603,30.3340551],[118.9008967,30.3310177],[118.8970129,30.3271469],[118.8957039,30.3237944],[118.8885907,30.3209513],[118.8853721,30.3185989],[118.8806192,30.3177376],[118.8777975,30.3184229],[118.8758127,30.3175523],[118.8765959,30.3148479],[118.8759414,30.311986],[118.8788919,30.3044371],[118.877245,30.3020565],[118.8777573,30.2958825],[118.8753862,30.2950303],[118.8732834,30.2914081],[118.8754828,30.2886844],[118.8728757,30.2856642],[118.8736159,30.2838669],[118.8753647,30.2835611],[118.8778968,30.2804852],[118.8781757,30.2762695],[118.8804502,30.2751576],[118.8810832,30.2729524],[118.8855786,30.2703765],[118.8873167,30.2680877],[118.8883252,30.2628799],[118.8902135,30.2601833],[118.8882286,30.2564857],[118.8861794,30.255976],[118.8850636,30.25428],[118.8807614,30.2540298],[118.8772316,30.2522597],[118.8769956,30.2481818],[118.8795597,30.2465691],[118.8792057,30.2399236],[118.8812656,30.2388762],[118.8858629,30.2385703],[118.8896234,30.2343435],[118.8915385,30.2305059],[118.8929627,30.2299428],[118.8947115,30.2309161],[118.8958863,30.2271479],[118.8997219,30.2270181],[118.899628,30.2236089],[118.9029539,30.2223111],[118.8998104,30.2209483],[118.8994885,30.217685],[118.902042,30.2166651],[118.9069343,30.2166837],[118.9105392,30.2152837],[118.9174111,30.2161506],[118.9189077,30.2138189],[118.9181943,30.2104301],[118.9273513,30.2079592],[118.9236928,30.2057246],[118.9224697,30.2039258],[118.9195836,30.2038795],[118.918382,30.2023032],[118.9108236,30.2006851],[118.9076907,30.1980702],[118.9074011,30.1963176],[118.9052553,30.1956685],[118.9052982,30.1945743],[118.9025945,30.193072],[118.9008511,30.1882822],[118.8956262,30.1870581],[118.8982976,30.1851477],[118.8952131,30.1826019],[118.8902403,30.1832186],[118.8749356,30.1761375],[118.8711644,30.1754929],[118.8706494,30.1743799],[118.86477,30.1732761],[118.8582791,30.169937],[118.8563908,30.1701411],[118.8552535,30.1689353],[118.8527591,30.168439],[118.8516111,30.1689213],[118.8434786,30.1658233],[118.8414294,30.158931],[118.8415153,30.1554708],[118.848489,30.156213],[118.8505811,30.1542741],[118.8512403,30.1500767],[118.8549645,30.1499202],[118.8525653,30.1466603],[118.8518894,30.1438306],[118.8583535,30.1419332],[118.8586968,30.1400498],[118.8683635,30.1421466],[118.8748062,30.1352667],[118.8767374,30.1346079],[118.8792372,30.1391915],[118.8794088,30.1425502],[118.8842797,30.1484416],[118.8839545,30.1521612],[118.8871273,30.1520994],[118.8907439,30.1478711],[118.8947779,30.1467113],[118.8932651,30.1394188],[118.8879544,30.1315041],[118.8826329,30.130539],[118.876791,30.1270175],[118.8702464,30.1314623],[118.8677144,30.1319912],[118.8645816,30.1347471],[118.8588524,30.1364915],[118.8548184,30.1328727],[118.8544858,30.1285208],[118.8525224,30.1258854],[118.8531983,30.1249018],[118.8508809,30.1223498],[118.8509131,30.1212084],[118.8605744,30.1241455],[118.8612181,30.1230968],[118.8604993,30.1192827],[118.858847,30.1177886],[118.8577956,30.1119139],[118.8618243,30.1030015],[118.861721,30.1008771],[118.8666871,30.1001357],[118.8677171,30.1032915],[118.8698736,30.1047302],[118.8753453,30.1045631],[118.8790682,30.1016023],[118.8785479,30.088732],[118.8775501,30.0859563],[118.8799212,30.0847959],[118.8847786,30.0783414],[118.8826221,30.0713595],[118.883864,30.0717332],[118.8863558,30.0701617],[118.8861734,30.0677476],[118.8871323,30.0662817],[118.8866709,30.059754],[118.8882266,30.0570564],[118.8869499,30.0518793],[118.8891493,30.0481414],[118.8856249,30.0440272],[118.8868587,30.0430056],[118.8861385,30.0391849],[118.8874394,30.0357228],[118.8895744,30.0350448],[118.8918919,30.0325555],[118.8986188,30.0301962],[118.8991016,30.0288772],[118.899107,30.0278973],[118.8967681,30.0270984],[118.8946545,30.0246183],[118.8936568,30.0183943],[118.8913715,30.0171402],[118.890599,30.0155145],[118.8851756,30.0125649],[118.8864416,30.0100751],[118.8886732,30.0090531],[118.8894993,30.0059221],[118.8893491,30.0034786],[118.8859642,30.0007702],[118.8861144,29.9976296],[118.8939947,29.9873758],[118.8944024,29.9850805],[118.8894564,29.9771812],[118.8897997,29.9750902],[118.8887698,29.974802],[118.887536,29.971893],[118.8873563,29.96617],[118.8862512,29.9651151],[118.886734,29.9625544],[118.8881073,29.9616249],[118.888802,29.957686],[118.8856262,29.9554969],[118.8887135,29.9492292],[118.8885847,29.945069],[118.8873348,29.9436606],[118.8874877,29.9379824],[118.8854438,29.939298],[118.8869861,29.9403555],[118.886042,29.9419825],[118.8828448,29.9421173],[118.8806239,29.9405275],[118.8762439,29.9462381],[118.8676822,29.9504121],[118.8636911,29.9468888],[118.8614057,29.941696],[118.8590536,29.9399232],[118.850964,29.9414293],[118.84796,29.9441998],[118.8467691,29.943642],[118.8459108,29.9404346],[118.8448969,29.9416664],[118.8442317,29.9412573],[118.8376066,29.9365297],[118.8357935,29.934131],[118.8396773,29.9242471],[118.838937,29.9198581],[118.8402352,29.9174218],[118.8401923,29.9142321],[118.8419733,29.9117956],[118.8393984,29.9081222],[118.840482,29.9041603],[118.8397202,29.9022816],[118.8400314,29.8986822],[118.8382396,29.8953617],[118.8339374,29.8930457],[118.828691,29.8871391],[118.825247,29.8853624],[118.8236377,29.8826275],[118.8207409,29.8808694],[118.8177127,29.8815229],[118.8144404,29.8776436],[118.8099557,29.8764343],[118.807928,29.8730665],[118.8048381,29.872713],[118.7978429,29.8636976],[118.7941414,29.862637],[118.7933046,29.8596316],[118.7913841,29.8597805],[118.788423,29.8584313],[118.7840778,29.8547327],[118.78146,29.8483214],[118.7793705,29.8460205],[118.7778336,29.8460647],[118.7758488,29.844613],[118.7721688,29.8448084],[118.7698299,29.8460368],[118.7680918,29.8493403],[118.766225,29.8490984],[118.7632102,29.8506152],[118.7628293,29.8518574],[118.7603402,29.8519412],[118.7572074,29.850015],[118.7538386,29.8499871],[118.7507916,29.8473629],[118.7477875,29.8468743],[118.7498796,29.8412954],[118.7487209,29.839341],[118.7496329,29.8343899],[118.7489891,29.8330869],[118.7533129,29.8326681],[118.7567997,29.8294757],[118.7552119,29.8264601],[118.752964,29.8271306],[118.7527979,29.8251477],[118.7567783,29.8238911],[118.756274,29.8227742],[118.7570036,29.822616],[118.753109,29.8206333],[118.7425411,29.8213501],[118.7414253,29.8199352],[118.7397838,29.8207916],[118.7327886,29.8153182],[118.7339044,29.8121625],[118.7319625,29.807359],[118.7331963,29.8039051],[118.7325096,29.7972205],[118.7313402,29.7946508],[118.7321341,29.7921834],[118.7311471,29.7912896],[118.7320912,29.7900605],[118.7257934,29.7889525],[118.7265122,29.7865968],[118.7325686,29.7872625],[118.7373001,29.7842549],[118.7425035,29.7768147],[118.7400574,29.7700445],[118.744306,29.7639443],[118.7445635,29.7609267],[118.743614,29.7520084],[118.7407494,29.7465965],[118.7401056,29.7416547],[118.7388986,29.7404204],[118.7346178,29.7396705],[118.729248,29.7332191],[118.7195975,29.7268513],[118.7184655,29.7226539],[118.7186802,29.7179206],[118.714807,29.7132709],[118.7148821,29.7112581],[118.7133586,29.7100887],[118.7042445,29.7084579],[118.6960584,29.7093339],[118.6916703,29.7049913],[118.6885858,29.703738],[118.6870676,29.6993346],[118.6877435,29.6967531],[118.6811024,29.6930904],[118.677476,29.6921677],[118.6765212,29.6823438],[118.6698693,29.6777857],[118.6687749,29.6711952],[118.6577993,29.6634016],[118.6501014,29.6549222],[118.6503911,29.6537288],[118.6457133,29.6508384],[118.6460244,29.6488803],[118.6425483,29.6464467],[118.6375594,29.6436214],[118.6364329,29.6453837],[118.6312723,29.6472952],[118.6308968,29.6498127],[118.6243576,29.6535656],[118.6158281,29.6569314],[118.6091923,29.6541297],[118.607862,29.6523209],[118.6054587,29.6524421],[118.6014247,29.6483302],[118.599692,29.6481111],[118.5969347,29.6458453],[118.5930723,29.6472812],[118.5884106,29.647174],[118.5806107,29.643295],[118.5693937,29.6412762],[118.5634553,29.6356951],[118.5636216,29.6303935],[118.5558486,29.6239258],[118.5542607,29.621818],[118.5533273,29.6176955],[118.5450661,29.6159514],[118.5433495,29.6120712],[118.5374876,29.6069912],[118.5365313,29.6023374],[118.5324222,29.5984194],[118.531242,29.5936989],[118.5279911,29.5923741],[118.5243473,29.5925117],[118.5233777,29.5911706],[118.5178846,29.5891648],[118.5150736,29.5893327],[118.510192,29.585806],[118.5082823,29.5856381],[118.5040873,29.5815142],[118.4944474,29.578785],[118.4943938,29.5711336],[118.4924304,29.5664491],[118.4932136,29.5639202],[118.4885251,29.5531505],[118.4898555,29.5520772],[118.4930312,29.5442931],[118.4909767,29.5394534],[118.4908694,29.5346275],[118.4899789,29.53403],[118.4894411,29.5306263],[118.4908251,29.5239795],[118.4899589,29.521463],[118.4854339,29.5202312],[118.4829931,29.5180745],[118.4800105,29.5180045],[118.4744422,29.5132336],[118.4736912,29.511581],[118.4676294,29.5111141],[118.4667604,29.5131122],[118.4617178,29.5161279],[118.4587406,29.5166647],[118.4569649,29.5153063],[118.4539126,29.5159178],[118.4543471,29.5089013],[118.4492294,29.5106846],[118.446904,29.5146224],[118.4449084,29.5155467],[118.439839,29.5154557],[118.4366513,29.5137614],[118.4357106,29.5141218],[118.4356534,29.5179399],[118.4325555,29.5169203],[118.433226,29.5165469],[118.4320539,29.5156996],[118.4313807,29.5117759],[118.4266761,29.505604],[118.4267619,29.5043949],[118.4247832,29.5036182],[118.4203291,29.5051852],[118.4151526,29.5091125],[118.4134364,29.508391],[118.4135763,29.5096358],[118.4101591,29.512611],[118.4065676,29.5132394],[118.4040651,29.5106321],[118.399677,29.5095957],[118.3957449,29.5106928],[118.3895007,29.5099552],[118.385134,29.5109916],[118.3834603,29.5104594],[118.3781013,29.5126675],[118.3760413,29.5088954],[118.376492,29.5063184],[118.3753252,29.5045559],[118.3724713,29.5037436],[118.3684051,29.4999898],[118.3639526,29.4928274],[118.3563486,29.488165],[118.3601707,29.488144],[118.3607501,29.4866964],[118.3601814,29.4858279],[118.3582958,29.4867221],[118.3571801,29.4858909],[118.3564934,29.4847422],[118.3579203,29.4826968],[118.356885,29.4813193],[118.3553089,29.4825638],[118.3526283,29.4811441],[118.3502787,29.4821622],[118.3480149,29.4817606],[118.3476394,29.4806398],[118.346191,29.4809667],[118.3413309,29.4785103],[118.3390208,29.4794199],[118.3373669,29.4829594],[118.331105,29.4853645],[118.3284241,29.4914546],[118.3262998,29.4939573],[118.3254259,29.4967339],[118.3258927,29.4985094],[118.321201,29.4998543],[118.3162527,29.4999794],[118.3141336,29.498212],[118.3108972,29.4979643],[118.3060753,29.5003523],[118.3022909,29.4976161],[118.2993972,29.4924211],[118.3013499,29.4909456],[118.3020316,29.4890509],[118.3019829,29.4819987],[118.3006466,29.4807767],[118.3042812,29.4782717],[118.3040965,29.4736395],[118.3064777,29.4701049],[118.3068913,29.4661903],[118.3079106,29.4650226],[118.30805,29.4593244],[118.311215,29.4574747],[118.3095735,29.4549805],[118.3118373,29.4518975],[118.3098713,29.4465325],[118.3103111,29.4420479],[118.3092812,29.4414873],[118.3106008,29.435797],[118.3095279,29.4335545],[118.3098184,29.4257255],[118.3030853,29.4228077],[118.3010173,29.4225022],[118.2969958,29.4236991],[118.293778,29.4209144],[118.2914877,29.4209119],[118.290463,29.4218911],[118.2867372,29.4221518],[118.2862115,29.427142],[118.2809088,29.4292468],[118.2775238,29.4287983],[118.2755349,29.4271854],[118.2722345,29.426336],[118.2681897,29.4281115],[118.2657972,29.4304383],[118.2521179,29.4282329],[118.2504054,29.4302735],[118.2440606,29.4342506],[118.2418236,29.4323585],[118.2365128,29.4309989],[118.2304404,29.4272004],[118.2256717,29.4266655],[118.2209952,29.4275984],[118.217276,29.4247428],[118.2145187,29.4245278],[118.2107529,29.4206589],[118.2091865,29.4133788],[118.2074698,29.4130797],[118.2052919,29.4082758],[118.2037362,29.408416],[118.2011094,29.4044848],[118.1995735,29.3984616],[118.1953141,29.3952274],[118.1909469,29.3976114],[118.1876062,29.3971291],[118.1852859,29.3951428],[118.1856211,29.3932952],[118.1876735,29.3924934],[118.1896466,29.3895276],[118.1940157,29.387862],[118.194281,29.3856222],[118.2031799,29.3799132],[118.201562,29.373451],[118.198235,29.3704043],[118.1987993,29.3679393],[118.2033012,29.3627583],[118.2042334,29.3596513],[118.2035391,29.3560385],[118.2020156,29.3543693],[118.2025091,29.3516995],[118.203979,29.3504463],[118.2019268,29.3463057],[118.199902,29.3469815],[118.1937598,29.343769],[118.1927858,29.344641],[118.1885372,29.343313],[118.1884922,29.3416609],[118.186409,29.3412928],[118.1782429,29.3346757],[118.1772558,29.3313366],[118.1779639,29.3289702],[118.174296,29.3241443],[118.1709794,29.3233391],[118.1682221,29.3197564],[118.1616561,29.3166413],[118.1610553,29.3148171],[118.1618814,29.3131894],[118.169692,29.3105793],[118.1705396,29.3068839],[118.174123,29.3017755],[118.1737424,29.3008822],[118.1705774,29.3001243],[118.1669779,29.3010412],[118.1664844,29.29946],[118.1681792,29.298033],[118.1678577,29.2958999],[118.1657759,29.2944869],[118.1639524,29.2952075],[118.1620963,29.2942952],[118.1638313,29.293081],[118.1635953,29.2905172],[118.1652345,29.2876657],[118.1648868,29.2844945],[118.1628295,29.283912],[118.1546421,29.2848419],[118.1434828,29.2898048],[118.1421202,29.2888972],[118.1387192,29.290123],[118.1342836,29.2891912],[118.1334529,29.2877156],[118.1309652,29.2866328],[118.1284785,29.2869742],[118.1191444,29.2908575],[118.1154841,29.2906687],[118.1105291,29.2953301],[118.1089413,29.2957138],[118.103131,29.2923182],[118.1010184,29.287524],[118.0972308,29.2864268],[118.0944795,29.2879041],[118.0884439,29.2882609],[118.0841309,29.2903382],[118.0819957,29.289669],[118.0797964,29.2921348],[118.0745607,29.2925278],[118.0723973,29.2938449],[118.0677747,29.2921488],[118.0663907,29.2889674],[118.0697113,29.2883357],[118.0705482,29.2861742],[118.0719644,29.2853226],[118.0711919,29.2817667],[118.0726832,29.2803349],[118.0733323,29.2761564],[118.0719375,29.2727124],[118.0737293,29.2686132],[118.0759099,29.2674971],[118.0740699,29.2660652],[118.0737802,29.2646098],[118.0750006,29.2633322],[118.0735656,29.2594244],[118.0716405,29.2563057],[118.0702814,29.2557605],[118.0712053,29.2535743],[118.070229,29.2487909],[118.0758348,29.2464741],[118.0752125,29.2449716],[118.0792466,29.2401551],[118.0771008,29.2384044],[118.0773046,29.2366724],[118.0746197,29.2345823],[118.074196,29.2329767],[118.0745682,29.2288526],[118.0761125,29.2251358],[118.0786699,29.2245068],[118.079198,29.2226775],[118.0772812,29.2208346],[118.0695117,29.2203832],[118.0685613,29.2194884],[118.0621548,29.2184312],[118.0582999,29.2191342],[118.0502285,29.217337],[118.0430594,29.2202192],[118.0405984,29.2184916],[118.0361139,29.2129733],[118.0369228,29.2088906],[118.0340269,29.2053286],[118.0359791,29.2030414],[118.0357581,29.2008882],[118.0343834,29.1991081],[118.0323797,29.1991322],[118.0315047,29.197172],[118.0316989,29.1934521],[118.0295771,29.1911057],[118.0275837,29.1854096],[118.0290204,29.1789995],[118.0264523,29.1784049],[118.0275442,29.1770499],[118.0233493,29.1738689],[118.022407,29.1709614]],[[118.1783448,29.3008149],[118.1797253,29.3023643],[118.1827907,29.3005644],[118.1840564,29.3011892],[118.1841595,29.2992359],[118.18598,29.297198],[118.1843562,29.2950865],[118.1830516,29.2949077],[118.1828052,29.2970035],[118.1794367,29.2969083],[118.1792933,29.2999075],[118.1783448,29.3008149]]]}}
