{"type":"FeatureCollection","name":"china-provinces-natural-earth","features":[{"type":"Feature","id":"beijing","properties":{"id":"beijing","name":"北京","nameEn":"Beijing","adcode":"110000","center":[116.389,39.9488],"sourceIds":["CHN-1155"]},"geometry":{"type":"Polygon","coordinates":[[[117.3568,40.257],[117.372,40.2006],[117.3106,40.1105],[117.2391,40.0926],[117.0643,40.0648],[116.9877,40.0344],[116.8294,40.0367],[116.7594,40.0126],[116.7442,39.959],[116.7814,39.8897],[116.9287,39.8014],[116.8756,39.6865],[116.7934,39.6023],[116.6044,39.6112],[116.5274,39.5564],[116.4283,39.5214],[116.459,39.454],[116.3866,39.4421],[116.3176,39.4609],[116.2498,39.5058],[116.2104,39.5719],[116.0006,39.5576],[115.9454,39.5754],[115.8085,39.544],[115.7559,39.509],[115.6185,39.6037],[115.5542,39.5983],[115.4634,39.6432],[115.4373,39.7493],[115.4507,39.7795],[115.5624,39.8075],[115.5109,39.8385],[115.4964,39.9236],[115.4271,39.9626],[115.5131,40.0602],[115.5776,40.0963],[115.845,40.1606],[115.934,40.2582],[115.9452,40.2937],[115.7282,40.5396],[115.7344,40.5612],[115.8745,40.6102],[115.9947,40.596],[116.0482,40.6068],[116.1304,40.658],[116.2073,40.7504],[116.2914,40.7399],[116.376,40.7673],[116.4603,40.7624],[116.4589,40.7916],[116.3558,40.9016],[116.3648,40.9303],[116.4541,40.9028],[116.4972,40.9532],[116.5918,40.9919],[116.6089,41.0403],[116.6527,41.031],[116.6758,40.9401],[116.9104,40.7492],[117.058,40.6772],[117.1992,40.69],[117.3035,40.6618],[117.4859,40.6619],[117.4118,40.5974],[117.3283,40.5946],[117.2431,40.5702],[117.1841,40.4973],[117.2379,40.4502],[117.2505,40.3378],[117.3568,40.257]]]}},{"type":"Feature","id":"tianjin","properties":{"id":"tianjin","name":"天津","nameEn":"Tianjin","adcode":"120000","center":[117.347,39.3708],"sourceIds":["CHN-1816"]},"geometry":{"type":"Polygon","coordinates":[[[118.0096,39.2186],[117.8856,39.2011],[117.7573,39.1144],[117.7154,39.1114],[117.7515,39.0679],[117.7753,38.9811],[117.7088,38.981],[117.584,38.8116],[117.5732,38.7137],[117.5435,38.6213],[117.2713,38.5592],[117.1894,38.6058],[117.0949,38.6118],[117.0211,38.7082],[116.8808,38.6994],[116.8511,38.7389],[116.7738,38.7642],[116.7108,38.8205],[116.6806,38.9159],[116.7122,39.0118],[116.8918,39.1025],[116.8934,39.1638],[116.8362,39.1909],[116.8268,39.241],[116.8535,39.3414],[116.7912,39.4929],[116.7934,39.6023],[116.8756,39.6865],[117.1528,39.6184],[117.1832,39.6551],[117.2029,39.7616],[117.1843,39.8088],[117.2549,39.862],[117.1796,39.8794],[117.1475,39.948],[117.2391,40.0926],[117.3106,40.1105],[117.372,40.2006],[117.3568,40.257],[117.4511,40.2267],[117.6225,40.1239],[117.6501,40.0832],[117.7497,40.0635],[117.742,40.0261],[117.7896,39.9816],[117.7656,39.9641],[117.6156,39.9647],[117.5384,40.0003],[117.5013,39.9887],[117.5041,39.8824],[117.5331,39.7504],[117.6366,39.6376],[117.6189,39.5889],[117.73,39.5382],[117.7502,39.5798],[117.8928,39.5646],[117.9114,39.5276],[117.8782,39.4473],[117.8971,39.3987],[118.0079,39.3427],[118.0096,39.2186]]]}},{"type":"Feature","id":"hebei","properties":{"id":"hebei","name":"河北","nameEn":"Hebei","adcode":"130000","center":[115.314,38.5205],"sourceIds":["CHN-1811"]},"geometry":{"type":"MultiPolygon","coordinates":[[[[118.6487,39.0447],[118.5943,38.9722],[118.5143,38.9194],[118.4707,38.9706],[118.4882,39.0505],[118.5597,39.0031],[118.6487,39.0447]]],[[[117.8372,38.2709],[117.7687,38.2193],[117.7798,38.1644],[117.6873,38.0727],[117.5687,38.0489],[117.4206,37.8467],[117.0755,37.8424],[116.8395,37.8337],[116.8024,37.8403],[116.7439,37.7993],[116.7276,37.7538],[116.6573,37.7112],[116.581,37.6107],[116.4207,37.4788],[116.3864,37.5156],[116.3501,37.6209],[116.2759,37.5455],[116.2199,37.4624],[116.2556,37.3873],[116.2068,37.3551],[116.115,37.3681],[115.975,37.3217],[115.9566,37.2416],[115.9072,37.2065],[115.8518,37.0572],[115.7762,36.9854],[115.773,36.9457],[115.6264,36.7936],[115.4778,36.7536],[115.3416,36.5998],[115.2757,36.4742],[115.36,36.3008],[115.3945,36.301],[115.4488,36.2492],[115.4603,36.1579],[115.3579,36.0872],[115.296,36.0868],[115.2452,36.1614],[115.1061,36.1846],[115.0338,36.1009],[114.9777,36.0609],[114.9189,36.0612],[114.8932,36.1196],[114.7072,36.1528],[114.6337,36.132],[114.5484,36.139],[114.3431,36.2447],[114.1563,36.2467],[114.0631,36.2771],[113.9893,36.359],[113.9071,36.3441],[113.8734,36.3647],[113.8083,36.3394],[113.721,36.3559],[113.6308,36.4381],[113.5351,36.4834],[113.5474,36.5485],[113.4587,36.6358],[113.4539,36.7366],[113.6078,36.7691],[113.6557,36.8078],[113.6792,36.8716],[113.7483,36.8616],[113.776,36.8906],[113.7542,37.0231],[113.7543,37.1149],[113.8577,37.2089],[113.8867,37.2961],[113.9511,37.3884],[114.0531,37.5006],[114.0963,37.5995],[114.1004,37.6982],[114.0264,37.7508],[113.9871,37.839],[113.8915,37.9495],[113.7907,38.1529],[113.676,38.2122],[113.5395,38.2521],[113.518,38.3776],[113.5429,38.4393],[113.5345,38.5373],[113.609,38.6445],[113.6809,38.6678],[113.6906,38.7136],[113.7487,38.7295],[113.8251,38.8103],[113.7602,38.9092],[113.7586,38.9489],[113.8093,38.986],[113.8533,39.0723],[114.0127,39.1188],[114.0891,39.0744],[114.2163,39.069],[114.394,39.1693],[114.4203,39.3],[114.529,39.4822],[114.5409,39.5312],[114.4021,39.6585],[114.4055,39.8265],[114.3828,39.8611],[114.2332,39.8764],[114.1784,39.9058],[114.086,39.9169],[114.0095,39.9807],[113.9359,40.0157],[113.9342,40.0607],[113.996,40.1318],[114.0608,40.0867],[114.0854,40.185],[114.2886,40.255],[114.4503,40.2938],[114.5107,40.325],[114.4337,40.3605],[114.3054,40.362],[114.2858,40.3786],[114.2576,40.55],[114.1517,40.6736],[114.1541,40.7426],[114.0601,40.8137],[114.0186,40.9236],[113.9694,40.9523],[113.908,41.0281],[113.8228,41.0942],[113.8807,41.0993],[113.8983,41.1559],[113.9638,41.1534],[113.9849,41.2409],[113.9089,41.294],[113.928,41.4184],[114.0273,41.5313],[114.1364,41.5557],[114.1971,41.5936],[114.2135,41.7669],[114.2557,41.8601],[114.324,41.9135],[114.4197,41.9563],[114.4813,42.0753],[114.5229,42.1159],[114.5963,42.1413],[114.7519,42.1399],[114.8049,42.1784],[114.8562,42.1262],[114.8463,42.0817],[114.9203,41.9369],[114.9313,41.8386],[114.8758,41.8117],[114.889,41.61],[115.0974,41.6162],[115.2259,41.5858],[115.2828,41.624],[115.3413,41.6159],[115.313,41.6994],[115.3398,41.7208],[115.5779,41.7911],[115.6824,41.8483],[115.8588,41.9275],[115.9373,41.9275],[116.0379,41.8006],[116.0703,41.801],[116.1299,41.8729],[116.2071,41.884],[116.2762,41.9503],[116.3775,42.0097],[116.4151,42.0041],[116.4661,41.9476],[116.52,41.9671],[116.5997,41.9237],[116.6724,41.9392],[116.8581,42.0195],[116.8877,42.0571],[116.8548,42.1103],[116.886,42.167],[116.8789,42.2202],[116.8266,42.3082],[116.8871,42.3954],[117.0559,42.4628],[117.2439,42.4823],[117.4124,42.4581],[117.4504,42.5493],[117.5294,42.6202],[117.5936,42.5516],[117.7875,42.6096],[117.8005,42.5688],[117.9446,42.4362],[118.0242,42.3826],[118.0413,42.2782],[117.9893,42.2216],[118.086,42.1817],[118.1339,42.0219],[118.2007,42.0352],[118.2323,42.0842],[118.2679,42.0739],[118.2976,41.9723],[118.2744,41.9114],[118.3222,41.8635],[118.2782,41.7527],[118.1997,41.7977],[118.1681,41.7901],[118.1594,41.7191],[118.2444,41.5923],[118.3136,41.5696],[118.2947,41.4606],[118.3325,41.4466],[118.3498,41.3362],[118.4066,41.3096],[118.4372,41.3483],[118.625,41.3548],[118.7279,41.3473],[118.7971,41.3803],[118.8671,41.3365],[119.1527,41.3122],[119.2383,41.3198],[119.231,41.2734],[119.1635,41.1764],[119.0478,41.0944],[118.9648,41.0747],[118.9397,41.0218],[119.0083,40.9991],[118.966,40.9527],[118.9022,40.9566],[118.8483,40.8485],[118.8547,40.8206],[119.0615,40.6514],[119.191,40.7004],[119.1898,40.6201],[119.2395,40.5596],[119.2936,40.5307],[119.5637,40.5401],[119.5999,40.4769],[119.5801,40.3734],[119.6383,40.2699],[119.6347,40.2091],[119.7426,40.2052],[119.738,40.0995],[119.8502,39.9863],[119.7744,39.9505],[119.6609,39.9327],[119.5356,39.8908],[119.5307,39.8147],[119.4668,39.8148],[119.3396,39.7156],[119.2849,39.5954],[119.2564,39.4931],[119.3051,39.433],[119.2557,39.3655],[119.1848,39.3548],[119.0156,39.1898],[118.9402,39.1389],[118.9456,39.1921],[118.8806,39.1728],[118.859,39.2075],[118.796,39.1518],[118.6194,39.161],[118.5271,39.1492],[118.5291,39.1247],[118.3443,39.0307],[118.2353,39.0531],[118.1405,39.1728],[118.0964,39.2024],[118.0096,39.2186],[118.0079,39.3427],[117.8971,39.3987],[117.8782,39.4473],[117.9114,39.5276],[117.8928,39.5646],[117.7502,39.5798],[117.73,39.5382],[117.6189,39.5889],[117.6366,39.6376],[117.5331,39.7504],[117.5041,39.8824],[117.5013,39.9887],[117.5384,40.0003],[117.6156,39.9647],[117.7656,39.9641],[117.7896,39.9816],[117.742,40.0261],[117.7497,40.0635],[117.6501,40.0832],[117.6225,40.1239],[117.4511,40.2267],[117.3568,40.257],[117.2505,40.3378],[117.2379,40.4502],[117.1841,40.4973],[117.2431,40.5702],[117.3283,40.5946],[117.4118,40.5974],[117.4859,40.6619],[117.3035,40.6618],[117.1992,40.69],[117.058,40.6772],[116.9104,40.7492],[116.6758,40.9401],[116.6527,41.031],[116.6089,41.0403],[116.5918,40.9919],[116.4972,40.9532],[116.4541,40.9028],[116.3648,40.9303],[116.3558,40.9016],[116.4589,40.7916],[116.4603,40.7624],[116.376,40.7673],[116.2914,40.7399],[116.2073,40.7504],[116.1304,40.658],[116.0482,40.6068],[115.9947,40.596],[115.8745,40.6102],[115.7344,40.5612],[115.7282,40.5396],[115.9452,40.2937],[115.934,40.2582],[115.845,40.1606],[115.5776,40.0963],[115.5131,40.0602],[115.4271,39.9626],[115.4964,39.9236],[115.5109,39.8385],[115.5624,39.8075],[115.4507,39.7795],[115.4373,39.7493],[115.4634,39.6432],[115.5542,39.5983],[115.6185,39.6037],[115.7559,39.509],[115.8085,39.544],[115.9454,39.5754],[116.0006,39.5576],[116.2104,39.5719],[116.2498,39.5058],[116.3176,39.4609],[116.3866,39.4421],[116.459,39.454],[116.4283,39.5214],[116.5274,39.5564],[116.6044,39.6112],[116.7934,39.6023],[116.7912,39.4929],[116.8535,39.3414],[116.8268,39.241],[116.8362,39.1909],[116.8934,39.1638],[116.8918,39.1025],[116.7122,39.0118],[116.6806,38.9159],[116.7108,38.8205],[116.7738,38.7642],[116.8511,38.7389],[116.8808,38.6994],[117.0211,38.7082],[117.0949,38.6118],[117.1894,38.6058],[117.2713,38.5592],[117.5435,38.6213],[117.566,38.6125],[117.7161,38.3785],[117.8372,38.2709]]],[[[117.2391,40.0926],[117.0643,40.0648],[116.9877,40.0344],[116.8294,40.0367],[116.7594,40.0126],[116.7442,39.959],[116.7814,39.8897],[116.9287,39.8014],[116.8756,39.6865],[117.1528,39.6184],[117.1832,39.6551],[117.2029,39.7616],[117.1843,39.8088],[117.2549,39.862],[117.1796,39.8794],[117.1475,39.948],[117.2391,40.0926]]]]}},{"type":"Feature","id":"shanxi","properties":{"id":"shanxi","name":"山西","nameEn":"Shanxi","adcode":"140000","center":[112.389,37.7586],"sourceIds":["CHN-1805"]},"geometry":{"type":"Polygon","coordinates":[[[114.1541,40.7426],[114.1517,40.6736],[114.2576,40.55],[114.2858,40.3786],[114.3054,40.362],[114.4337,40.3605],[114.5107,40.325],[114.4503,40.2938],[114.2886,40.255],[114.0854,40.185],[114.0608,40.0867],[113.996,40.1318],[113.9342,40.0607],[113.9359,40.0157],[114.0095,39.9807],[114.086,39.9169],[114.1784,39.9058],[114.2332,39.8764],[114.3828,39.8611],[114.4055,39.8265],[114.4021,39.6585],[114.5409,39.5312],[114.529,39.4822],[114.4203,39.3],[114.394,39.1693],[114.2163,39.069],[114.0891,39.0744],[114.0127,39.1188],[113.8533,39.0723],[113.8093,38.986],[113.7586,38.9489],[113.7602,38.9092],[113.8251,38.8103],[113.7487,38.7295],[113.6906,38.7136],[113.6809,38.6678],[113.609,38.6445],[113.5345,38.5373],[113.5429,38.4393],[113.518,38.3776],[113.5395,38.2521],[113.676,38.2122],[113.7907,38.1529],[113.8915,37.9495],[113.9871,37.839],[114.0264,37.7508],[114.1004,37.6982],[114.0963,37.5995],[114.0531,37.5006],[113.9511,37.3884],[113.8867,37.2961],[113.8577,37.2089],[113.7543,37.1149],[113.7542,37.0231],[113.776,36.8906],[113.7483,36.8616],[113.6792,36.8716],[113.6557,36.8078],[113.6078,36.7691],[113.4539,36.7366],[113.4587,36.6358],[113.5474,36.5485],[113.5351,36.4834],[113.6308,36.4381],[113.721,36.3559],[113.6729,36.2215],[113.6945,36.1883],[113.6871,36.0557],[113.6562,35.9719],[113.6276,35.9532],[113.6325,35.8182],[113.5944,35.8078],[113.5847,35.6869],[113.6099,35.6461],[113.4913,35.5255],[113.4304,35.4894],[113.3048,35.4658],[113.2729,35.4192],[113.1684,35.3886],[113.1296,35.3523],[113.0198,35.3286],[112.9028,35.2406],[112.8076,35.242],[112.6825,35.3112],[112.6101,35.2877],[112.5832,35.242],[112.526,35.2203],[112.3908,35.2351],[112.335,35.2187],[112.1567,35.2366],[112.0585,35.2345],[112.0611,35.1085],[112.0382,35.0458],[111.9577,35.0942],[111.8294,35.0826],[111.7408,35.019],[111.6829,35.0079],[111.5577,34.8634],[111.3943,34.8233],[111.3313,34.8409],[111.2329,34.8008],[111.1387,34.8192],[111.1094,34.7687],[110.9734,34.7169],[110.9108,34.7325],[110.9232,34.6858],[110.8838,34.6661],[110.7658,34.6613],[110.7086,34.621],[110.5305,34.5837],[110.4832,34.6158],[110.3999,34.5926],[110.336,34.6158],[110.2523,34.6633],[110.2374,34.8014],[110.2725,34.8816],[110.2597,34.9448],[110.3107,35.0909],[110.3354,35.198],[110.4248,35.2942],[110.4965,35.4041],[110.5477,35.4382],[110.5562,35.5086],[110.6198,35.5973],[110.5756,35.7125],[110.5604,35.8492],[110.511,35.8869],[110.4978,35.9797],[110.4472,36.1419],[110.4732,36.2637],[110.459,36.3494],[110.4961,36.4841],[110.4832,36.593],[110.3938,36.6824],[110.4412,36.7265],[110.3802,36.77],[110.418,36.8162],[110.3696,36.8912],[110.4183,36.9673],[110.3733,37.0179],[110.4275,37.0103],[110.5279,37.1445],[110.665,37.2823],[110.6874,37.3572],[110.6303,37.3966],[110.7463,37.4803],[110.7888,37.5614],[110.7668,37.6379],[110.7792,37.6784],[110.7054,37.7137],[110.7429,37.7649],[110.6534,37.8132],[110.5893,37.9191],[110.515,37.955],[110.5,38.0904],[110.5112,38.2022],[110.5596,38.217],[110.5797,38.2873],[110.6712,38.317],[110.7463,38.3778],[110.7743,38.4262],[110.8528,38.4572],[110.8994,38.5455],[110.8718,38.6214],[110.9803,38.8166],[111.0038,38.9161],[110.9729,38.9743],[110.995,39.0038],[111.118,39.0674],[111.2249,39.3105],[111.11,39.3852],[111.1994,39.4272],[111.3427,39.4444],[111.4212,39.5221],[111.4254,39.6254],[111.4899,39.6522],[111.6749,39.6359],[111.7612,39.598],[111.847,39.6288],[111.9215,39.6888],[111.9491,39.7745],[111.9986,39.8331],[112.099,40.0054],[112.1651,40.0593],[112.2793,40.229],[112.3992,40.2883],[112.5958,40.2378],[112.7014,40.1748],[112.8081,40.1982],[112.9614,40.3559],[113.0865,40.4044],[113.1831,40.4253],[113.2299,40.4167],[113.2969,40.3319],[113.3341,40.3187],[113.5183,40.3437],[113.6766,40.4285],[113.8085,40.4342],[113.8961,40.4692],[114.0438,40.488],[114.0755,40.5502],[114.027,40.6352],[114.0635,40.6925],[114.1541,40.7426]]]}},{"type":"Feature","id":"inner-mongolia","properties":{"id":"inner-mongolia","name":"内蒙古","nameEn":"Inner Mongol","adcode":"150000","center":[111.623,41.5938],"sourceIds":["CHN-1838"]},"geometry":{"type":"Polygon","coordinates":[[[121.4133,53.3173],[121.4523,53.2882],[121.6072,53.2407],[121.6511,53.2041],[121.6928,53.1273],[121.7654,53.095],[121.8002,53.0236],[121.6915,52.9083],[121.5027,52.7747],[121.1739,52.595],[121.1972,52.5646],[121.3255,52.532],[121.4909,52.4447],[121.6923,52.3885],[121.8313,52.2694],[121.9111,52.2583],[122.0179,52.2831],[122.0973,52.3617],[122.1737,52.4796],[122.2077,52.4902],[122.3386,52.4537],[122.3989,52.3811],[122.454,52.3491],[122.5019,52.286],[122.5698,52.2658],[122.7307,52.2489],[122.7751,52.2],[122.7248,52.1566],[122.6449,52.1359],[122.6377,52.095],[122.7542,51.8475],[122.7613,51.8025],[122.7067,51.734],[122.7145,51.7017],[122.8355,51.5678],[122.8389,51.5106],[122.9562,51.3861],[123.0881,51.3125],[123.1789,51.3164],[123.2717,51.2667],[123.4383,51.2731],[123.5026,51.2598],[123.5696,51.2039],[123.6624,51.1997],[123.7888,51.2328],[123.8083,51.2906],[123.8663,51.3134],[124.0044,51.3017],[124.1621,51.3284],[124.2843,51.2833],[124.3508,51.2786],[124.4381,51.3104],[124.5019,51.3606],[124.6662,51.3353],[124.8206,51.3659],[124.8766,51.4197],[124.9403,51.4452],[124.9545,51.4892],[125.0606,51.5344],[125.0683,51.5944],[125.1275,51.6157],[125.3333,51.5827],[125.4866,51.5074],[125.5769,51.3893],[125.648,51.3432],[125.7195,51.2537],[125.8434,51.2062],[125.8707,51.1448],[125.9844,51.1042],[126.0563,50.9803],[125.9806,50.8704],[125.9517,50.8926],[125.9122,50.8363],[125.824,50.7668],[125.754,50.7543],[125.8086,50.696],[125.7827,50.6756],[125.8094,50.5622],[125.6467,50.4527],[125.542,50.4066],[125.5063,50.3141],[125.4393,50.254],[125.4184,50.1946],[125.3431,50.1647],[125.2644,50.1057],[125.3112,50.0513],[125.2503,50.0548],[125.2952,50.0145],[125.1866,49.9517],[125.245,49.877],[125.1909,49.8336],[125.2162,49.7981],[125.2196,49.6681],[125.1252,49.6566],[125.24,49.5409],[125.2185,49.5197],[125.2674,49.4385],[125.24,49.3901],[125.2537,49.3429],[125.2225,49.2855],[125.2229,49.22],[125.1581,49.1511],[125.0625,49.1368],[125.0312,49.1641],[124.8639,49.1754],[124.8223,49.1157],[124.8216,49.0609],[124.6982,48.8494],[124.6218,48.742],[124.6162,48.6676],[124.5381,48.5717],[124.5441,48.4668],[124.5207,48.369],[124.5595,48.3149],[124.5622,48.2362],[124.5205,48.1287],[124.4824,48.1116],[124.4256,48.1744],[124.3926,48.2637],[124.3272,48.3322],[124.3008,48.4919],[124.234,48.5308],[124.0779,48.4483],[123.7269,48.1911],[123.5776,48.0543],[123.4874,48.0076],[123.2933,47.9457],[123.2068,47.8138],[123.0954,47.7549],[122.7973,47.6436],[122.723,47.5978],[122.5654,47.5312],[122.4947,47.4102],[122.4052,47.3317],[122.5008,47.2375],[122.574,47.1311],[122.6503,47.0863],[122.7973,47.0337],[122.9962,46.8403],[123.0726,46.7958],[123.1868,46.7616],[123.267,46.8173],[123.3305,46.8326],[123.38,46.8981],[123.4685,46.8747],[123.4894,46.8173],[123.5485,46.8226],[123.5707,46.8733],[123.6133,46.8411],[123.6087,46.7746],[123.5361,46.692],[123.3973,46.5978],[123.2915,46.5864],[123.0942,46.622],[123.0358,46.6199],[123.004,46.5859],[123.0085,46.5196],[122.9889,46.4066],[123.0341,46.3466],[123.1617,46.2201],[123.0689,46.1087],[122.7987,46.0893],[122.8006,45.9131],[122.7748,45.8757],[122.7734,45.7885],[122.7084,45.715],[122.647,45.7251],[122.4979,45.8254],[122.4712,45.8921],[122.3986,45.9492],[122.2938,45.8344],[122.2398,45.8135],[121.996,45.9803],[121.87,46.0114],[121.7737,46.0103],[121.8148,45.9137],[121.742,45.7987],[121.6495,45.741],[121.729,45.6822],[121.7849,45.676],[121.865,45.6993],[121.9344,45.69],[121.982,45.6423],[121.9639,45.5675],[122.0271,45.4845],[122.1365,45.4491],[122.206,45.3634],[122.234,45.2871],[122.1918,45.201],[122.0513,45.152],[122.0108,45.1183],[122.0381,44.9344],[122.0226,44.8467],[122.0429,44.7946],[122.046,44.6949],[122.0882,44.6197],[122.2819,44.4287],[122.2541,44.2459],[122.2779,44.2188],[122.3766,44.22],[122.5948,44.2911],[122.6379,44.324],[122.7154,44.3356],[122.8212,44.3941],[122.9553,44.4468],[123.0445,44.5133],[123.0988,44.5315],[123.1238,44.4944],[123.1165,44.4065],[123.1682,44.3668],[123.2576,44.2041],[123.3591,44.1513],[123.3591,44.0922],[123.3223,44.0419],[123.4177,43.8897],[123.4713,43.7617],[123.5222,43.697],[123.528,43.6368],[123.4942,43.5895],[123.4186,43.6183],[123.4155,43.569],[123.3614,43.5398],[123.3477,43.4851],[123.3781,43.4532],[123.6059,43.3651],[123.6963,43.3535],[123.6546,43.2116],[123.6601,43.1784],[123.612,43.0814],[123.3544,43.0123],[123.2998,43.0165],[123.1819,42.9441],[123.1313,42.8264],[123.059,42.7876],[122.9745,42.7879],[122.8928,42.7449],[122.7279,42.741],[122.4764,42.8496],[122.392,42.8536],[122.3669,42.7991],[122.4257,42.722],[122.4255,42.675],[122.2994,42.6365],[122.1901,42.6845],[122.045,42.7209],[121.9659,42.6955],[121.9183,42.6466],[121.8778,42.5396],[121.7237,42.4577],[121.6461,42.4536],[121.5444,42.5352],[121.3689,42.5],[121.0342,42.2601],[120.9977,42.2498],[120.9126,42.2966],[120.7351,42.2279],[120.6279,42.1604],[120.5092,42.1487],[120.4688,42.038],[120.3402,41.9658],[120.2609,41.8801],[120.1408,41.7893],[120.1076,41.7065],[120.0362,41.7074],[120.0303,41.8606],[119.98,41.9123],[119.9602,41.9718],[119.8919,41.9995],[119.8757,42.0703],[119.8082,42.1202],[119.845,42.1745],[119.8215,42.2086],[119.6779,42.2274],[119.6294,42.2505],[119.5628,42.3718],[119.5117,42.3945],[119.4737,42.3322],[119.3357,42.2894],[119.2453,42.1919],[119.3114,42.1254],[119.3659,42.1005],[119.3628,42.0149],[119.3217,41.9654],[119.3308,41.8675],[119.2986,41.7773],[119.3156,41.6578],[119.3556,41.6083],[119.3897,41.4726],[119.3616,41.375],[119.231,41.2734],[119.2383,41.3198],[119.1527,41.3122],[118.8671,41.3365],[118.7971,41.3803],[118.7279,41.3473],[118.625,41.3548],[118.4372,41.3483],[118.4066,41.3096],[118.3498,41.3362],[118.3325,41.4466],[118.2947,41.4606],[118.3136,41.5696],[118.2444,41.5923],[118.1594,41.7191],[118.1681,41.7901],[118.1997,41.7977],[118.2782,41.7527],[118.3222,41.8635],[118.2744,41.9114],[118.2976,41.9723],[118.2679,42.0739],[118.2323,42.0842],[118.2007,42.0352],[118.1339,42.0219],[118.086,42.1817],[117.9893,42.2216],[118.0413,42.2782],[118.0242,42.3826],[117.9446,42.4362],[117.8005,42.5688],[117.7875,42.6096],[117.5936,42.5516],[117.5294,42.6202],[117.4504,42.5493],[117.4124,42.4581],[117.2439,42.4823],[117.0559,42.4628],[116.8871,42.3954],[116.8266,42.3082],[116.8789,42.2202],[116.886,42.167],[116.8548,42.1103],[116.8877,42.0571],[116.8581,42.0195],[116.6724,41.9392],[116.5997,41.9237],[116.52,41.9671],[116.4661,41.9476],[116.4151,42.0041],[116.3775,42.0097],[116.2762,41.9503],[116.2071,41.884],[116.1299,41.8729],[116.0703,41.801],[116.0379,41.8006],[115.9373,41.9275],[115.8588,41.9275],[115.6824,41.8483],[115.5779,41.7911],[115.3398,41.7208],[115.313,41.6994],[115.3413,41.6159],[115.2828,41.624],[115.2259,41.5858],[115.0974,41.6162],[114.889,41.61],[114.8758,41.8117],[114.9313,41.8386],[114.9203,41.9369],[114.8463,42.0817],[114.8562,42.1262],[114.8049,42.1784],[114.7519,42.1399],[114.5963,42.1413],[114.5229,42.1159],[114.4813,42.0753],[114.4197,41.9563],[114.324,41.9135],[114.2557,41.8601],[114.2135,41.7669],[114.1971,41.5936],[114.1364,41.5557],[114.0273,41.5313],[113.928,41.4184],[113.9089,41.294],[113.9849,41.2409],[113.9638,41.1534],[113.8983,41.1559],[113.8807,41.0993],[113.8228,41.0942],[113.908,41.0281],[113.9694,40.9523],[114.0186,40.9236],[114.0601,40.8137],[114.1541,40.7426],[114.0635,40.6925],[114.027,40.6352],[114.0755,40.5502],[114.0438,40.488],[113.8961,40.4692],[113.8085,40.4342],[113.6766,40.4285],[113.5183,40.3437],[113.3341,40.3187],[113.2969,40.3319],[113.2299,40.4167],[113.1831,40.4253],[113.0865,40.4044],[112.9614,40.3559],[112.8081,40.1982],[112.7014,40.1748],[112.5958,40.2378],[112.3992,40.2883],[112.2793,40.229],[112.1651,40.0593],[112.099,40.0054],[111.9986,39.8331],[111.9491,39.7745],[111.9215,39.6888],[111.847,39.6288],[111.7612,39.598],[111.6749,39.6359],[111.4899,39.6522],[111.4254,39.6254],[111.4212,39.5221],[111.3427,39.4444],[111.1994,39.4272],[111.11,39.3852],[111.041,39.423],[111.1227,39.5276],[111.1206,39.5808],[111.0131,39.5649],[110.8457,39.4652],[110.7282,39.3383],[110.6849,39.2644],[110.6379,39.2451],[110.5265,39.365],[110.4942,39.3743],[110.3381,39.3181],[110.2744,39.357],[110.2252,39.4241],[110.1449,39.4448],[110.1092,39.4284],[110.1769,39.2852],[109.9633,39.1813],[109.8452,39.0966],[109.8206,39.0545],[109.6743,39.0112],[109.6353,38.9058],[109.5746,38.8521],[109.538,38.7852],[109.4239,38.7691],[109.3651,38.6893],[109.3158,38.6678],[109.3132,38.6205],[109.16,38.5421],[109.1443,38.5045],[109.0454,38.4225],[108.9864,38.3352],[108.9535,38.1991],[109.028,38.111],[109.0354,38.0752],[109.001,37.9885],[108.9543,37.9255],[108.9103,37.9267],[108.8363,37.9884],[108.7805,37.9053],[108.7836,37.78],[108.7643,37.6819],[108.6499,37.6628],[108.4964,37.6686],[108.333,37.6336],[108.2335,37.6404],[108.0387,37.6325],[107.9996,37.645],[108.0065,37.6954],[107.9287,37.7853],[107.7026,37.8324],[107.6576,37.8529],[107.4047,37.9217],[107.3928,37.9852],[107.3242,38.0659],[107.1626,38.1386],[107.0608,38.1149],[106.8292,38.1504],[106.69,38.2103],[106.577,38.2405],[106.4701,38.2907],[106.645,38.4592],[106.7044,38.6372],[106.9317,38.9211],[106.9778,39.0356],[106.9119,39.0692],[106.8082,39.1991],[106.8094,39.3093],[106.7891,39.361],[106.6141,39.3583],[106.4969,39.2858],[106.3021,39.2895],[106.2757,39.2692],[106.2834,39.1565],[106.2408,39.1267],[106.1132,39.1208],[106.0603,38.9791],[106.0035,38.8812],[105.8966,38.7362],[105.8412,38.5713],[105.8227,38.3461],[105.8452,38.3041],[105.8281,38.2268],[105.7813,38.2059],[105.7556,38.1355],[105.8247,38.0055],[105.7881,37.8051],[105.6587,37.7398],[105.5341,37.725],[105.3544,37.7526],[105.2466,37.7253],[105.0849,37.6607],[105.009,37.5767],[104.9443,37.5457],[104.8025,37.5337],[104.647,37.5066],[104.5224,37.53],[104.4252,37.4986],[104.3585,37.4012],[104.2625,37.3903],[104.1085,37.4618],[103.8637,37.6264],[103.6787,37.775],[103.4382,37.8424],[103.3875,37.9991],[103.3881,38.102],[103.5217,38.1398],[103.5293,38.1612],[103.4877,38.3303],[103.4435,38.3933],[103.4712,38.4359],[103.7943,38.5908],[103.8734,38.6427],[103.9795,38.759],[104.0426,38.8741],[104.1716,38.9595],[104.2168,39.0347],[104.2248,39.0907],[104.06,39.3078],[104.0606,39.4274],[104.024,39.4411],[103.7493,39.4249],[103.4638,39.3572],[103.284,39.293],[103.0697,39.1861],[102.9654,39.1194],[102.8306,39.1302],[102.5935,39.1779],[102.4724,39.232],[102.3931,39.2372],[102.0152,39.1201],[101.8553,39.0912],[101.8255,39.0644],[102.0312,38.8792],[101.992,38.8286],[101.8311,38.6898],[101.65,38.7006],[101.5802,38.6882],[101.414,38.7492],[101.3104,38.7688],[101.3359,38.8066],[101.2478,38.87],[101.2064,38.9308],[101.2171,38.9997],[101.18,39.0206],[101.0982,38.9914],[101.0485,39.0008],[100.8885,39.1052],[100.852,39.1675],[100.8332,39.3801],[100.7895,39.4079],[100.5435,39.4089],[100.5067,39.4185],[100.455,39.4956],[100.3529,39.5174],[100.3068,39.5498],[100.2866,39.6273],[100.1889,39.6949],[100.0435,39.7277],[99.8431,39.8029],[99.762,39.8602],[99.6861,39.876],[99.4309,39.8788],[99.5325,40.0008],[99.627,40.0692],[99.8994,40.2048],[99.9566,40.2733],[100.0142,40.4025],[100.14,40.5181],[100.2038,40.617],[100.176,40.7351],[100.0755,40.859],[100.0112,40.8963],[99.7667,40.9099],[99.6645,40.9013],[99.496,40.8429],[99.1574,40.8363],[98.8257,40.7266],[98.6458,40.5675],[98.5152,40.5335],[98.2458,40.5245],[98.2348,40.5417],[98.3265,40.8557],[98.2939,40.9166],[98.2038,40.9512],[98.018,41.09],[97.9505,41.1198],[97.837,41.2175],[97.7085,41.3494],[97.6476,41.4555],[97.6796,41.5023],[97.8469,41.6193],[97.1907,42.7871],[99.4745,42.5642],[99.9716,42.6763],[100.017,42.6765],[101.2187,42.5298],[101.4107,42.5449],[101.6376,42.5154],[101.7354,42.4612],[101.8865,42.278],[101.9742,42.2079],[102.0342,42.1846],[103.0735,42.0045],[103.6914,41.7592],[103.721,41.7556],[104.5008,41.8706],[104.498,41.6658],[104.6012,41.6454],[104.8923,41.6448],[104.9738,41.5861],[105.0148,41.5961],[105.2009,41.7435],[105.2745,41.7555],[105.4027,41.8115],[105.8686,41.9935],[106.7678,42.2866],[108.1774,42.4543],[108.3198,42.4326],[108.5365,42.4351],[108.7969,42.3984],[108.9945,42.4495],[109.2534,42.4259],[109.4851,42.4493],[109.6673,42.549],[109.9127,42.6288],[110.0749,42.6435],[110.1399,42.6826],[110.4067,42.7686],[110.4494,42.8373],[110.6082,42.9447],[110.6801,43.0577],[110.797,43.1489],[110.9337,43.2878],[111.0961,43.3667],[111.3386,43.4382],[111.4287,43.4839],[111.535,43.4907],[111.5973,43.5234],[111.7538,43.6632],[111.8458,43.6669],[111.9334,43.6966],[111.9443,43.7864],[111.8388,43.9388],[111.7807,43.9862],[111.6681,44.0413],[111.5438,44.1567],[111.4906,44.2826],[111.3964,44.3466],[111.4064,44.4165],[111.4838,44.5064],[111.5438,44.6013],[111.5514,44.6932],[111.7385,44.9663],[111.8433,45.0395],[112.0115,45.0875],[112.1076,45.0674],[112.3796,45.0707],[112.4413,45.0524],[112.5239,44.9933],[112.586,44.9238],[112.7485,44.8653],[113.1049,44.7944],[113.4732,44.7707],[113.5324,44.7453],[113.6351,44.7463],[113.8893,44.9083],[114.0553,44.9406],[114.1636,45.0401],[114.2118,45.0622],[114.4189,45.2015],[114.473,45.2592],[114.5337,45.3855],[114.6693,45.4228],[114.7373,45.425],[114.9389,45.3738],[115.1263,45.3944],[115.3373,45.3947],[115.6378,45.4444],[116.012,45.6786],[116.0949,45.6765],[116.1699,45.7091],[116.2516,45.8033],[116.2132,45.9082],[116.3572,46.1056],[116.5251,46.2268],[116.6036,46.3093],[116.722,46.3287],[116.8046,46.3829],[116.9579,46.3664],[117.3017,46.3501],[117.3531,46.3795],[117.3575,46.4484],[117.4055,46.5108],[117.3938,46.5714],[117.5101,46.5785],[117.5563,46.6016],[117.6252,46.5357],[117.6962,46.5123],[117.817,46.5275],[117.8783,46.5964],[118.0055,46.627],[118.0839,46.6683],[118.1555,46.6746],[118.2383,46.7154],[118.3355,46.7222],[118.4352,46.6912],[118.552,46.6858],[118.6094,46.7058],[118.7201,46.6767],[118.8162,46.7582],[118.8675,46.7583],[118.8906,46.7135],[118.9672,46.7405],[119.0624,46.661],[119.3169,46.6117],[119.4529,46.6275],[119.6235,46.6163],[119.6801,46.5916],[119.7822,46.6556],[119.8344,46.651],[119.9042,46.7089],[119.8831,46.753],[119.9029,46.8424],[119.8929,46.9055],[119.8523,46.9107],[119.7701,46.993],[119.754,47.0944],[119.7,47.1595],[119.5874,47.2384],[119.5251,47.2508],[119.476,47.3092],[119.3207,47.407],[119.2819,47.4149],[119.3101,47.4761],[119.1576,47.5177],[119.1165,47.556],[119.0835,47.6616],[118.7674,47.7562],[118.7133,47.7936],[118.6052,47.9147],[118.5423,47.9662],[118.4728,47.9894],[118.28,47.9981],[118.1825,48.0282],[117.9728,47.9979],[117.8152,48.0048],[117.7417,47.9776],[117.5272,47.7865],[117.4365,47.7305],[117.3608,47.6509],[117.3171,47.6541],[117.0697,47.8102],[116.8533,47.8721],[116.7517,47.8741],[116.4997,47.8364],[116.4289,47.8351],[116.2439,47.8629],[116.0843,47.8069],[115.9729,47.7091],[115.9145,47.6839],[115.8527,47.7056],[115.5999,47.8874],[115.5619,47.9332],[115.5145,48.1221],[115.5364,48.1492],[115.7708,48.2241],[115.8093,48.274],[115.7866,48.473],[115.8004,48.5304],[116.0282,48.7675],[116.0378,48.8701],[116.4577,49.4928],[116.6843,49.8233],[116.7223,49.8017],[117.0576,49.6729],[117.2529,49.6225],[117.4729,49.6143],[117.7588,49.5127],[117.8738,49.5132],[117.8938,49.5466],[118.0171,49.5958],[118.1686,49.6715],[118.3052,49.7671],[118.373,49.7863],[118.3937,49.82],[118.477,49.836],[118.5213,49.8941],[118.6444,49.9546],[118.7129,49.9495],[118.8914,49.9793],[119.0917,49.9866],[119.2085,50.0151],[119.3162,50.0927],[119.3483,50.1846],[119.3316,50.2173],[119.3529,50.3455],[119.2508,50.3425],[119.1412,50.3766],[119.1549,50.4114],[119.2437,50.4455],[119.2936,50.5992],[119.4428,50.6851],[119.4967,50.7371],[119.4975,50.8359],[119.518,50.9048],[119.6043,50.9782],[119.6832,51.0161],[119.7483,51.0834],[119.7854,51.1717],[119.7581,51.199],[119.815,51.2159],[119.8196,51.2747],[119.9157,51.3307],[119.8953,51.384],[119.943,51.3908],[119.9827,51.4422],[119.9772,51.487],[120.0529,51.5522],[120.0567,51.5964],[120.1082,51.6652],[120.1538,51.664],[120.3193,51.776],[120.4648,51.8402],[120.5663,51.9053],[120.6476,51.911],[120.7058,51.98],[120.7056,52.061],[120.7792,52.1176],[120.7581,52.2374],[120.6549,52.2991],[120.6262,52.3468],[120.6904,52.4391],[120.724,52.5422],[120.4299,52.6361],[120.2611,52.6111],[120.176,52.5837],[120.0564,52.6005],[120.0338,52.6254],[120.0529,52.693],[120.033,52.7607],[120.2802,52.8659],[120.4503,53.0083],[120.6522,53.1228],[120.7141,53.185],[120.8239,53.2352],[120.8743,53.2802],[121.0549,53.29],[121.2035,53.2767],[121.3576,53.3241],[121.4133,53.3173]]]}},{"type":"Feature","id":"liaoning","properties":{"id":"liaoning","name":"辽宁","nameEn":"Liaoning","adcode":"210000","center":[123.07,41.386],"sourceIds":["CHN-1813"]},"geometry":{"type":"MultiPolygon","coordinates":[[[[123.1956,39.0521],[123.1452,39.0433],[123.1807,39.0919],[123.1956,39.0521]]],[[[122.4026,39.2138],[122.4026,39.1591],[122.3213,39.166],[122.4026,39.2138]]],[[[122.742,39.2361],[122.6975,39.2213],[122.636,39.228],[122.742,39.2361]]],[[[122.5051,39.2969],[122.6844,39.2622],[122.5862,39.258],[122.5051,39.2969]]],[[[121.4336,39.3858],[121.3361,39.3874],[121.3796,39.4249],[121.3406,39.4403],[121.2962,39.3914],[121.2659,39.4336],[121.3525,39.4824],[121.4225,39.4745],[121.4336,39.3858]]],[[[123.04,39.5297],[122.9797,39.4993],[122.968,39.5411],[123.04,39.5297]]],[[[119.8502,39.9863],[119.738,40.0995],[119.7426,40.2052],[119.6347,40.2091],[119.6383,40.2699],[119.5801,40.3734],[119.5999,40.4769],[119.5637,40.5401],[119.2936,40.5307],[119.2395,40.5596],[119.1898,40.6201],[119.191,40.7004],[119.0615,40.6514],[118.8547,40.8206],[118.8483,40.8485],[118.9022,40.9566],[118.966,40.9527],[119.0083,40.9991],[118.9397,41.0218],[118.9648,41.0747],[119.0478,41.0944],[119.1635,41.1764],[119.231,41.2734],[119.3616,41.375],[119.3897,41.4726],[119.3556,41.6083],[119.3156,41.6578],[119.2986,41.7773],[119.3308,41.8675],[119.3217,41.9654],[119.3628,42.0149],[119.3659,42.1005],[119.3114,42.1254],[119.2453,42.1919],[119.3357,42.2894],[119.4737,42.3322],[119.5117,42.3945],[119.5628,42.3718],[119.6294,42.2505],[119.6779,42.2274],[119.8215,42.2086],[119.845,42.1745],[119.8082,42.1202],[119.8757,42.0703],[119.8919,41.9995],[119.9602,41.9718],[119.98,41.9123],[120.0303,41.8606],[120.0362,41.7074],[120.1076,41.7065],[120.1408,41.7893],[120.2609,41.8801],[120.3402,41.9658],[120.4688,42.038],[120.5092,42.1487],[120.6279,42.1604],[120.7351,42.2279],[120.9126,42.2966],[120.9977,42.2498],[121.0342,42.2601],[121.3689,42.5],[121.5444,42.5352],[121.6461,42.4536],[121.7237,42.4577],[121.8778,42.5396],[121.9183,42.6466],[121.9659,42.6955],[122.045,42.7209],[122.1901,42.6845],[122.2994,42.6365],[122.4255,42.675],[122.4257,42.722],[122.3669,42.7991],[122.392,42.8536],[122.4764,42.8496],[122.7279,42.741],[122.8928,42.7449],[122.9745,42.7879],[123.059,42.7876],[123.1313,42.8264],[123.1819,42.9441],[123.2998,43.0165],[123.3544,43.0123],[123.612,43.0814],[123.6601,43.1784],[123.6546,43.2116],[123.6963,43.3535],[123.7066,43.4207],[123.7487,43.4723],[123.8065,43.4542],[124.0064,43.3101],[124.0786,43.304],[124.1583,43.2583],[124.2819,43.226],[124.2958,43.1566],[124.4189,43.0819],[124.3697,43.0123],[124.4349,42.9431],[124.3857,42.8848],[124.4805,42.8513],[124.6312,42.9571],[124.6993,43.0592],[124.7657,43.1056],[124.8718,43.1178],[124.8884,43.0867],[124.8603,42.8877],[124.8752,42.816],[124.9421,42.8037],[124.9825,42.7247],[124.9592,42.653],[125.0189,42.6469],[125.0958,42.5767],[125.102,42.4939],[125.2087,42.4058],[125.1794,42.3333],[125.2695,42.309],[125.284,42.2345],[125.3324,42.1647],[125.3788,42.1799],[125.4805,42.1514],[125.4582,42.1054],[125.2954,41.9572],[125.2863,41.8259],[125.3282,41.7474],[125.3063,41.6804],[125.4495,41.6799],[125.4699,41.5746],[125.5634,41.4108],[125.6347,41.3415],[125.6508,41.2863],[125.7377,41.2452],[125.7664,41.1395],[125.7291,41.1199],[125.6917,41.0041],[125.5764,40.9126],[125.688,40.8927],[125.7041,40.8592],[125.6448,40.8106],[125.6826,40.7689],[125.5601,40.7783],[125.5331,40.7218],[125.4691,40.7129],[125.4133,40.6318],[125.2772,40.6436],[125.2561,40.615],[125.0251,40.5344],[125.0263,40.4574],[124.9179,40.4611],[124.8955,40.4836],[124.8008,40.3941],[124.7412,40.3704],[124.7125,40.3103],[124.6426,40.2943],[124.3582,40.0891],[124.364,40.0209],[124.2867,39.9293],[124.1182,39.8332],[124.0881,39.8519],[123.9857,39.8102],[123.8076,39.8376],[123.7201,39.8306],[123.631,39.904],[123.5914,39.7843],[123.5332,39.7966],[123.4104,39.7352],[123.3867,39.7896],[123.3141,39.7761],[123.2732,39.8102],[123.2635,39.7676],[123.2064,39.7347],[123.2659,39.7011],[123.1743,39.6658],[123.108,39.6901],[123.0091,39.6805],[122.9641,39.6116],[122.8486,39.6179],[122.7798,39.5605],[122.6768,39.5154],[122.6484,39.5324],[122.5879,39.467],[122.447,39.4124],[122.3963,39.411],[122.2515,39.3237],[122.2402,39.2856],[122.115,39.2008],[122.1275,39.142],[121.988,39.0629],[121.9232,39.009],[121.8269,39.0363],[121.8953,38.981],[121.8599,38.9446],[121.7725,39.022],[121.7388,39.0015],[121.6358,38.9953],[121.6526,38.9634],[121.5921,38.9487],[121.6936,38.9096],[121.7048,38.8731],[121.5527,38.8581],[121.485,38.8099],[121.3447,38.8146],[121.2447,38.7756],[121.1985,38.7279],[121.1531,38.7276],[121.1145,38.7681],[121.1393,38.7895],[121.1113,38.8403],[121.1485,38.8991],[121.0904,38.8991],[121.1179,38.9434],[121.2195,38.9405],[121.3343,38.9686],[121.3342,39.0266],[121.3748,39.0442],[121.4281,39.0147],[121.6741,39.088],[121.681,39.1364],[121.5926,39.1922],[121.6331,39.2362],[121.5899,39.2641],[121.6802,39.2752],[121.7798,39.3715],[121.8307,39.3851],[121.7078,39.3957],[121.7178,39.3715],[121.5489,39.3619],[121.492,39.389],[121.436,39.5086],[121.354,39.5222],[121.3062,39.5018],[121.2234,39.5286],[121.3062,39.598],[121.4498,39.6151],[121.4982,39.6529],[121.5259,39.6179],[121.5474,39.6732],[121.4573,39.7485],[121.4707,39.8102],[121.5359,39.8618],[121.6161,39.8717],[121.7071,39.9269],[121.7744,39.9208],[121.8097,39.965],[121.8738,39.9914],[121.8648,40.0194],[121.9331,40.1014],[121.9957,40.1239],[121.9915,40.187],[122.0916,40.2272],[122.1061,40.3101],[122.211,40.3806],[122.2036,40.4272],[122.3019,40.5023],[122.2249,40.5785],[122.1376,40.624],[122.1594,40.7016],[122.1218,40.6801],[122.0491,40.7461],[121.8511,40.8323],[121.8259,40.9482],[121.7777,40.935],[121.7396,40.8491],[121.575,40.8415],[121.5104,40.8794],[121.4502,40.8859],[121.3613,40.9396],[121.2993,40.8996],[121.1758,40.9223],[121.0799,40.863],[121.0499,40.7974],[120.991,40.8313],[120.9395,40.7405],[121.0207,40.7193],[120.9402,40.6912],[120.8253,40.674],[120.7984,40.5997],[120.6209,40.4744],[120.5974,40.4224],[120.5457,40.4024],[120.5912,40.3673],[120.5018,40.3269],[120.5049,40.2491],[120.436,40.1945],[120.309,40.1797],[120.2613,40.1467],[119.9503,40.0565],[119.912,39.9981],[119.8502,39.9863]]]]}},{"type":"Feature","id":"jilin","properties":{"id":"jilin","name":"吉林","nameEn":"Jilin","adcode":"220000","center":[126.466,43.2978],"sourceIds":["CHN-1828"]},"geometry":{"type":"Polygon","coordinates":[[[131.2528,43.4692],[131.2809,43.3802],[131.2479,43.3442],[131.2377,43.2658],[131.1672,43.1816],[131.184,43.1208],[131.0855,43.0421],[131.0743,42.9934],[131.103,42.9104],[131.0239,42.8963],[130.9924,42.8487],[130.8562,42.8498],[130.7695,42.8658],[130.731,42.8259],[130.5865,42.8173],[130.4072,42.7354],[130.4038,42.6776],[130.5039,42.6778],[130.5719,42.6218],[130.5845,42.5689],[130.5308,42.5305],[130.5165,42.5994],[130.4842,42.61],[130.4525,42.5493],[130.4205,42.6043],[130.3248,42.6503],[130.243,42.7434],[130.2565,42.8669],[130.239,42.9022],[130.0988,42.9215],[130.1215,42.9818],[129.9813,42.9667],[129.9341,43.0084],[129.8517,42.9619],[129.8467,42.9282],[129.7613,42.746],[129.7865,42.6847],[129.7416,42.629],[129.7289,42.4759],[129.7033,42.4424],[129.5917,42.448],[129.5352,42.3696],[129.4341,42.4411],[129.3401,42.4455],[129.3038,42.3896],[129.2431,42.3787],[129.228,42.2977],[129.1834,42.2546],[129.2112,42.22],[129.1198,42.1494],[128.9638,42.0885],[128.9035,42.0263],[128.721,42.0476],[128.6825,42.0257],[128.6079,42.0302],[128.5024,41.9961],[128.3638,42.0265],[128.262,42.0329],[128.0346,41.9937],[128.04,41.8796],[128.091,41.8417],[128.1591,41.7118],[128.2509,41.6601],[128.303,41.5834],[128.1857,41.4045],[128.1461,41.3763],[128.0238,41.4115],[128.0014,41.4709],[127.8719,41.4537],[127.8489,41.4313],[127.6903,41.439],[127.6383,41.4299],[127.5588,41.4582],[127.5429,41.4913],[127.4273,41.4831],[127.2691,41.505],[127.2815,41.5311],[127.2071,41.5459],[127.1797,41.517],[127.1047,41.5374],[127.1797,41.5852],[127.0972,41.6124],[127.0455,41.668],[127.0766,41.6808],[127.0332,41.7316],[126.9461,41.7662],[126.9298,41.801],[126.7886,41.6959],[126.7125,41.7412],[126.728,41.7013],[126.6179,41.6659],[126.567,41.6142],[126.5809,41.5752],[126.5013,41.4344],[126.5221,41.3519],[126.4409,41.3484],[126.3806,41.2908],[126.2607,41.1431],[126.1474,41.0923],[126.1382,41.057],[126.0693,40.9894],[126.0153,40.9091],[125.9362,40.8774],[125.9015,40.8993],[125.822,40.8698],[125.7609,40.8857],[125.7041,40.8592],[125.688,40.8927],[125.5764,40.9126],[125.6917,41.0041],[125.7291,41.1199],[125.7664,41.1395],[125.7377,41.2452],[125.6508,41.2863],[125.6347,41.3415],[125.5634,41.4108],[125.4699,41.5746],[125.4495,41.6799],[125.3063,41.6804],[125.3282,41.7474],[125.2863,41.8259],[125.2954,41.9572],[125.4582,42.1054],[125.4805,42.1514],[125.3788,42.1799],[125.3324,42.1647],[125.284,42.2345],[125.2695,42.309],[125.1794,42.3333],[125.2087,42.4058],[125.102,42.4939],[125.0958,42.5767],[125.0189,42.6469],[124.9592,42.653],[124.9825,42.7247],[124.9421,42.8037],[124.8752,42.816],[124.8603,42.8877],[124.8884,43.0867],[124.8718,43.1178],[124.7657,43.1056],[124.6993,43.0592],[124.6312,42.9571],[124.4805,42.8513],[124.3857,42.8848],[124.4349,42.9431],[124.3697,43.0123],[124.4189,43.0819],[124.2958,43.1566],[124.2819,43.226],[124.1583,43.2583],[124.0786,43.304],[124.0064,43.3101],[123.8065,43.4542],[123.7487,43.4723],[123.7066,43.4207],[123.6963,43.3535],[123.6059,43.3651],[123.3781,43.4532],[123.3477,43.4851],[123.3614,43.5398],[123.4155,43.569],[123.4186,43.6183],[123.4942,43.5895],[123.528,43.6368],[123.5222,43.697],[123.4713,43.7617],[123.4177,43.8897],[123.3223,44.0419],[123.3591,44.0922],[123.3591,44.1513],[123.2576,44.2041],[123.1682,44.3668],[123.1165,44.4065],[123.1238,44.4944],[123.0988,44.5315],[123.0445,44.5133],[122.9553,44.4468],[122.8212,44.3941],[122.7154,44.3356],[122.6379,44.324],[122.5948,44.2911],[122.3766,44.22],[122.2779,44.2188],[122.2541,44.2459],[122.2819,44.4287],[122.0882,44.6197],[122.046,44.6949],[122.0429,44.7946],[122.0226,44.8467],[122.0381,44.9344],[122.0108,45.1183],[122.0513,45.152],[122.1918,45.201],[122.234,45.2871],[122.206,45.3634],[122.1365,45.4491],[122.0271,45.4845],[121.9639,45.5675],[121.982,45.6423],[121.9344,45.69],[121.865,45.6993],[121.7849,45.676],[121.729,45.6822],[121.6495,45.741],[121.742,45.7987],[121.8148,45.9137],[121.7737,46.0103],[121.87,46.0114],[121.996,45.9803],[122.2398,45.8135],[122.2938,45.8344],[122.3986,45.9492],[122.4712,45.8921],[122.4979,45.8254],[122.647,45.7251],[122.7084,45.715],[122.7734,45.7885],[122.7748,45.8757],[122.8006,45.9131],[122.7987,46.0893],[123.0689,46.1087],[123.1617,46.2201],[123.2583,46.2651],[123.3561,46.2352],[123.7617,46.2599],[123.866,46.2911],[123.8955,46.2692],[123.9566,46.2908],[123.9586,46.1927],[123.9845,46.163],[124.0341,46.0185],[123.973,45.9519],[124.062,45.8717],[124.0598,45.8091],[124.0219,45.7626],[124.1031,45.7097],[124.141,45.6322],[124.2236,45.6355],[124.2842,45.5455],[124.3631,45.5256],[124.3767,45.4574],[124.4558,45.4636],[124.5029,45.4232],[124.5631,45.4153],[124.5895,45.4574],[124.8725,45.4486],[124.8979,45.5273],[124.9512,45.4949],[125.0277,45.4984],[125.0438,45.4515],[125.1035,45.3953],[125.3074,45.417],[125.3748,45.3985],[125.4325,45.4772],[125.5212,45.471],[125.6038,45.5046],[125.6993,45.512],[125.7049,45.3597],[125.73,45.3176],[125.8407,45.2348],[126.1505,45.1412],[126.2429,45.1561],[126.421,45.2285],[126.5593,45.2467],[126.789,45.1493],[126.9527,45.1342],[126.9892,45.0554],[127.0766,44.934],[127.0698,44.9007],[126.9988,44.8636],[126.9783,44.8261],[127.0323,44.7306],[127.045,44.5982],[127.089,44.5897],[127.1473,44.6547],[127.1946,44.6552],[127.2711,44.6138],[127.3752,44.6488],[127.5593,44.5738],[127.5816,44.536],[127.513,44.5183],[127.4928,44.4109],[127.6176,44.2722],[127.6098,44.2201],[127.7147,44.1615],[127.7444,44.0856],[127.8496,44.0559],[128.0047,44.096],[128.0521,44.1258],[128.043,44.3407],[128.0634,44.3627],[128.1553,44.353],[128.2069,44.4405],[128.3587,44.5017],[128.4188,44.4501],[128.4507,44.3155],[128.4459,44.1539],[128.5288,44.0801],[128.5536,44.0148],[128.6315,43.9122],[128.694,43.869],[128.7474,43.8022],[128.7645,43.7091],[128.8182,43.6587],[128.8829,43.5562],[129.0149,43.5397],[129.2289,43.6084],[129.2157,43.7383],[129.2492,43.7862],[129.3622,43.8108],[129.5349,43.8703],[129.7524,43.8742],[129.7928,43.9005],[129.8021,43.9655],[129.9129,44.0216],[130.0001,43.9836],[130.0332,43.8556],[130.1036,43.8454],[130.168,43.91],[130.2802,43.9644],[130.3342,44.0478],[130.3328,43.9278],[130.3717,43.7972],[130.4134,43.7488],[130.4141,43.6692],[130.5887,43.6277],[130.7978,43.5115],[130.8372,43.4492],[130.9166,43.4505],[130.9946,43.5077],[131.0413,43.5003],[131.1037,43.4429],[131.1495,43.4361],[131.2528,43.4692]]]}},{"type":"Feature","id":"heilongjiang","properties":{"id":"heilongjiang","name":"黑龙江","nameEn":"Heilongjiang","adcode":"230000","center":[127.97,46.8451],"sourceIds":["CHN-1839"]},"geometry":{"type":"Polygon","coordinates":[[[131.2528,43.4692],[131.1495,43.4361],[131.1037,43.4429],[131.0413,43.5003],[130.9946,43.5077],[130.9166,43.4505],[130.8372,43.4492],[130.7978,43.5115],[130.5887,43.6277],[130.4141,43.6692],[130.4134,43.7488],[130.3717,43.7972],[130.3328,43.9278],[130.3342,44.0478],[130.2802,43.9644],[130.168,43.91],[130.1036,43.8454],[130.0332,43.8556],[130.0001,43.9836],[129.9129,44.0216],[129.8021,43.9655],[129.7928,43.9005],[129.7524,43.8742],[129.5349,43.8703],[129.3622,43.8108],[129.2492,43.7862],[129.2157,43.7383],[129.2289,43.6084],[129.0149,43.5397],[128.8829,43.5562],[128.8182,43.6587],[128.7645,43.7091],[128.7474,43.8022],[128.694,43.869],[128.6315,43.9122],[128.5536,44.0148],[128.5288,44.0801],[128.4459,44.1539],[128.4507,44.3155],[128.4188,44.4501],[128.3587,44.5017],[128.2069,44.4405],[128.1553,44.353],[128.0634,44.3627],[128.043,44.3407],[128.0521,44.1258],[128.0047,44.096],[127.8496,44.0559],[127.7444,44.0856],[127.7147,44.1615],[127.6098,44.2201],[127.6176,44.2722],[127.4928,44.4109],[127.513,44.5183],[127.5816,44.536],[127.5593,44.5738],[127.3752,44.6488],[127.2711,44.6138],[127.1946,44.6552],[127.1473,44.6547],[127.089,44.5897],[127.045,44.5982],[127.0323,44.7306],[126.9783,44.8261],[126.9988,44.8636],[127.0698,44.9007],[127.0766,44.934],[126.9892,45.0554],[126.9527,45.1342],[126.789,45.1493],[126.5593,45.2467],[126.421,45.2285],[126.2429,45.1561],[126.1505,45.1412],[125.8407,45.2348],[125.73,45.3176],[125.7049,45.3597],[125.6993,45.512],[125.6038,45.5046],[125.5212,45.471],[125.4325,45.4772],[125.3748,45.3985],[125.3074,45.417],[125.1035,45.3953],[125.0438,45.4515],[125.0277,45.4984],[124.9512,45.4949],[124.8979,45.5273],[124.8725,45.4486],[124.5895,45.4574],[124.5631,45.4153],[124.5029,45.4232],[124.4558,45.4636],[124.3767,45.4574],[124.3631,45.5256],[124.2842,45.5455],[124.2236,45.6355],[124.141,45.6322],[124.1031,45.7097],[124.0219,45.7626],[124.0598,45.8091],[124.062,45.8717],[123.973,45.9519],[124.0341,46.0185],[123.9845,46.163],[123.9586,46.1927],[123.9566,46.2908],[123.8955,46.2692],[123.866,46.2911],[123.7617,46.2599],[123.3561,46.2352],[123.2583,46.2651],[123.1617,46.2201],[123.0341,46.3466],[122.9889,46.4066],[123.0085,46.5196],[123.004,46.5859],[123.0358,46.6199],[123.0942,46.622],[123.2915,46.5864],[123.3973,46.5978],[123.5361,46.692],[123.6087,46.7746],[123.6133,46.8411],[123.5707,46.8733],[123.5485,46.8226],[123.4894,46.8173],[123.4685,46.8747],[123.38,46.8981],[123.3305,46.8326],[123.267,46.8173],[123.1868,46.7616],[123.0726,46.7958],[122.9962,46.8403],[122.7973,47.0337],[122.6503,47.0863],[122.574,47.1311],[122.5008,47.2375],[122.4052,47.3317],[122.4947,47.4102],[122.5654,47.5312],[122.723,47.5978],[122.7973,47.6436],[123.0954,47.7549],[123.2068,47.8138],[123.2933,47.9457],[123.4874,48.0076],[123.5776,48.0543],[123.7269,48.1911],[124.0779,48.4483],[124.234,48.5308],[124.3008,48.4919],[124.3272,48.3322],[124.3926,48.2637],[124.4256,48.1744],[124.4824,48.1116],[124.5205,48.1287],[124.5622,48.2362],[124.5595,48.3149],[124.5207,48.369],[124.5441,48.4668],[124.5381,48.5717],[124.6162,48.6676],[124.6218,48.742],[124.6982,48.8494],[124.8216,49.0609],[124.8223,49.1157],[124.8639,49.1754],[125.0312,49.1641],[125.0625,49.1368],[125.1581,49.1511],[125.2229,49.22],[125.2225,49.2855],[125.2537,49.3429],[125.24,49.3901],[125.2674,49.4385],[125.2185,49.5197],[125.24,49.5409],[125.1252,49.6566],[125.2196,49.6681],[125.2162,49.7981],[125.1909,49.8336],[125.245,49.877],[125.1866,49.9517],[125.2952,50.0145],[125.2503,50.0548],[125.3112,50.0513],[125.2644,50.1057],[125.3431,50.1647],[125.4184,50.1946],[125.4393,50.254],[125.5063,50.3141],[125.542,50.4066],[125.6467,50.4527],[125.8094,50.5622],[125.7827,50.6756],[125.8086,50.696],[125.754,50.7543],[125.824,50.7668],[125.9122,50.8363],[125.9517,50.8926],[125.9806,50.8704],[126.0563,50.9803],[125.9844,51.1042],[125.8707,51.1448],[125.8434,51.2062],[125.7195,51.2537],[125.648,51.3432],[125.5769,51.3893],[125.4866,51.5074],[125.3333,51.5827],[125.1275,51.6157],[125.0683,51.5944],[125.0606,51.5344],[124.9545,51.4892],[124.9403,51.4452],[124.8766,51.4197],[124.8206,51.3659],[124.6662,51.3353],[124.5019,51.3606],[124.4381,51.3104],[124.3508,51.2786],[124.2843,51.2833],[124.1621,51.3284],[124.0044,51.3017],[123.8663,51.3134],[123.8083,51.2906],[123.7888,51.2328],[123.6624,51.1997],[123.5696,51.2039],[123.5026,51.2598],[123.4383,51.2731],[123.2717,51.2667],[123.1789,51.3164],[123.0881,51.3125],[122.9562,51.3861],[122.8389,51.5106],[122.8355,51.5678],[122.7145,51.7017],[122.7067,51.734],[122.7613,51.8025],[122.7542,51.8475],[122.6377,52.095],[122.6449,52.1359],[122.7248,52.1566],[122.7751,52.2],[122.7307,52.2489],[122.5698,52.2658],[122.5019,52.286],[122.454,52.3491],[122.3989,52.3811],[122.3386,52.4537],[122.2077,52.4902],[122.1737,52.4796],[122.0973,52.3617],[122.0179,52.2831],[121.9111,52.2583],[121.8313,52.2694],[121.6923,52.3885],[121.4909,52.4447],[121.3255,52.532],[121.1972,52.5646],[121.1739,52.595],[121.5027,52.7747],[121.6915,52.9083],[121.8002,53.0236],[121.7654,53.095],[121.6928,53.1273],[121.6511,53.2041],[121.6072,53.2407],[121.4523,53.2882],[121.4133,53.3173],[121.5121,53.3298],[121.641,53.3849],[121.889,53.4306],[122.0816,53.4295],[122.1687,53.4691],[122.3378,53.4913],[122.4016,53.4509],[122.4712,53.4647],[122.8597,53.4739],[123.0025,53.5073],[123.1536,53.5131],[123.2526,53.5678],[123.3096,53.5675],[123.4815,53.5181],[123.4948,53.5601],[123.5419,53.5141],[123.6143,53.5633],[123.7322,53.5038],[123.8502,53.495],[123.9706,53.4552],[124.0174,53.407],[124.1218,53.3527],[124.2327,53.3817],[124.2934,53.3513],[124.3425,53.2725],[124.4082,53.2357],[124.5282,53.2103],[124.6787,53.1993],[124.7202,53.1488],[124.8014,53.1552],[124.8481,53.1137],[124.8962,53.1177],[124.8804,53.1725],[125.0194,53.2107],[125.1274,53.2065],[125.4281,53.0947],[125.5213,53.0424],[125.6214,53.0621],[125.6502,53.0234],[125.7335,52.9817],[125.6471,52.9009],[125.6687,52.878],[125.8374,52.9067],[125.8674,52.8494],[125.9769,52.765],[126.0667,52.7832],[126.1041,52.7545],[126.0351,52.7271],[126.0686,52.6799],[126.0026,52.6655],[125.9732,52.6316],[126.0092,52.5684],[126.0828,52.5934],[126.2123,52.533],[126.2003,52.4671],[126.276,52.4633],[126.3437,52.3914],[126.3157,52.3162],[126.4393,52.2753],[126.3122,52.2279],[126.3167,52.1998],[126.5312,52.1527],[126.556,52.1306],[126.5144,52.0425],[126.4474,52.0188],[126.4461,51.9825],[126.6479,51.7413],[126.7136,51.7232],[126.7237,51.6359],[126.6751,51.5884],[126.7006,51.5627],[126.8074,51.5342],[126.8003,51.419],[126.9019,51.401],[126.8975,51.362],[126.8435,51.3494],[126.809,51.2891],[126.8459,51.2515],[126.8853,51.3029],[126.9546,51.3296],[126.9812,51.3089],[126.9163,51.2328],[126.9054,51.1643],[126.9318,51.0638],[127.0323,50.9724],[127.1443,50.9035],[127.2207,50.7882],[127.2874,50.751],[127.2949,50.6664],[127.344,50.6278],[127.3648,50.5547],[127.289,50.466],[127.3585,50.4151],[127.3307,50.3282],[127.4048,50.276],[127.5784,50.2206],[127.5702,50.1302],[127.4867,50.0256],[127.534,49.9225],[127.5081,49.8223],[127.5387,49.7899],[127.6443,49.7671],[127.68,49.7392],[127.722,49.6486],[127.8309,49.5939],[127.9073,49.5802],[127.9916,49.5987],[128.0925,49.5416],[128.1983,49.539],[128.2679,49.5588],[128.3448,49.548],[128.3835,49.5794],[128.5513,49.5884],[128.6287,49.5753],[128.6662,49.6095],[128.7969,49.5725],[128.7995,49.5319],[128.7502,49.4845],[128.7866,49.4655],[128.8792,49.4797],[129.0146,49.4311],[129.0879,49.3521],[129.1939,49.3897],[129.2456,49.3859],[129.3161,49.3441],[129.3621,49.3498],[129.4034,49.4307],[129.5024,49.4108],[129.539,49.3037],[129.5718,49.2798],[129.7112,49.2742],[129.7556,49.1843],[129.8247,49.1742],[129.8415,49.1092],[129.9207,49.0819],[129.9134,49.0395],[130.2018,48.8826],[130.2493,48.8645],[130.3868,48.8963],[130.4653,48.8913],[130.4866,48.8637],[130.5649,48.8559],[130.6743,48.8708],[130.5333,48.6358],[130.5408,48.5984],[130.6077,48.5767],[130.6393,48.4772],[130.7443,48.4973],[130.7383,48.4298],[130.7796,48.3564],[130.8221,48.3338],[130.8194,48.2819],[130.7528,48.1896],[130.6634,48.1164],[130.6824,48.0504],[130.907,47.8843],[130.9417,47.8206],[130.9418,47.718],[131.0234,47.6823],[131.1292,47.6812],[131.2101,47.7092],[131.4184,47.7426],[131.475,47.7345],[131.5774,47.6686],[131.6836,47.6946],[131.8943,47.67],[132.0254,47.6979],[132.1617,47.69],[132.2508,47.7254],[132.3324,47.7365],[132.5247,47.7075],[132.5804,47.748],[132.5736,47.7822],[132.6588,47.8698],[132.6746,47.9506],[132.8207,47.9424],[132.9408,48.0267],[133.0247,48.0524],[133.092,48.1068],[133.1852,48.1248],[133.3237,48.1001],[133.4637,48.0895],[133.5599,48.1133],[133.6055,48.1716],[133.6855,48.2021],[133.7213,48.2448],[133.9824,48.2852],[134.0572,48.3272],[134.2062,48.3597],[134.3863,48.3813],[134.4531,48.3442],[134.5426,48.3573],[134.6113,48.2854],[134.7009,48.2615],[134.683,48.1355],[134.5672,48.0404],[134.5991,47.9107],[134.6458,47.8963],[134.6965,47.7951],[134.7698,47.741],[134.7726,47.7107],[134.6929,47.6489],[134.6827,47.5878],[134.4846,47.4302],[134.415,47.4392],[134.2928,47.4097],[134.2451,47.3551],[134.1836,47.3275],[134.1541,47.2579],[134.1972,47.2053],[134.2273,47.1177],[134.1971,47.0852],[134.1242,47.0705],[134.0692,46.9812],[134.0628,46.9069],[134.0205,46.834],[134.0447,46.772],[133.988,46.6252],[133.9025,46.5736],[133.8493,46.4803],[133.8544,46.4447],[133.9215,46.4101],[133.926,46.3713],[133.8634,46.3393],[133.9025,46.259],[133.8366,46.2004],[133.7935,46.2143],[133.741,46.159],[133.6874,46.1418],[133.7193,46.0793],[133.6581,45.9345],[133.6101,45.9298],[133.5859,45.8763],[133.5144,45.8793],[133.4773,45.8201],[133.5114,45.7786],[133.443,45.7097],[133.4915,45.6734],[133.4252,45.5804],[133.2021,45.5113],[133.1402,45.4354],[133.0975,45.2435],[133.1272,45.1554],[133.1154,45.123],[132.9534,45.0244],[132.8398,45.0592],[131.9697,45.2338],[131.9004,45.2729],[131.8707,45.3263],[131.818,45.3328],[131.7232,45.2153],[131.6278,45.1985],[131.6052,45.1646],[131.6091,45.0897],[131.4195,44.959],[131.3295,44.9676],[131.259,44.9282],[131.158,44.9017],[131.0516,44.909],[131.0083,44.8563],[130.9334,44.8417],[130.9716,44.7756],[131.0214,44.7469],[131.0658,44.682],[131.2645,44.0542],[131.2178,44.0161],[131.2173,43.9085],[131.1703,43.7811],[131.192,43.5886],[131.1669,43.5211],[131.2528,43.4692]]]}},{"type":"Feature","id":"shanghai","properties":{"id":"shanghai","name":"上海","nameEn":"Shanghai","adcode":"310000","center":[121.409,31.0909],"sourceIds":["CHN-1819"]},"geometry":{"type":"MultiPolygon","coordinates":[[[[121.2748,30.6912],[121.2561,30.7441],[121.1975,30.7863],[121.1337,30.7957],[121.1044,30.8343],[121.0311,30.8094],[120.981,30.832],[120.9929,30.9318],[120.9692,31.0095],[120.9093,31.0117],[120.8652,31.1357],[120.9582,31.135],[121.063,31.1537],[121.0613,31.2666],[121.1263,31.277],[121.1356,31.3744],[121.1868,31.4575],[121.236,31.4808],[121.3409,31.491],[121.5462,31.3661],[121.7252,31.2816],[121.877,31.0991],[121.9508,30.9821],[121.9774,30.9149],[121.9601,30.8743],[121.9074,30.8571],[121.6311,30.8366],[121.4106,30.7674],[121.3335,30.7031],[121.2748,30.6912]]],[[[121.8678,31.3662],[121.8511,31.2939],[121.7942,31.3688],[121.8678,31.3662]]],[[[121.7822,31.3418],[121.7664,31.3206],[121.5988,31.4291],[121.6182,31.4438],[121.7256,31.4027],[121.7822,31.3418]]],[[[121.9801,31.5403],[121.9779,31.4778],[121.8514,31.4392],[121.6846,31.5068],[121.5715,31.5294],[121.5175,31.5684],[121.3145,31.6556],[121.2859,31.704],[121.1763,31.7843],[121.2641,31.8411],[121.3861,31.8117],[121.4753,31.7708],[121.6632,31.6524],[121.8441,31.6079],[121.9801,31.5403]]]]}},{"type":"Feature","id":"jiangsu","properties":{"id":"jiangsu","name":"江苏","nameEn":"Jiangsu","adcode":"320000","center":[119.942,32.9844],"sourceIds":["CHN-1818"]},"geometry":{"type":"MultiPolygon","coordinates":[[[[119.9014,32.0825],[119.792,32.1218],[119.8193,32.2038],[119.7498,32.228],[119.7162,32.2726],[119.7853,32.2917],[119.8329,32.2521],[119.9014,32.0825]]],[[[121.3409,31.491],[121.236,31.4808],[121.1868,31.4575],[121.1356,31.3744],[121.1263,31.277],[121.0613,31.2666],[121.063,31.1537],[120.9582,31.135],[120.8652,31.1357],[120.9093,31.0117],[120.6921,30.9766],[120.7095,30.8911],[120.5779,30.8458],[120.491,30.7637],[120.4469,30.8897],[120.377,30.8912],[120.3617,30.9388],[120.2134,30.9205],[120.1286,30.9432],[119.9431,31.0866],[119.9319,31.15],[119.8803,31.1696],[119.7888,31.1602],[119.7401,31.1765],[119.6531,31.1591],[119.6298,31.1329],[119.4931,31.151],[119.3628,31.1924],[119.3489,31.2858],[119.2361,31.2649],[119.1629,31.2874],[119.0747,31.2388],[118.8161,31.2263],[118.7557,31.2808],[118.751,31.358],[118.8272,31.3975],[118.8809,31.5224],[118.8605,31.6274],[118.7999,31.6281],[118.7655,31.6716],[118.736,31.6392],[118.6679,31.6542],[118.6844,31.7009],[118.5687,31.7356],[118.4769,31.7902],[118.4811,31.8587],[118.352,31.9467],[118.4028,32.0032],[118.3831,32.054],[118.4991,32.1377],[118.5144,32.1998],[118.6504,32.2379],[118.6841,32.3392],[118.6679,32.4532],[118.6118,32.4777],[118.5518,32.5744],[118.7587,32.6127],[118.8472,32.5876],[118.8913,32.5957],[118.9725,32.5171],[119.034,32.4994],[119.0805,32.4461],[119.1388,32.5001],[119.1994,32.5937],[119.1904,32.7112],[119.1544,32.7713],[119.1565,32.8183],[119.1095,32.8339],[119.0089,32.9095],[118.993,32.962],[118.8574,32.9723],[118.8127,32.9251],[118.7977,32.8651],[118.7482,32.8385],[118.7454,32.7572],[118.7202,32.7321],[118.625,32.7449],[118.5764,32.7267],[118.4308,32.7403],[118.3991,32.7309],[118.2997,32.7774],[118.2877,32.838],[118.239,32.9237],[118.2989,32.9631],[118.2484,33.0134],[118.2165,33.1172],[118.218,33.1799],[118.1698,33.2132],[118.1564,33.1814],[118.0807,33.1496],[117.9964,33.1678],[117.9319,33.2351],[117.9831,33.2995],[117.9925,33.3489],[118.0633,33.489],[118.1128,33.4795],[118.1215,33.6113],[118.1767,33.6926],[118.1237,33.766],[117.9655,33.7516],[117.9255,33.734],[117.7269,33.7279],[117.7476,33.7764],[117.7456,33.8823],[117.6875,33.8876],[117.6239,34.0083],[117.5724,33.9905],[117.5035,34.0498],[117.3917,34.0313],[117.3213,34.0789],[117.2293,34.0741],[117.1594,34.0912],[117.0339,34.1555],[117.0195,34.2376],[116.9695,34.2754],[116.9802,34.3454],[116.9495,34.3893],[116.8023,34.4001],[116.7695,34.4518],[116.6249,34.485],[116.4199,34.6426],[116.3772,34.6395],[116.4104,34.7365],[116.4202,34.8343],[116.47,34.8983],[116.6319,34.9379],[116.7247,34.9291],[116.8276,34.9583],[116.9414,34.8796],[116.9933,34.774],[117.0606,34.7095],[117.1404,34.5643],[117.1447,34.5016],[117.1818,34.4501],[117.2355,34.4613],[117.2375,34.5175],[117.2739,34.5637],[117.337,34.5886],[117.469,34.4753],[117.5907,34.4716],[117.6532,34.5261],[117.7733,34.5265],[117.7901,34.6512],[117.9147,34.677],[118.0504,34.6515],[118.0942,34.571],[118.1504,34.5475],[118.1324,34.4843],[118.1654,34.3992],[118.3428,34.4186],[118.391,34.4437],[118.4195,34.504],[118.4227,34.5785],[118.4772,34.6892],[118.5964,34.7075],[118.6807,34.6839],[118.7594,34.7486],[118.7767,34.8336],[118.8423,34.9346],[118.8668,35.0363],[118.954,35.0508],[119.0763,35.0498],[119.1756,35.1059],[119.2287,35.1126],[119.2803,35.0766],[119.2212,35.064],[119.1929,35.0004],[119.2034,34.9316],[119.1887,34.8563],[119.1922,34.7182],[119.2418,34.7617],[119.2914,34.7535],[119.3467,34.7808],[119.4422,34.746],[119.4566,34.6846],[119.5317,34.6157],[119.641,34.5505],[119.8262,34.4704],[119.94,34.4579],[120.1182,34.3596],[120.2571,34.3118],[120.2742,34.2445],[120.3713,34.036],[120.408,33.9168],[120.4071,33.8598],[120.4497,33.7864],[120.4983,33.7533],[120.5117,33.6567],[120.4837,33.65],[120.6278,33.478],[120.662,33.338],[120.7503,33.2696],[120.7302,33.2049],[120.807,33.1378],[120.8338,33.0256],[120.8958,33.0136],[120.8887,32.9627],[120.9078,32.8439],[120.8524,32.756],[120.8639,32.6711],[120.9112,32.6301],[121.1202,32.5074],[121.3541,32.4148],[121.3894,32.3849],[121.4193,32.2503],[121.3667,32.239],[121.4434,32.1143],[121.5542,32.1025],[121.6554,32.0629],[121.8219,31.9525],[121.875,31.8637],[121.8747,31.8259],[121.9221,31.7544],[121.9148,31.7064],[121.8173,31.6909],[121.6756,31.7236],[121.5174,31.7834],[121.4949,31.8065],[121.2864,31.8906],[121.1151,31.7963],[121.0399,31.8193],[120.9778,31.8144],[120.9448,31.8846],[120.8108,32.0226],[120.6344,32.077],[120.4908,32.0825],[120.3616,32.0256],[120.2671,31.9487],[120.1314,31.9432],[120.0523,31.9709],[119.992,32.0159],[119.9085,32.1389],[119.8743,32.2651],[119.8184,32.3137],[119.6924,32.3198],[119.6453,32.1952],[119.6904,32.2353],[119.7886,32.1986],[119.7638,32.1625],[119.7849,32.1143],[119.8556,32.087],[120.0064,31.9503],[120.131,31.9123],[120.23,31.9089],[120.3412,31.9563],[120.4558,31.9825],[120.4554,32.0214],[120.6043,31.9914],[120.69,31.9982],[120.7504,31.9783],[120.8248,31.8287],[120.7484,31.8022],[121.0138,31.743],[121.1444,31.6847],[121.2447,31.6004],[121.3409,31.491]]]]}},{"type":"Feature","id":"zhejiang","properties":{"id":"zhejiang","name":"浙江","nameEn":"Zhejiang","adcode":"330000","center":[119.97,29.1084],"sourceIds":["CHN-1820"]},"geometry":{"type":"MultiPolygon","coordinates":[[[[121.1034,27.4519],[121.0461,27.4652],[121.074,27.4795],[121.1034,27.4519]]],[[[121.1712,27.8188],[121.098,27.8178],[121.1885,27.8637],[121.1712,27.8188]]],[[[121.1113,27.9838],[121.1392,27.957],[121.0402,27.958],[121.1113,27.9838]]],[[[121.1516,28.0412],[121.1204,28.1357],[121.1653,28.1505],[121.2306,28.2197],[121.2689,28.1939],[121.2555,28.14],[121.2854,28.1019],[121.1516,28.0412]]],[[[121.8682,29.1474],[121.9432,29.1611],[121.9583,29.1019],[121.9353,29.0629],[121.8682,29.1474]]],[[[121.8421,29.095],[121.7858,29.1197],[121.8439,29.1419],[121.8421,29.095]]],[[[120.4192,27.2064],[120.4165,27.2086],[120.4058,27.2969],[120.344,27.3796],[120.2489,27.4102],[120.1477,27.4002],[120.0644,27.3436],[119.9787,27.3579],[119.9307,27.3248],[119.7701,27.3159],[119.6934,27.411],[119.6866,27.5113],[119.6479,27.5861],[119.6104,27.61],[119.6158,27.6656],[119.5514,27.6746],[119.5117,27.6367],[119.4673,27.5253],[119.3904,27.5126],[119.2656,27.4241],[119.1858,27.4199],[119.1169,27.4611],[119.0053,27.4801],[118.9191,27.4768],[118.8851,27.5012],[118.9227,27.55],[118.8822,27.6728],[118.8895,27.7222],[118.841,27.8157],[118.8198,27.9099],[118.7481,27.9732],[118.7532,28.1009],[118.7843,28.1298],[118.7664,28.1906],[118.7961,28.2399],[118.7352,28.326],[118.678,28.2919],[118.5925,28.2992],[118.4989,28.2624],[118.4464,28.2887],[118.4763,28.3322],[118.4579,28.5174],[118.4159,28.604],[118.4255,28.6952],[118.3717,28.7986],[118.3029,28.8358],[118.229,28.9545],[118.1288,29.0245],[118.0639,29.0506],[118.0008,29.1439],[118.0467,29.2099],[118.052,29.2753],[118.1324,29.2979],[118.1726,29.342],[118.1747,29.4079],[118.3105,29.4469],[118.3133,29.4875],[118.3732,29.4528],[118.4696,29.5239],[118.5569,29.6252],[118.6481,29.6583],[118.7237,29.7302],[118.7413,29.8284],[118.8201,29.88],[118.894,29.9826],[118.8527,30.1593],[118.9095,30.2222],[118.8811,30.3244],[118.9347,30.3521],[119.0575,30.3119],[119.2473,30.3046],[119.3311,30.3724],[119.3924,30.3684],[119.3208,30.5182],[119.2415,30.5508],[119.2723,30.6083],[119.3835,30.6853],[119.4431,30.6392],[119.5005,30.7694],[119.575,30.8471],[119.6207,31.0492],[119.6298,31.1329],[119.6531,31.1591],[119.7401,31.1765],[119.7888,31.1602],[119.8803,31.1696],[119.9319,31.15],[119.9431,31.0866],[120.1286,30.9432],[120.2134,30.9205],[120.3617,30.9388],[120.377,30.8912],[120.4469,30.8897],[120.491,30.7637],[120.5779,30.8458],[120.7095,30.8911],[120.6921,30.9766],[120.9093,31.0117],[120.9692,31.0095],[120.9929,30.9318],[120.981,30.832],[121.0311,30.8094],[121.1044,30.8343],[121.1337,30.7957],[121.1975,30.7863],[121.2561,30.7441],[121.2748,30.6912],[121.2219,30.675],[121.1309,30.5998],[121.0474,30.5828],[120.9778,30.5433],[120.9288,30.4531],[120.9395,30.4219],[120.8318,30.3053],[120.7874,30.2936],[120.6981,30.394],[120.6192,30.4061],[120.4303,30.3898],[120.379,30.2735],[120.2852,30.2988],[120.2398,30.2889],[120.179,30.2007],[120.25,30.2701],[120.2955,30.2787],[120.3847,30.2496],[120.4505,30.3689],[120.5249,30.3779],[120.6517,30.3593],[120.6849,30.2718],[120.7344,30.2322],[120.6301,30.135],[120.6463,30.1269],[120.7514,30.2256],[120.8928,30.1698],[120.9944,30.2111],[121.1091,30.2828],[121.1497,30.3258],[121.2541,30.3484],[121.3774,30.3251],[121.5068,30.22],[121.6233,30.0599],[121.6778,30.0006],[121.9149,29.9187],[121.9356,29.8874],[122.1364,29.8845],[121.983,29.8232],[121.8624,29.708],[121.7765,29.6526],[121.7041,29.572],[121.5925,29.5436],[121.5308,29.51],[121.5168,29.5461],[121.4434,29.5242],[121.4426,29.4154],[121.4797,29.4748],[121.5089,29.3983],[121.5696,29.4746],[121.7246,29.5385],[121.764,29.5308],[121.7784,29.4694],[121.8448,29.5362],[121.745,29.5447],[121.7961,29.6006],[121.9158,29.6409],[121.9663,29.6025],[121.9498,29.5385],[121.9104,29.5246],[121.971,29.4491],[121.9157,29.3907],[121.9314,29.3239],[121.9059,29.2846],[121.9532,29.2497],[121.943,29.1959],[121.8406,29.1611],[121.7853,29.1681],[121.7997,29.374],[121.7586,29.3598],[121.7779,29.2964],[121.7457,29.2016],[121.6525,29.183],[121.6546,29.3],[121.6248,29.3015],[121.6323,29.2106],[121.5887,29.2915],[121.5259,29.2778],[121.5305,29.2382],[121.491,29.176],[121.4085,29.1611],[121.4564,29.1406],[121.4017,29.1065],[121.6214,29.1133],[121.6148,29.0581],[121.6898,29.0171],[121.6594,28.9727],[121.7178,28.9488],[121.6842,28.9147],[121.6053,28.9426],[121.4978,28.9497],[121.5118,28.9169],[121.6267,28.8808],[121.6235,28.8423],[121.6699,28.8253],[121.6056,28.7247],[121.5028,28.7004],[121.3512,28.7119],[121.2903,28.7516],[121.2987,28.7012],[121.2584,28.6751],[121.365,28.696],[121.4548,28.6895],[121.5101,28.6571],[121.5384,28.5714],[121.5816,28.5047],[121.5116,28.4895],[121.6077,28.4772],[121.5838,28.4429],[121.6563,28.3393],[121.5855,28.2568],[121.5806,28.3008],[121.4731,28.3306],[121.3955,28.2841],[121.4081,28.2463],[121.3648,28.2258],[121.3682,28.162],[121.3301,28.1475],[121.2617,28.2258],[121.1841,28.3821],[121.1218,28.2844],[121.1195,28.2189],[121.0858,28.1665],[121.0094,28.1031],[120.9652,27.9871],[120.8196,27.9892],[120.731,28.0358],[120.589,28.0267],[120.7073,28.0097],[120.7506,27.9756],[120.8353,27.956],[120.8638,27.9181],[120.8523,27.8582],[120.8075,27.8348],[120.741,27.7332],[120.7043,27.7128],[120.6353,27.7633],[120.6802,27.6864],[120.6665,27.6254],[120.5966,27.5703],[120.6185,27.5164],[120.6769,27.4946],[120.6353,27.3797],[120.5459,27.4033],[120.5049,27.3388],[120.5475,27.3276],[120.5178,27.263],[120.5178,27.2016],[120.4684,27.1822],[120.4192,27.2064]]],[[[121.9741,29.8998],[121.9336,29.9213],[121.9665,29.9517],[121.9741,29.8998]]],[[[121.9092,30.045],[121.8897,29.984],[121.8274,30.0042],[121.8477,30.0832],[121.9092,30.045]]],[[[122.1275,29.669],[122.0928,29.7258],[122.0365,29.7175],[122.0682,29.7795],[122.1148,29.7885],[122.1869,29.6734],[122.1275,29.669]]],[[[122.2317,29.8362],[122.312,29.829],[122.3147,29.7837],[122.2317,29.8362]]],[[[122.322,29.9484],[122.4067,29.9527],[122.3828,29.8647],[122.322,29.9484]]],[[[122.2936,29.9338],[122.1847,29.9945],[122.0653,30.0159],[122.0105,30.0003],[121.9719,30.0677],[121.9746,30.148],[122.0874,30.1475],[122.1736,30.1022],[122.2896,30.0673],[122.3225,30.0319],[122.2936,29.9338]]],[[[122.2776,30.2355],[122.324,30.2722],[122.375,30.2622],[122.2776,30.2355]]],[[[122.2023,30.2419],[122.0736,30.2914],[122.2114,30.3466],[122.2388,30.3131],[122.2023,30.2419]]],[[[122.348,30.436],[122.2854,30.4221],[122.2766,30.4798],[122.3374,30.4585],[122.3692,30.477],[122.4231,30.4149],[122.348,30.436]]],[[[122.4273,30.7039],[122.4408,30.741],[122.5311,30.7044],[122.4273,30.7039]]]]}},{"type":"Feature","id":"anhui","properties":{"id":"anhui","name":"安徽","nameEn":"Anhui","adcode":"340000","center":[117.253,31.9537],"sourceIds":["CHN-1179"]},"geometry":{"type":"Polygon","coordinates":[[[119.6298,31.1329],[119.6207,31.0492],[119.575,30.8471],[119.5005,30.7694],[119.4431,30.6392],[119.3835,30.6853],[119.2723,30.6083],[119.2415,30.5508],[119.3208,30.5182],[119.3924,30.3684],[119.3311,30.3724],[119.2473,30.3046],[119.0575,30.3119],[118.9347,30.3521],[118.8811,30.3244],[118.9095,30.2222],[118.8527,30.1593],[118.894,29.9826],[118.8201,29.88],[118.7413,29.8284],[118.7237,29.7302],[118.6481,29.6583],[118.5569,29.6252],[118.4696,29.5239],[118.3732,29.4528],[118.3133,29.4875],[118.3105,29.4469],[118.1747,29.4079],[118.1196,29.4468],[118.1134,29.5187],[117.9859,29.572],[117.8986,29.549],[117.8192,29.5684],[117.7077,29.5556],[117.6492,29.6059],[117.5274,29.6224],[117.4022,29.7731],[117.4063,29.8312],[117.2285,29.8473],[117.2327,29.8936],[117.1924,29.9265],[117.1252,29.9106],[117.0671,29.8406],[117.1067,29.7864],[117.0791,29.7102],[116.9551,29.6539],[116.8883,29.5605],[116.833,29.5438],[116.7879,29.568],[116.7247,29.5528],[116.6485,29.6274],[116.675,29.708],[116.7498,29.7563],[116.7979,29.7559],[116.8637,29.8507],[116.8868,29.9204],[116.7914,30.022],[116.7017,30.0565],[116.6505,30.0507],[116.5754,29.9909],[116.5273,29.9068],[116.4925,29.8847],[116.3895,29.8761],[116.2362,29.7813],[116.1473,29.7888],[116.1256,29.9047],[116.0781,29.9687],[116.0809,30.0468],[116.0405,30.2214],[115.9594,30.2977],[115.912,30.3156],[115.8768,30.3898],[115.946,30.4459],[115.9466,30.4883],[115.8805,30.5784],[115.8331,30.594],[115.7678,30.6882],[115.7753,30.7548],[115.8622,30.7848],[115.8586,30.861],[115.9429,30.907],[116.036,30.9889],[116.0354,31.0309],[115.9464,31.034],[115.8769,31.1294],[115.7684,31.1436],[115.6687,31.2172],[115.6281,31.2208],[115.5956,31.1617],[115.55,31.1827],[115.4366,31.3262],[115.3804,31.3505],[115.374,31.4175],[115.3897,31.5117],[115.5315,31.7364],[115.6629,31.784],[115.7604,31.7968],[115.9013,31.7945],[115.9009,31.8861],[115.9281,32.0246],[115.9148,32.25],[115.8885,32.3939],[115.8607,32.432],[115.8709,32.5324],[115.8435,32.5426],[115.7901,32.4707],[115.6938,32.4918],[115.6466,32.4024],[115.5648,32.4024],[115.4985,32.4476],[115.4569,32.5074],[115.3667,32.5595],[115.1993,32.5915],[115.2102,32.6569],[115.1802,32.7145],[115.1964,32.7975],[115.1847,32.8591],[115.1304,32.8924],[114.9252,32.9582],[114.8798,32.9934],[114.8866,33.0834],[114.9692,33.1237],[115.0189,33.0939],[115.1428,33.0843],[115.2858,33.1482],[115.3006,33.2098],[115.3453,33.2506],[115.3408,33.3342],[115.3157,33.374],[115.3464,33.453],[115.3421,33.5007],[115.4004,33.5002],[115.4426,33.5481],[115.5922,33.5685],[115.6347,33.5918],[115.5735,33.7502],[115.6242,33.7723],[115.6299,33.8388],[115.5742,33.8574],[115.5614,33.8981],[115.5862,33.9796],[115.6536,34.0484],[115.733,34.0656],[115.8411,34.0069],[115.9614,34.0001],[115.9707,33.9048],[116.0293,33.8607],[116.0796,33.7784],[116.1469,33.7203],[116.182,33.7183],[116.4207,33.7908],[116.4453,33.845],[116.5912,33.9127],[116.6271,33.9018],[116.6412,33.9532],[116.5429,34.1209],[116.5751,34.1921],[116.5521,34.2868],[116.401,34.275],[116.2033,34.4022],[116.1567,34.4473],[116.1513,34.5667],[116.2669,34.5767],[116.3772,34.6395],[116.4199,34.6426],[116.6249,34.485],[116.7695,34.4518],[116.8023,34.4001],[116.9495,34.3893],[116.9802,34.3454],[116.9695,34.2754],[117.0195,34.2376],[117.0339,34.1555],[117.1594,34.0912],[117.2293,34.0741],[117.3213,34.0789],[117.3917,34.0313],[117.5035,34.0498],[117.5724,33.9905],[117.6239,34.0083],[117.6875,33.8876],[117.7456,33.8823],[117.7476,33.7764],[117.7269,33.7279],[117.9255,33.734],[117.9655,33.7516],[118.1237,33.766],[118.1767,33.6926],[118.1215,33.6113],[118.1128,33.4795],[118.0633,33.489],[117.9925,33.3489],[117.9831,33.2995],[117.9319,33.2351],[117.9964,33.1678],[118.0807,33.1496],[118.1564,33.1814],[118.1698,33.2132],[118.218,33.1799],[118.2165,33.1172],[118.2484,33.0134],[118.2989,32.9631],[118.239,32.9237],[118.2877,32.838],[118.2997,32.7774],[118.3991,32.7309],[118.4308,32.7403],[118.5764,32.7267],[118.625,32.7449],[118.7202,32.7321],[118.7454,32.7572],[118.7482,32.8385],[118.7977,32.8651],[118.8127,32.9251],[118.8574,32.9723],[118.993,32.962],[119.0089,32.9095],[119.1095,32.8339],[119.1565,32.8183],[119.1544,32.7713],[119.1904,32.7112],[119.1994,32.5937],[119.1388,32.5001],[119.0805,32.4461],[119.034,32.4994],[118.9725,32.5171],[118.8913,32.5957],[118.8472,32.5876],[118.7587,32.6127],[118.5518,32.5744],[118.6118,32.4777],[118.6679,32.4532],[118.6841,32.3392],[118.6504,32.2379],[118.5144,32.1998],[118.4991,32.1377],[118.3831,32.054],[118.4028,32.0032],[118.352,31.9467],[118.4811,31.8587],[118.4769,31.7902],[118.5687,31.7356],[118.6844,31.7009],[118.6679,31.6542],[118.736,31.6392],[118.7655,31.6716],[118.7999,31.6281],[118.8605,31.6274],[118.8809,31.5224],[118.8272,31.3975],[118.751,31.358],[118.7557,31.2808],[118.8161,31.2263],[119.0747,31.2388],[119.1629,31.2874],[119.2361,31.2649],[119.3489,31.2858],[119.3628,31.1924],[119.4931,31.151],[119.6298,31.1329]]]}},{"type":"Feature","id":"fujian","properties":{"id":"fujian","name":"福建","nameEn":"Fujian","adcode":"350000","center":[118.178,26.408],"sourceIds":["CHN-1178"]},"geometry":{"type":"MultiPolygon","coordinates":[[[[117.4798,23.6627],[117.4211,23.6465],[117.4316,23.5826],[117.3205,23.574],[117.3937,23.6792],[117.3425,23.6997],[117.3727,23.7667],[117.5267,23.7401],[117.4798,23.6627]]],[[[118.1814,24.5351],[118.1538,24.4371],[118.072,24.4675],[118.0925,24.5562],[118.1814,24.5351]]],[[[119.5422,25.1654],[119.4612,25.2033],[119.4704,25.2522],[119.5422,25.1654]]],[[[119.335,25.438],[119.2969,25.4229],[119.2815,25.4829],[119.3317,25.5713],[119.3521,25.5522],[119.335,25.438]]],[[[119.7988,25.5158],[119.8465,25.4612],[119.7946,25.463],[119.7573,25.4049],[119.693,25.4376],[119.71,25.4879],[119.7783,25.522],[119.7162,25.5363],[119.7305,25.581],[119.6987,25.6126],[119.7817,25.6592],[119.792,25.6046],[119.8745,25.5568],[119.7988,25.5158]]],[[[117.1746,23.6163],[117.0365,23.7383],[116.9248,24.0776],[116.9677,24.1851],[116.8824,24.394],[116.824,24.4809],[116.7486,24.5515],[116.7678,24.6669],[116.6599,24.6696],[116.5296,24.6154],[116.3721,24.8413],[116.2747,24.8074],[116.2563,24.8398],[116.1147,24.8461],[116.0357,24.8936],[115.8875,24.9168],[115.8752,25.071],[115.8428,25.1947],[115.908,25.2383],[115.9787,25.3508],[116.0002,25.4972],[116.0445,25.5746],[116.0276,25.6364],[116.1237,25.7642],[116.1611,25.7804],[116.1352,25.8663],[116.1802,25.9072],[116.3232,25.9551],[116.3973,26.0615],[116.4193,26.1529],[116.399,26.2875],[116.5217,26.4125],[116.5945,26.3951],[116.6195,26.4921],[116.5423,26.5628],[116.505,26.6893],[116.5318,26.7616],[116.5453,26.8679],[116.6697,26.9869],[116.8786,27.0259],[116.9234,27.021],[117.0401,27.1095],[117.0766,27.1885],[117.1538,27.2764],[117.1303,27.3436],[117.1011,27.3467],[117.1247,27.4299],[117.1042,27.4917],[117.1123,27.5676],[117.2251,27.7234],[117.2871,27.7726],[117.2842,27.857],[117.3497,27.866],[117.5089,27.9708],[117.5444,27.9667],[117.6053,27.8662],[117.7456,27.8133],[117.7851,27.8479],[117.8234,27.9373],[117.9465,27.9732],[118.0613,27.979],[118.1307,28.0405],[118.1952,28.0445],[118.3678,28.0997],[118.3788,28.1847],[118.3489,28.2198],[118.4464,28.2887],[118.4989,28.2624],[118.5925,28.2992],[118.678,28.2919],[118.7352,28.326],[118.7961,28.2399],[118.7664,28.1906],[118.7843,28.1298],[118.7532,28.1009],[118.7481,27.9732],[118.8198,27.9099],[118.841,27.8157],[118.8895,27.7222],[118.8822,27.6728],[118.9227,27.55],[118.8851,27.5012],[118.9191,27.4768],[119.0053,27.4801],[119.1169,27.4611],[119.1858,27.4199],[119.2656,27.4241],[119.3904,27.5126],[119.4673,27.5253],[119.5117,27.6367],[119.5514,27.6746],[119.6158,27.6656],[119.6104,27.61],[119.6479,27.5861],[119.6866,27.5113],[119.6934,27.411],[119.7701,27.3159],[119.9307,27.3248],[119.9787,27.3579],[120.0644,27.3436],[120.1477,27.4002],[120.2489,27.4102],[120.344,27.3796],[120.4058,27.2969],[120.4165,27.2086],[120.4192,27.2064],[120.3762,27.2363],[120.2881,27.2645],[120.3119,27.3177],[120.2257,27.2686],[120.1958,27.2978],[120.1775,27.2215],[120.2566,27.2569],[120.3064,27.2153],[120.3473,27.2426],[120.3699,27.1875],[120.4217,27.1531],[120.3579,27.0984],[120.2437,27.1327],[120.2783,27.0638],[120.2163,27.0371],[120.2552,26.9971],[120.1487,26.9819],[120.2357,26.9664],[120.2191,26.9154],[120.1257,26.9273],[120.0252,26.8602],[120.0476,26.8232],[120.1282,26.7969],[120.0977,26.7585],[120.1428,26.7328],[120.1077,26.7013],[120.1207,26.6461],[120.0149,26.6113],[119.96,26.6113],[119.8843,26.5232],[119.8357,26.5314],[119.8685,26.6101],[119.9841,26.6535],[120.0115,26.7212],[120.0776,26.7856],[119.9251,26.7922],[119.9356,26.759],[119.8569,26.6535],[119.8292,26.715],[119.7918,26.6877],[119.7918,26.79],[119.8463,26.8522],[119.7983,26.8414],[119.7562,26.7377],[119.712,26.8079],[119.6751,26.7764],[119.7274,26.7179],[119.6961,26.7082],[119.606,26.7969],[119.5521,26.7491],[119.596,26.7033],[119.5999,26.6461],[119.5411,26.6563],[119.5999,26.5704],[119.6751,26.6188],[119.7849,26.5778],[119.7617,26.5507],[119.8189,26.4532],[119.762,26.4075],[119.6537,26.498],[119.5796,26.4709],[119.5731,26.4378],[119.6543,26.429],[119.6555,26.3556],[119.6819,26.3171],[119.7471,26.3276],[119.8258,26.4269],[119.8801,26.3631],[119.95,26.3649],[119.8775,26.3134],[119.6736,26.2805],[119.6682,26.242],[119.5918,26.1664],[119.4585,25.9825],[119.3269,26.048],[119.2771,26.0529],[119.2158,26.1001],[119.0935,26.1396],[119.1952,26.0876],[119.2468,25.9672],[119.3467,25.9404],[119.49,25.9942],[119.5042,26.036],[119.5664,26.0502],[119.7024,25.9851],[119.6751,25.9261],[119.6165,25.8926],[119.583,25.8202],[119.6209,25.7603],[119.5799,25.68],[119.5354,25.7059],[119.4491,25.6872],[119.481,25.5805],[119.5584,25.5638],[119.5999,25.5084],[119.5726,25.4879],[119.628,25.4614],[119.646,25.3926],[119.5999,25.3712],[119.5763,25.4628],[119.5386,25.4612],[119.5444,25.3772],[119.4832,25.3712],[119.5049,25.4749],[119.4331,25.4595],[119.4491,25.5053],[119.366,25.5207],[119.3563,25.6],[119.2778,25.5705],[119.2378,25.4818],[119.1025,25.4203],[119.1732,25.3251],[119.2034,25.3581],[119.2232,25.3166],[119.2778,25.3302],[119.3442,25.2424],[119.2813,25.2414],[119.2888,25.1891],[119.1756,25.1765],[119.142,25.221],[119.1018,25.1966],[119.1338,25.1247],[119.034,25.1587],[119.0574,25.225],[118.9693,25.2264],[119.0249,25.2593],[118.9837,25.283],[118.8648,25.228],[118.9153,25.1794],[118.9631,25.1937],[118.9473,25.1132],[118.8577,25.098],[118.8779,25.0407],[118.98,25.0118],[118.9973,24.9534],[118.9116,24.9534],[118.9099,24.9072],[118.9762,24.8778],[118.8667,24.891],[118.7161,24.8436],[118.7297,24.8852],[118.6677,24.9534],[118.6512,24.8669],[118.572,24.8852],[118.6199,24.8436],[118.638,24.7721],[118.6975,24.8017],[118.7639,24.7517],[118.6854,24.6665],[118.6541,24.6934],[118.6336,24.6279],[118.6466,24.5684],[118.554,24.5181],[118.5711,24.569],[118.4281,24.6313],[118.4312,24.6997],[118.4009,24.6723],[118.4219,24.6245],[118.3517,24.5823],[118.284,24.5978],[118.219,24.5414],[118.1812,24.5761],[118.2158,24.604],[118.1743,24.6245],[118.1605,24.6934],[118.1104,24.5841],[118.0444,24.6177],[118.0448,24.576],[117.9749,24.5527],[118.0581,24.5159],[117.9961,24.447],[117.8677,24.4896],[117.7913,24.4606],[117.9073,24.3849],[118.0475,24.3991],[118.0242,24.3236],[118.0906,24.3415],[118.1265,24.262],[118.0718,24.2546],[117.9679,24.1598],[117.9436,24.2126],[117.9073,24.1863],[117.9305,24.1411],[117.8936,24.028],[117.7914,24.0015],[117.7633,24.0703],[117.7088,24.0355],[117.6951,23.9536],[117.6486,23.9092],[117.6255,23.8402],[117.6393,23.7941],[117.5917,23.7371],[117.602,23.7989],[117.5824,23.8893],[117.5374,23.9194],[117.4166,23.9468],[117.4097,23.9134],[117.4685,23.9119],[117.4996,23.8741],[117.4635,23.7883],[117.3824,23.7952],[117.3191,23.7616],[117.2926,23.7895],[117.2636,23.6554],[117.239,23.6055],[117.1746,23.6163]]],[[[119.3906,25.967],[119.2576,26.0015],[119.2178,26.059],[119.4012,25.996],[119.3906,25.967]]],[[[119.554,26.0956],[119.5994,26.1281],[119.6441,26.0784],[119.554,26.0956]]],[[[120.3509,26.9712],[120.3857,26.9352],[120.3185,26.9486],[120.3509,26.9712]]]]}},{"type":"Feature","id":"jiangxi","properties":{"id":"jiangxi","name":"江西","nameEn":"Jiangxi","adcode":"360000","center":[116.017,27.6397],"sourceIds":["CHN-1817"]},"geometry":{"type":"Polygon","coordinates":[[[113.9275,25.4481],[113.9824,25.5817],[113.9179,25.6602],[113.9072,25.7498],[114.0183,25.9346],[114.015,26.0217],[114.0414,26.0688],[114.2135,26.1698],[114.1622,26.2214],[114.0628,26.1778],[113.9977,26.1883],[113.9254,26.1704],[113.9986,26.2831],[114.0206,26.3992],[114.0684,26.4537],[114.0851,26.5775],[113.8883,26.6353],[113.8647,26.6559],[113.8316,26.8275],[113.8924,26.9453],[113.7903,27.0875],[113.7555,27.0835],[113.754,27.1419],[113.8236,27.2287],[113.851,27.3459],[113.7827,27.3708],[113.6675,27.3295],[113.6001,27.3682],[113.5621,27.5906],[113.611,27.6995],[113.701,27.8189],[113.706,27.9377],[113.7368,27.9816],[113.9165,28.0212],[114.0138,28.1065],[114.0282,28.1835],[114.0919,28.2577],[114.1845,28.2931],[114.2278,28.3583],[114.2269,28.409],[114.1716,28.4397],[114.177,28.5073],[114.122,28.5158],[114.0569,28.5643],[114.1128,28.6155],[114.1427,28.7885],[114.112,28.8412],[114.0506,28.8651],[114.0121,28.9129],[113.9052,28.956],[113.9024,29.0663],[113.9967,29.1643],[114.0635,29.2032],[114.1553,29.2143],[114.2465,29.2489],[114.2427,29.3085],[114.2894,29.3584],[114.3563,29.3254],[114.4695,29.3179],[114.6402,29.377],[114.7087,29.3895],[114.7582,29.361],[114.8182,29.3939],[114.886,29.5245],[114.9322,29.5001],[114.9728,29.56],[115.0631,29.5566],[115.1139,29.5069],[115.1402,29.5875],[115.0863,29.657],[115.2265,29.6395],[115.2721,29.6147],[115.3543,29.6476],[115.4169,29.7117],[115.4389,29.792],[115.4862,29.8643],[115.5352,29.8547],[115.7052,29.8608],[115.7438,29.8089],[115.8559,29.7386],[115.999,29.7441],[116.1473,29.7888],[116.2362,29.7813],[116.3895,29.8761],[116.4925,29.8847],[116.5273,29.9068],[116.5754,29.9909],[116.6505,30.0507],[116.7017,30.0565],[116.7914,30.022],[116.8868,29.9204],[116.8637,29.8507],[116.7979,29.7559],[116.7498,29.7563],[116.675,29.708],[116.6485,29.6274],[116.7247,29.5528],[116.7879,29.568],[116.833,29.5438],[116.8883,29.5605],[116.9551,29.6539],[117.0791,29.7102],[117.1067,29.7864],[117.0671,29.8406],[117.1252,29.9106],[117.1924,29.9265],[117.2327,29.8936],[117.2285,29.8473],[117.4063,29.8312],[117.4022,29.7731],[117.5274,29.6224],[117.6492,29.6059],[117.7077,29.5556],[117.8192,29.5684],[117.8986,29.549],[117.9859,29.572],[118.1134,29.5187],[118.1196,29.4468],[118.1747,29.4079],[118.1726,29.342],[118.1324,29.2979],[118.052,29.2753],[118.0467,29.2099],[118.0008,29.1439],[118.0639,29.0506],[118.1288,29.0245],[118.229,28.9545],[118.3029,28.8358],[118.3717,28.7986],[118.4255,28.6952],[118.4159,28.604],[118.4579,28.5174],[118.4763,28.3322],[118.4464,28.2887],[118.3489,28.2198],[118.3788,28.1847],[118.3678,28.0997],[118.1952,28.0445],[118.1307,28.0405],[118.0613,27.979],[117.9465,27.9732],[117.8234,27.9373],[117.7851,27.8479],[117.7456,27.8133],[117.6053,27.8662],[117.5444,27.9667],[117.5089,27.9708],[117.3497,27.866],[117.2842,27.857],[117.2871,27.7726],[117.2251,27.7234],[117.1123,27.5676],[117.1042,27.4917],[117.1247,27.4299],[117.1011,27.3467],[117.1303,27.3436],[117.1538,27.2764],[117.0766,27.1885],[117.0401,27.1095],[116.9234,27.021],[116.8786,27.0259],[116.6697,26.9869],[116.5453,26.8679],[116.5318,26.7616],[116.505,26.6893],[116.5423,26.5628],[116.6195,26.4921],[116.5945,26.3951],[116.5217,26.4125],[116.399,26.2875],[116.4193,26.1529],[116.3973,26.0615],[116.3232,25.9551],[116.1802,25.9072],[116.1352,25.8663],[116.1611,25.7804],[116.1237,25.7642],[116.0276,25.6364],[116.0445,25.5746],[116.0002,25.4972],[115.9787,25.3508],[115.908,25.2383],[115.8428,25.1947],[115.8752,25.071],[115.8875,24.9168],[115.9034,24.8716],[115.836,24.8758],[115.7584,24.8291],[115.7491,24.7477],[115.7823,24.6851],[115.797,24.5641],[115.7058,24.5457],[115.5992,24.6091],[115.5411,24.6855],[115.4206,24.7846],[115.2397,24.7461],[115.1391,24.6842],[115.047,24.7067],[114.9446,24.67],[114.8627,24.5878],[114.8196,24.623],[114.7405,24.6252],[114.7116,24.5545],[114.6222,24.5794],[114.5695,24.5513],[114.4981,24.5558],[114.4249,24.4996],[114.3625,24.5652],[114.2894,24.5956],[114.2481,24.6447],[114.1691,24.6696],[114.3016,24.7586],[114.3836,24.8847],[114.4135,24.9797],[114.5482,25.0545],[114.6227,25.0722],[114.7307,25.1294],[114.6831,25.1635],[114.7168,25.2456],[114.7069,25.2896],[114.5805,25.3601],[114.5693,25.4069],[114.4292,25.386],[114.3844,25.3353],[114.2788,25.2918],[114.115,25.3084],[114.026,25.2677],[114.0121,25.4351],[113.9275,25.4481]]]}},{"type":"Feature","id":"shandong","properties":{"id":"shandong","name":"山东","nameEn":"Shandong","adcode":"370000","center":[118.114,36.3271],"sourceIds":["CHN-1814"]},"geometry":{"type":"MultiPolygon","coordinates":[[[[119.2803,35.0766],[119.2287,35.1126],[119.1756,35.1059],[119.0763,35.0498],[118.954,35.0508],[118.8668,35.0363],[118.8423,34.9346],[118.7767,34.8336],[118.7594,34.7486],[118.6807,34.6839],[118.5964,34.7075],[118.4772,34.6892],[118.4227,34.5785],[118.4195,34.504],[118.391,34.4437],[118.3428,34.4186],[118.1654,34.3992],[118.1324,34.4843],[118.1504,34.5475],[118.0942,34.571],[118.0504,34.6515],[117.9147,34.677],[117.7901,34.6512],[117.7733,34.5265],[117.6532,34.5261],[117.5907,34.4716],[117.469,34.4753],[117.337,34.5886],[117.2739,34.5637],[117.2375,34.5175],[117.2355,34.4613],[117.1818,34.4501],[117.1447,34.5016],[117.1404,34.5643],[117.0606,34.7095],[116.9933,34.774],[116.9414,34.8796],[116.8276,34.9583],[116.7247,34.9291],[116.6319,34.9379],[116.47,34.8983],[116.4202,34.8343],[116.4104,34.7365],[116.3772,34.6395],[116.2669,34.5767],[116.1513,34.5667],[116.0847,34.6162],[115.9937,34.6216],[115.9666,34.594],[115.8164,34.5714],[115.685,34.5977],[115.6464,34.5687],[115.5417,34.5775],[115.4836,34.6123],[115.4358,34.6757],[115.4293,34.7797],[115.3176,34.8428],[115.216,34.8357],[115.2223,34.8965],[115.1745,34.9442],[114.9978,35.0078],[114.9051,34.996],[114.8342,35.0162],[114.865,35.1206],[114.8516,35.1782],[114.9417,35.2188],[115.0684,35.3801],[115.1507,35.4159],[115.2265,35.4162],[115.345,35.4963],[115.3416,35.5555],[115.3835,35.5575],[115.3951,35.6158],[115.4921,35.6782],[115.5042,35.7228],[115.618,35.7313],[115.6808,35.7678],[115.7613,35.8492],[115.8738,35.8655],[115.8635,35.925],[115.9657,35.9859],[116.0337,35.9658],[116.0872,36.0592],[116.0773,36.1031],[115.9269,36.022],[115.8287,36.031],[115.7387,35.9686],[115.5303,35.9112],[115.4493,35.9021],[115.4164,35.8238],[115.3311,35.7737],[115.3176,35.7915],[115.3339,35.9311],[115.424,35.9946],[115.4493,36.0418],[115.4603,36.1579],[115.4488,36.2492],[115.3945,36.301],[115.36,36.3008],[115.2757,36.4742],[115.3416,36.5998],[115.4778,36.7536],[115.6264,36.7936],[115.773,36.9457],[115.7762,36.9854],[115.8518,37.0572],[115.9072,37.2065],[115.9566,37.2416],[115.975,37.3217],[116.115,37.3681],[116.2068,37.3551],[116.2556,37.3873],[116.2199,37.4624],[116.2759,37.5455],[116.3501,37.6209],[116.3864,37.5156],[116.4207,37.4788],[116.581,37.6107],[116.6573,37.7112],[116.7276,37.7538],[116.7439,37.7993],[116.8024,37.8403],[116.8395,37.8337],[117.0755,37.8424],[117.4206,37.8467],[117.5687,38.0489],[117.6873,38.0727],[117.7798,38.1644],[117.7687,38.2193],[117.8372,38.2709],[117.9417,38.2339],[117.9775,38.1948],[118.0537,38.1733],[118.0848,38.1387],[118.2158,38.145],[118.4489,38.1078],[118.543,38.0683],[118.6549,38.1457],[118.8401,38.1526],[118.95,38.0973],[118.9248,38.0578],[118.9966,37.9631],[119.0925,37.9128],[119.1169,37.8533],[119.2431,37.7695],[119.2557,37.6719],[119.2177,37.6752],[119.1201,37.7375],[119.0371,37.7221],[118.9767,37.6109],[118.9579,37.5314],[118.9446,37.3781],[118.9724,37.2807],[119.1455,37.1789],[119.2871,37.1373],[119.4412,37.1206],[119.5635,37.1418],[119.6607,37.1376],[119.7706,37.1518],[119.8973,37.2494],[119.8463,37.3437],[119.8589,37.3602],[120.0598,37.4404],[120.1876,37.5118],[120.2976,37.5979],[120.3064,37.6652],[120.22,37.6863],[120.3685,37.6947],[120.4634,37.7477],[120.5562,37.7614],[120.738,37.834],[120.8216,37.8173],[120.9258,37.8193],[120.9569,37.7609],[121.0326,37.7104],[121.138,37.7012],[121.1344,37.6105],[121.1915,37.5752],[121.3081,37.5812],[121.3745,37.6105],[121.4298,37.5969],[121.3817,37.5661],[121.4468,37.5196],[121.4769,37.468],[121.5916,37.4245],[121.6761,37.4392],[121.635,37.4813],[121.7324,37.4617],[121.9378,37.4643],[121.9573,37.4238],[122.0256,37.528],[122.1218,37.5627],[122.1519,37.5329],[122.1299,37.4835],[122.1832,37.4182],[122.2242,37.458],[122.2965,37.4182],[122.457,37.4182],[122.5706,37.4016],[122.6882,37.4098],[122.5708,37.3448],[122.5601,37.2747],[122.6289,37.1928],[122.51,37.1552],[122.4644,37.1103],[122.4092,37.0063],[122.4612,37.0308],[122.54,37.0277],[122.5254,36.9445],[122.4022,36.9145],[122.4364,36.8707],[122.3198,36.8229],[122.1853,36.8499],[122.1969,36.898],[122.2659,36.898],[122.1627,36.9458],[122.0943,36.9509],[122.0331,36.898],[122.0396,36.9846],[121.9263,36.9936],[121.9498,36.9389],[121.786,36.8912],[121.7372,36.8392],[121.6375,36.8314],[121.6343,36.7466],[121.5942,36.7676],[121.5259,36.754],[121.5222,36.8122],[121.453,36.8164],[121.4534,36.7574],[121.1577,36.6686],[121.0325,36.5895],[120.9447,36.5912],[120.9334,36.6203],[120.8506,36.6509],[120.7708,36.6172],[120.7423,36.5559],[120.7938,36.551],[120.8646,36.5977],[120.9275,36.5329],[120.95,36.4592],[120.9063,36.4524],[120.8674,36.3772],[120.832,36.4553],[120.7506,36.4592],[120.6865,36.3872],[120.7222,36.3306],[120.6436,36.3225],[120.6756,36.2506],[120.6968,36.144],[120.6278,36.1165],[120.5516,36.1137],[120.3535,36.0408],[120.292,36.062],[120.3616,36.1916],[120.2865,36.2638],[120.2845,36.176],[120.2191,36.2219],[120.1173,36.2097],[120.0894,36.1477],[120.1002,36.0961],[120.1685,36.062],[120.1753,35.9936],[120.2808,35.9982],[120.2844,35.9626],[120.2268,35.9418],[120.1753,35.89],[120.189,35.9453],[120.0972,35.9008],[120.0388,35.8428],[120.0029,35.7278],[119.9378,35.7611],[119.9002,35.7363],[119.9356,35.705],[119.9046,35.6246],[119.8602,35.6061],[119.8116,35.6479],[119.7439,35.5759],[119.7325,35.6208],[119.648,35.5839],[119.5515,35.38],[119.5077,35.3323],[119.4287,35.3215],[119.358,35.0971],[119.2803,35.0766]]],[[[120.7263,37.9088],[120.7271,37.9477],[120.7573,37.9227],[120.7263,37.9088]]],[[[120.6229,37.9488],[120.6019,37.9693],[120.6258,37.9726],[120.6229,37.9488]]],[[[120.7092,37.9658],[120.6902,37.9906],[120.7201,37.9809],[120.7092,37.9658]]],[[[120.7466,38.1619],[120.7427,38.1876],[120.7733,38.1597],[120.7466,38.1619]]],[[[120.8198,38.3137],[120.8362,38.3043],[120.8065,38.2882],[120.8198,38.3137]]],[[[120.9178,38.3955],[120.9232,38.3832],[120.9076,38.3852],[120.9178,38.3955]]]]}},{"type":"Feature","id":"henan","properties":{"id":"henan","name":"河南","nameEn":"Henan","adcode":"410000","center":[113.484,33.9055],"sourceIds":["CHN-1812"]},"geometry":{"type":"Polygon","coordinates":[[[115.4603,36.1579],[115.4493,36.0418],[115.424,35.9946],[115.3339,35.9311],[115.3176,35.7915],[115.3311,35.7737],[115.4164,35.8238],[115.4493,35.9021],[115.5303,35.9112],[115.7387,35.9686],[115.8287,36.031],[115.9269,36.022],[116.0773,36.1031],[116.0872,36.0592],[116.0337,35.9658],[115.9657,35.9859],[115.8635,35.925],[115.8738,35.8655],[115.7613,35.8492],[115.6808,35.7678],[115.618,35.7313],[115.5042,35.7228],[115.4921,35.6782],[115.3951,35.6158],[115.3835,35.5575],[115.3416,35.5555],[115.345,35.4963],[115.2265,35.4162],[115.1507,35.4159],[115.0684,35.3801],[114.9417,35.2188],[114.8516,35.1782],[114.865,35.1206],[114.8342,35.0162],[114.9051,34.996],[114.9978,35.0078],[115.1745,34.9442],[115.2223,34.8965],[115.216,34.8357],[115.3176,34.8428],[115.4293,34.7797],[115.4358,34.6757],[115.4836,34.6123],[115.5417,34.5775],[115.6464,34.5687],[115.685,34.5977],[115.8164,34.5714],[115.9666,34.594],[115.9937,34.6216],[116.0847,34.6162],[116.1513,34.5667],[116.1567,34.4473],[116.2033,34.4022],[116.401,34.275],[116.5521,34.2868],[116.5751,34.1921],[116.5429,34.1209],[116.6412,33.9532],[116.6271,33.9018],[116.5912,33.9127],[116.4453,33.845],[116.4207,33.7908],[116.182,33.7183],[116.1469,33.7203],[116.0796,33.7784],[116.0293,33.8607],[115.9707,33.9048],[115.9614,34.0001],[115.8411,34.0069],[115.733,34.0656],[115.6536,34.0484],[115.5862,33.9796],[115.5614,33.8981],[115.5742,33.8574],[115.6299,33.8388],[115.6242,33.7723],[115.5735,33.7502],[115.6347,33.5918],[115.5922,33.5685],[115.4426,33.5481],[115.4004,33.5002],[115.3421,33.5007],[115.3464,33.453],[115.3157,33.374],[115.3408,33.3342],[115.3453,33.2506],[115.3006,33.2098],[115.2858,33.1482],[115.1428,33.0843],[115.0189,33.0939],[114.9692,33.1237],[114.8866,33.0834],[114.8798,32.9934],[114.9252,32.9582],[115.1304,32.8924],[115.1847,32.8591],[115.1964,32.7975],[115.1802,32.7145],[115.2102,32.6569],[115.1993,32.5915],[115.3667,32.5595],[115.4569,32.5074],[115.4985,32.4476],[115.5648,32.4024],[115.6466,32.4024],[115.6938,32.4918],[115.7901,32.4707],[115.8435,32.5426],[115.8709,32.5324],[115.8607,32.432],[115.8885,32.3939],[115.9148,32.25],[115.9281,32.0246],[115.9009,31.8861],[115.9013,31.7945],[115.7604,31.7968],[115.6629,31.784],[115.5315,31.7364],[115.3897,31.5117],[115.374,31.4175],[115.2862,31.3951],[115.2185,31.4475],[115.2135,31.5456],[115.1659,31.6015],[115.1286,31.5945],[115.0769,31.5155],[114.9989,31.4776],[114.7666,31.4905],[114.6766,31.5306],[114.6382,31.568],[114.5479,31.5729],[114.5354,31.6534],[114.5557,31.7377],[114.4953,31.7592],[114.3618,31.7343],[114.2674,31.8087],[114.144,31.8475],[114.0855,31.7838],[113.972,31.7466],[113.9596,31.8318],[113.8858,31.8448],[113.7944,31.9725],[113.7524,32.1376],[113.7817,32.1937],[113.7679,32.2921],[113.7827,32.3594],[113.7292,32.4193],[113.6164,32.3857],[113.5277,32.2967],[113.436,32.2888],[113.3363,32.3144],[113.2187,32.4103],[113.1124,32.3816],[113.0458,32.4252],[112.7509,32.3498],[112.5339,32.3768],[112.2858,32.3506],[112.2271,32.3885],[112.1446,32.3946],[112.0533,32.4548],[112.0054,32.434],[111.9621,32.4743],[111.7793,32.5204],[111.7112,32.6002],[111.6291,32.6265],[111.5689,32.5952],[111.5316,32.6111],[111.5074,32.6821],[111.4063,32.762],[111.3633,32.8248],[111.2101,32.9302],[111.2163,32.9765],[111.1298,33.0908],[111.1088,33.148],[111.0027,33.2075],[110.9746,33.2665],[111.0156,33.3744],[110.9901,33.4381],[111.0106,33.5002],[110.9682,33.5988],[110.8779,33.6431],[110.7921,33.7051],[110.7492,33.8028],[110.5938,33.8797],[110.6424,33.9803],[110.5936,34.0653],[110.6183,34.1625],[110.477,34.2211],[110.4338,34.2614],[110.4787,34.3264],[110.4537,34.3813],[110.3741,34.4037],[110.3277,34.4798],[110.336,34.6158],[110.3999,34.5926],[110.4832,34.6158],[110.5305,34.5837],[110.7086,34.621],[110.7658,34.6613],[110.8838,34.6661],[110.9232,34.6858],[110.9108,34.7325],[110.9734,34.7169],[111.1094,34.7687],[111.1387,34.8192],[111.2329,34.8008],[111.3313,34.8409],[111.3943,34.8233],[111.5577,34.8634],[111.6829,35.0079],[111.7408,35.019],[111.8294,35.0826],[111.9577,35.0942],[112.0382,35.0458],[112.0611,35.1085],[112.0585,35.2345],[112.1567,35.2366],[112.335,35.2187],[112.3908,35.2351],[112.526,35.2203],[112.5832,35.242],[112.6101,35.2877],[112.6825,35.3112],[112.8076,35.242],[112.9028,35.2406],[113.0198,35.3286],[113.1296,35.3523],[113.1684,35.3886],[113.2729,35.4192],[113.3048,35.4658],[113.4304,35.4894],[113.4913,35.5255],[113.6099,35.6461],[113.5847,35.6869],[113.5944,35.8078],[113.6325,35.8182],[113.6276,35.9532],[113.6562,35.9719],[113.6871,36.0557],[113.6945,36.1883],[113.6729,36.2215],[113.721,36.3559],[113.8083,36.3394],[113.8734,36.3647],[113.9071,36.3441],[113.9893,36.359],[114.0631,36.2771],[114.1563,36.2467],[114.3431,36.2447],[114.5484,36.139],[114.6337,36.132],[114.7072,36.1528],[114.8932,36.1196],[114.9189,36.0612],[114.9777,36.0609],[115.0338,36.1009],[115.1061,36.1846],[115.2452,36.1614],[115.296,36.0868],[115.3579,36.0872],[115.4603,36.1579]]]}},{"type":"Feature","id":"hubei","properties":{"id":"hubei","name":"湖北","nameEn":"Hubei","adcode":"420000","center":[112.264,30.9857],"sourceIds":["CHN-1807"]},"geometry":{"type":"Polygon","coordinates":[[[109.594,31.7376],[109.6158,31.8212],[109.6102,31.9273],[109.6663,32.043],[109.601,32.2133],[109.5477,32.2336],[109.487,32.3546],[109.5613,32.405],[109.5794,32.5412],[109.6348,32.5906],[109.7686,32.6001],[109.8153,32.5706],[109.8795,32.5916],[110.0009,32.5519],[110.0619,32.5764],[110.0738,32.6166],[110.1683,32.6223],[110.155,32.7296],[110.0958,32.8413],[109.9928,32.8891],[109.8991,32.9144],[109.8358,32.8959],[109.7396,32.93],[109.7812,33.0448],[109.7573,33.0801],[109.6519,33.1133],[109.5649,33.114],[109.4531,33.1482],[109.5157,33.2371],[109.6258,33.2433],[109.6597,33.2641],[109.752,33.2409],[109.8753,33.2434],[109.9599,33.2141],[110.0943,33.2133],[110.2344,33.1563],[110.4323,33.1731],[110.5474,33.2453],[110.6045,33.1539],[110.6512,33.1486],[110.7529,33.098],[110.7389,33.1284],[110.8176,33.1949],[110.9001,33.2052],[110.9746,33.2665],[111.0027,33.2075],[111.1088,33.148],[111.1298,33.0908],[111.2163,32.9765],[111.2101,32.9302],[111.3633,32.8248],[111.4063,32.762],[111.5074,32.6821],[111.5316,32.6111],[111.5689,32.5952],[111.6291,32.6265],[111.7112,32.6002],[111.7793,32.5204],[111.9621,32.4743],[112.0054,32.434],[112.0533,32.4548],[112.1446,32.3946],[112.2271,32.3885],[112.2858,32.3506],[112.5339,32.3768],[112.7509,32.3498],[113.0458,32.4252],[113.1124,32.3816],[113.2187,32.4103],[113.3363,32.3144],[113.436,32.2888],[113.5277,32.2967],[113.6164,32.3857],[113.7292,32.4193],[113.7827,32.3594],[113.7679,32.2921],[113.7817,32.1937],[113.7524,32.1376],[113.7944,31.9725],[113.8858,31.8448],[113.9596,31.8318],[113.972,31.7466],[114.0855,31.7838],[114.144,31.8475],[114.2674,31.8087],[114.3618,31.7343],[114.4953,31.7592],[114.5557,31.7377],[114.5354,31.6534],[114.5479,31.5729],[114.6382,31.568],[114.6766,31.5306],[114.7666,31.4905],[114.9989,31.4776],[115.0769,31.5155],[115.1286,31.5945],[115.1659,31.6015],[115.2135,31.5456],[115.2185,31.4475],[115.2862,31.3951],[115.374,31.4175],[115.3804,31.3505],[115.4366,31.3262],[115.55,31.1827],[115.5956,31.1617],[115.6281,31.2208],[115.6687,31.2172],[115.7684,31.1436],[115.8769,31.1294],[115.9464,31.034],[116.0354,31.0309],[116.036,30.9889],[115.9429,30.907],[115.8586,30.861],[115.8622,30.7848],[115.7753,30.7548],[115.7678,30.6882],[115.8331,30.594],[115.8805,30.5784],[115.9466,30.4883],[115.946,30.4459],[115.8768,30.3898],[115.912,30.3156],[115.9594,30.2977],[116.0405,30.2214],[116.0809,30.0468],[116.0781,29.9687],[116.1256,29.9047],[116.1473,29.7888],[115.999,29.7441],[115.8559,29.7386],[115.7438,29.8089],[115.7052,29.8608],[115.5352,29.8547],[115.4862,29.8643],[115.4389,29.792],[115.4169,29.7117],[115.3543,29.6476],[115.2721,29.6147],[115.2265,29.6395],[115.0863,29.657],[115.1402,29.5875],[115.1139,29.5069],[115.0631,29.5566],[114.9728,29.56],[114.9322,29.5001],[114.886,29.5245],[114.8182,29.3939],[114.7582,29.361],[114.7087,29.3895],[114.6402,29.377],[114.4695,29.3179],[114.3563,29.3254],[114.2894,29.3584],[114.2427,29.3085],[114.2465,29.2489],[114.1553,29.2143],[114.0635,29.2032],[113.9967,29.1643],[113.9024,29.0663],[113.7728,29.1253],[113.7112,29.0729],[113.6549,29.124],[113.6414,29.2218],[113.5863,29.2438],[113.5877,29.2938],[113.6615,29.3883],[113.7294,29.4371],[113.6741,29.5313],[113.6809,29.6024],[113.6494,29.6763],[113.5362,29.6857],[113.5461,29.7711],[113.5903,29.88],[113.4158,29.7646],[113.1862,29.5317],[113.1279,29.4629],[113.0903,29.4961],[113.0488,29.4543],[113.0449,29.5084],[113.0081,29.5181],[112.9533,29.4766],[112.9278,29.4952],[112.9085,29.6008],[112.9353,29.6596],[113.0174,29.7246],[113.0129,29.773],[112.9363,29.6933],[112.8862,29.7918],[112.7862,29.7367],[112.7407,29.6849],[112.6481,29.6269],[112.4439,29.6414],[112.3631,29.5722],[112.2819,29.5369],[112.2738,29.6005],[112.2177,29.6691],[112.17,29.649],[112.1263,29.7072],[111.9236,29.8564],[111.8566,29.8713],[111.7686,29.9196],[111.6831,29.899],[111.5849,29.9044],[111.4947,29.9362],[111.415,29.9258],[111.2462,30.0317],[111.0523,30.0593],[110.9435,30.0635],[110.7419,30.0962],[110.7156,30.0296],[110.5434,30.055],[110.4632,30.014],[110.5066,29.9846],[110.4717,29.9441],[110.5006,29.8626],[110.5805,29.8048],[110.5912,29.7714],[110.5255,29.7252],[110.4275,29.7222],[110.4192,29.6828],[110.3617,29.6501],[110.285,29.68],[110.2251,29.7373],[110.1039,29.7854],[109.7832,29.7349],[109.7,29.6557],[109.6909,29.6049],[109.6105,29.6189],[109.4722,29.5682],[109.4323,29.5339],[109.381,29.3953],[109.3283,29.3537],[109.3382,29.2897],[109.2692,29.2423],[109.2359,29.1163],[109.2066,29.1042],[109.0773,29.2141],[109.0142,29.3075],[108.9206,29.349],[108.9238,29.4024],[108.872,29.5016],[108.8955,29.5779],[108.872,29.639],[108.696,29.6982],[108.6584,29.817],[108.613,29.858],[108.5391,29.7824],[108.521,29.7272],[108.4468,29.7358],[108.4004,29.8311],[108.5032,29.8522],[108.5382,29.8855],[108.5289,29.9424],[108.5504,30.0093],[108.53,30.113],[108.5435,30.281],[108.532,30.3155],[108.4105,30.3628],[108.3806,30.3997],[108.4332,30.4873],[108.5731,30.4979],[108.67,30.5738],[108.7325,30.5197],[108.8684,30.5514],[108.9646,30.6075],[109.0734,30.6003],[109.1793,30.5668],[109.2865,30.6015],[109.3942,30.5837],[109.5133,30.6602],[109.5459,30.6506],[109.6398,30.7179],[109.665,30.768],[109.7486,30.8354],[109.8707,30.8886],[109.9455,30.8758],[109.9967,30.8262],[110.0662,30.8285],[110.1277,30.9064],[110.1376,31.0002],[110.1076,31.1223],[110.1749,31.1887],[110.1405,31.2632],[110.1467,31.3311],[110.1082,31.398],[109.966,31.4782],[109.9295,31.5187],[109.7326,31.5611],[109.7245,31.6361],[109.6588,31.7181],[109.594,31.7376]]]}},{"type":"Feature","id":"hunan","properties":{"id":"hunan","name":"湖南","nameEn":"Hunan","adcode":"430000","center":[111.712,27.6667],"sourceIds":["CHN-1808"]},"geometry":{"type":"Polygon","coordinates":[[[109.2584,28.5059],[109.2851,28.5846],[109.2132,28.6288],[109.2565,28.6598],[109.2812,28.7291],[109.2467,28.7855],[109.2455,28.9313],[109.2748,29.0493],[109.2066,29.1042],[109.2359,29.1163],[109.2692,29.2423],[109.3382,29.2897],[109.3283,29.3537],[109.381,29.3953],[109.4323,29.5339],[109.4722,29.5682],[109.6105,29.6189],[109.6909,29.6049],[109.7,29.6557],[109.7832,29.7349],[110.1039,29.7854],[110.2251,29.7373],[110.285,29.68],[110.3617,29.6501],[110.4192,29.6828],[110.4275,29.7222],[110.5255,29.7252],[110.5912,29.7714],[110.5805,29.8048],[110.5006,29.8626],[110.4717,29.9441],[110.5066,29.9846],[110.4632,30.014],[110.5434,30.055],[110.7156,30.0296],[110.7419,30.0962],[110.9435,30.0635],[111.0523,30.0593],[111.2462,30.0317],[111.415,29.9258],[111.4947,29.9362],[111.5849,29.9044],[111.6831,29.899],[111.7686,29.9196],[111.8566,29.8713],[111.9236,29.8564],[112.1263,29.7072],[112.17,29.649],[112.2177,29.6691],[112.2738,29.6005],[112.2819,29.5369],[112.3631,29.5722],[112.4439,29.6414],[112.6481,29.6269],[112.7407,29.6849],[112.7862,29.7367],[112.8862,29.7918],[112.9363,29.6933],[113.0129,29.773],[113.0174,29.7246],[112.9353,29.6596],[112.9085,29.6008],[112.9278,29.4952],[112.9533,29.4766],[113.0081,29.5181],[113.0449,29.5084],[113.0488,29.4543],[113.0903,29.4961],[113.1279,29.4629],[113.1862,29.5317],[113.4158,29.7646],[113.5903,29.88],[113.5461,29.7711],[113.5362,29.6857],[113.6494,29.6763],[113.6809,29.6024],[113.6741,29.5313],[113.7294,29.4371],[113.6615,29.3883],[113.5877,29.2938],[113.5863,29.2438],[113.6414,29.2218],[113.6549,29.124],[113.7112,29.0729],[113.7728,29.1253],[113.9024,29.0663],[113.9052,28.956],[114.0121,28.9129],[114.0506,28.8651],[114.112,28.8412],[114.1427,28.7885],[114.1128,28.6155],[114.0569,28.5643],[114.122,28.5158],[114.177,28.5073],[114.1716,28.4397],[114.2269,28.409],[114.2278,28.3583],[114.1845,28.2931],[114.0919,28.2577],[114.0282,28.1835],[114.0138,28.1065],[113.9165,28.0212],[113.7368,27.9816],[113.706,27.9377],[113.701,27.8189],[113.611,27.6995],[113.5621,27.5906],[113.6001,27.3682],[113.6675,27.3295],[113.7827,27.3708],[113.851,27.3459],[113.8236,27.2287],[113.754,27.1419],[113.7555,27.0835],[113.7903,27.0875],[113.8924,26.9453],[113.8316,26.8275],[113.8647,26.6559],[113.8883,26.6353],[114.0851,26.5775],[114.0684,26.4537],[114.0206,26.3992],[113.9986,26.2831],[113.9254,26.1704],[113.9977,26.1883],[114.0628,26.1778],[114.1622,26.2214],[114.2135,26.1698],[114.0414,26.0688],[114.015,26.0217],[114.0183,25.9346],[113.9072,25.7498],[113.9179,25.6602],[113.9824,25.5817],[113.9275,25.4481],[113.8802,25.4335],[113.8281,25.3567],[113.764,25.3414],[113.7139,25.3609],[113.5825,25.3259],[113.5234,25.3856],[113.4216,25.3838],[113.3087,25.4638],[113.2829,25.5176],[113.2175,25.5056],[113.0898,25.4142],[112.9081,25.3201],[112.8524,25.3277],[112.8891,25.2415],[113.0148,25.2456],[113.0205,25.2139],[112.9691,25.1806],[112.9588,25.0561],[112.9889,24.9639],[112.8078,24.9428],[112.7141,24.9995],[112.6633,25.1131],[112.6109,25.1378],[112.5442,25.1323],[112.4584,25.1643],[112.3316,25.1815],[112.2638,25.1755],[112.214,25.2004],[112.1827,25.1526],[112.121,24.9493],[112.1648,24.912],[112.1448,24.7936],[112.0664,24.7966],[111.9966,24.7357],[111.926,24.7749],[111.797,24.7604],[111.6671,24.7797],[111.6158,24.707],[111.5687,24.6998],[111.5169,24.6427],[111.4282,24.681],[111.4736,24.7929],[111.4446,24.8458],[111.4297,24.9434],[111.4619,25.0195],[111.4215,25.0524],[111.4269,25.1062],[111.3732,25.1338],[111.3181,25.112],[111.2744,25.1477],[111.1258,25.0445],[111.079,24.9442],[111.0306,24.918],[110.9546,25.0253],[110.9932,25.1508],[111.0615,25.1786],[111.1138,25.2386],[111.1642,25.3649],[111.2538,25.3991],[111.3158,25.5032],[111.3262,25.5906],[111.305,25.6392],[111.3237,25.7298],[111.3611,25.7344],[111.4113,25.8026],[111.4224,25.8569],[111.4725,25.8907],[111.4466,25.9267],[111.3174,25.909],[111.2785,25.8611],[111.2286,25.8928],[111.1943,25.9575],[111.2317,26.0629],[111.2567,26.2101],[111.2519,26.2797],[111.1233,26.306],[111.001,26.3537],[110.9473,26.3899],[110.9065,26.293],[110.8789,26.2752],[110.724,26.2743],[110.6886,26.3323],[110.5541,26.3412],[110.5365,26.2249],[110.4846,26.1716],[110.4097,26.164],[110.3417,26.1127],[110.299,26.021],[110.247,25.9782],[110.1382,26.0517],[110.0336,26.0365],[110.062,26.1499],[109.9273,26.1971],[109.8384,26.045],[109.7813,26.0238],[109.772,25.9082],[109.6766,25.8891],[109.6538,25.9163],[109.6723,25.9853],[109.6032,26.0527],[109.4567,26.0389],[109.4275,26.0986],[109.3993,26.2699],[109.3304,26.2805],[109.2966,26.3125],[109.315,26.4257],[109.4026,26.5373],[109.4067,26.5972],[109.3772,26.6462],[109.3017,26.6806],[109.294,26.7273],[109.3971,26.7547],[109.5053,26.8248],[109.5199,26.8584],[109.4438,26.901],[109.5071,26.9764],[109.4992,27.0625],[109.4382,27.131],[109.336,27.1535],[109.2756,27.1333],[109.2306,27.152],[109.1556,27.0797],[109.0955,27.1344],[109.0078,27.0941],[108.9502,27.0269],[108.8742,27.0181],[108.7913,27.0831],[108.8968,27.1472],[108.9001,27.1888],[108.9639,27.2465],[109.0149,27.2622],[109.1174,27.3706],[109.1308,27.4062],[109.2064,27.4448],[109.2769,27.4385],[109.3184,27.5006],[109.4184,27.5595],[109.4473,27.65],[109.4134,27.739],[109.3588,27.7607],[109.3282,27.8077],[109.3093,27.8978],[109.3377,27.9296],[109.3099,27.9703],[109.3633,28.0575],[109.3001,28.0515],[109.2987,28.0947],[109.3543,28.2088],[109.3543,28.2652],[109.2639,28.3222],[109.2584,28.5059]]]}},{"type":"Feature","id":"guangdong","properties":{"id":"guangdong","name":"广东","nameEn":"Guangdong","adcode":"440000","center":[113.72,23.7924],"sourceIds":["CHN-1180"]},"geometry":{"type":"MultiPolygon","coordinates":[[[[110.4481,20.5963],[110.437,20.6679],[110.4714,20.6474],[110.4481,20.5963]]],[[[110.5892,20.8835],[110.5475,20.9177],[110.5896,20.9594],[110.6279,20.9486],[110.5892,20.8835]]],[[[110.4414,21.0058],[110.363,21.0058],[110.2666,20.9726],[110.2459,21.0276],[110.2874,21.0744],[110.3898,21.0959],[110.4082,21.0482],[110.5264,21.0821],[110.5456,21.0574],[110.5208,20.9724],[110.4414,21.0058]]],[[[110.4177,21.1785],[110.4878,21.2086],[110.5042,21.1877],[110.617,21.1989],[110.5652,21.1126],[110.4177,21.1785]]],[[[111.9815,21.612],[111.8224,21.562],[111.8353,21.6439],[111.9282,21.6645],[111.9998,21.654],[111.9815,21.612]]],[[[112.6504,21.6404],[112.6165,21.6192],[112.5182,21.6168],[112.5559,21.6781],[112.6454,21.7128],[112.6504,21.6404]]],[[[112.7975,21.7059],[112.7997,21.5791],[112.7344,21.6287],[112.7744,21.6917],[112.7156,21.6802],[112.7775,21.7726],[112.8626,21.7694],[112.7975,21.7059]]],[[[113.2258,21.9008],[113.2577,21.9466],[113.2857,21.9181],[113.2258,21.9008]]],[[[113.3094,22.0241],[113.3827,22.0896],[113.4126,22.076],[113.4058,22.007],[113.3094,22.0241]]],[[[113.2717,22.12],[113.3648,22.1579],[113.2891,22.0685],[113.2717,22.12]]],[[[113.7363,21.9972],[113.7717,22.0003],[113.7645,21.9668],[113.7363,21.9972]]],[[[114.293,22.0578],[114.3025,22.0449],[114.2224,22.0217],[114.293,22.0578]]],[[[113.5189,22.1273],[113.5389,22.0821],[113.4702,22.0776],[113.5189,22.1273]]],[[[113.6123,22.398],[113.6234,22.4399],[113.6579,22.432],[113.6123,22.398]]],[[[113.6357,22.6565],[113.628,22.5958],[113.4914,22.7058],[113.4765,22.7313],[113.5595,22.735],[113.6357,22.6565]]],[[[113.5446,22.7688],[113.4808,22.8493],[113.4559,22.8308],[113.4021,22.8829],[113.433,22.912],[113.4878,22.8928],[113.573,22.8301],[113.6028,22.7626],[113.5446,22.7688]]],[[[114.0824,22.5294],[113.9638,22.5381],[113.9478,22.4904],[113.8903,22.4527],[113.8438,22.562],[113.7729,22.6724],[113.7444,22.7612],[113.6536,22.7587],[113.6626,22.7981],[113.6104,22.9045],[113.6307,23.0349],[113.5867,22.9536],[113.583,23.0212],[113.5327,22.9958],[113.5364,23.0631],[113.5821,23.0985],[113.7202,23.1379],[113.7031,23.1578],[113.4942,23.0628],[113.4175,23.097],[113.4193,23.0655],[113.4812,23.0515],[113.5038,22.9898],[113.4737,22.9182],[113.4299,22.9313],[113.3076,22.8941],[113.213,22.912],[113.2922,22.8773],[113.3504,22.8897],[113.4259,22.8158],[113.4942,22.7748],[113.4395,22.7394],[113.553,22.6385],[113.5992,22.5752],[113.5947,22.5234],[113.5464,22.4376],[113.5581,22.3808],[113.6104,22.3702],[113.5612,22.2337],[113.523,22.213],[113.4837,22.1551],[113.4256,22.1862],[113.3516,22.3083],[113.2556,22.4039],[113.2427,22.4575],[113.1653,22.5756],[113.1656,22.4787],[113.2273,22.4253],[113.3285,22.2685],[113.402,22.1796],[113.3027,22.1833],[113.2466,22.1035],[113.2306,22.0432],[113.1575,22.0247],[113.1106,22.0992],[113.1275,22.161],[113.0851,22.2076],[113.0579,22.1211],[113.0266,22.1432],[113.0161,22.0577],[113.0286,21.9611],[112.9571,21.8757],[112.8794,21.8752],[112.826,21.9661],[112.7437,21.932],[112.7376,21.8969],[112.6451,21.8494],[112.608,21.7751],[112.5509,21.7729],[112.4432,21.8284],[112.4242,21.9178],[112.4937,21.9661],[112.4048,21.9429],[112.3565,21.9797],[112.3906,21.9012],[112.4043,21.8115],[112.3633,21.7333],[112.2449,21.7065],[112.1824,21.753],[112.1727,21.8144],[112.0855,21.7961],[112.013,21.8044],[112.0344,21.8842],[111.9692,21.824],[111.8904,21.9251],[111.9041,21.8153],[112.0003,21.7743],[111.8843,21.6828],[111.8069,21.7433],[111.6956,21.7614],[111.7606,21.7258],[111.7796,21.6754],[111.7129,21.6234],[111.6305,21.5299],[111.4761,21.5136],[111.4322,21.603],[111.438,21.5341],[111.3628,21.5068],[111.2925,21.4506],[111.3013,21.4993],[111.2063,21.5321],[111.158,21.5205],[111.2263,21.4993],[111.0884,21.4726],[111.0344,21.5315],[110.9859,21.5136],[111.0586,21.4831],[110.9929,21.4249],[110.9659,21.4328],[110.8694,21.3847],[110.7905,21.4038],[110.7048,21.3485],[110.6509,21.2604],[110.6365,21.3703],[110.7554,21.4134],[110.7664,21.4447],[110.6356,21.381],[110.6157,21.3012],[110.6365,21.2302],[110.4815,21.2172],[110.4243,21.1915],[110.4339,21.3088],[110.4195,21.3774],[110.3585,21.4357],[110.3944,21.364],[110.3663,21.3061],[110.4099,21.2238],[110.3941,21.1625],[110.2693,21.0892],[110.2218,21.0327],[110.2046,21.0822],[110.1567,20.986],[110.1567,20.8489],[110.369,20.8489],[110.4027,20.7901],[110.397,20.7185],[110.3486,20.7464],[110.3418,20.8215],[110.3076,20.739],[110.3375,20.7258],[110.3008,20.6571],[110.3628,20.6434],[110.4085,20.5859],[110.4789,20.5677],[110.5342,20.4783],[110.5023,20.4127],[110.4,20.3008],[110.2803,20.253],[110.2372,20.275],[110.1275,20.248],[110.0271,20.3008],[109.9146,20.2485],[109.9309,20.3178],[109.8628,20.4063],[109.8961,20.4311],[109.9749,20.3546],[110.0155,20.4184],[109.9309,20.5063],[109.9029,20.4842],[109.8352,20.5063],[109.802,20.6163],[109.7459,20.6298],[109.7516,20.6737],[109.8414,20.6844],[109.8547,20.7199],[109.7869,20.6911],[109.7564,20.7497],[109.7732,20.8215],[109.6895,20.8354],[109.6612,20.9276],[109.7,21.083],[109.6702,21.1232],[109.6959,21.1701],[109.7732,21.2154],[109.7657,21.3559],[109.9241,21.3628],[109.9048,21.3907],[109.9513,21.4584],[109.9444,21.4931],[109.8027,21.4733],[109.8005,21.5546],[109.7481,21.5749],[109.7459,21.6487],[109.7962,21.6347],[109.894,21.6611],[109.9172,21.6872],[109.9672,21.8667],[110.1424,21.8974],[110.2161,21.8745],[110.3773,21.9034],[110.3803,21.9515],[110.344,21.9922],[110.3555,22.1008],[110.3336,22.1905],[110.4141,22.1983],[110.4667,22.151],[110.5393,22.18],[110.591,22.1602],[110.6424,22.1835],[110.6708,22.2676],[110.7746,22.2837],[110.697,22.3687],[110.6823,22.4836],[110.7268,22.4846],[110.7546,22.5802],[110.9313,22.6171],[110.9437,22.649],[111.0238,22.6387],[111.0798,22.6923],[111.066,22.7406],[111.1815,22.7485],[111.2772,22.8185],[111.3512,22.9082],[111.4117,23.0724],[111.37,23.1391],[111.3842,23.2001],[111.3628,23.273],[111.3912,23.4313],[111.4693,23.5579],[111.471,23.6132],[111.6012,23.658],[111.6297,23.6937],[111.6137,23.7599],[111.6575,23.8417],[111.7754,23.8325],[111.8079,23.9092],[111.9019,24.0016],[111.8757,24.0985],[111.8693,24.2318],[111.9759,24.2768],[112.0366,24.3329],[112.0473,24.3815],[111.9909,24.4659],[112.0055,24.5531],[111.9333,24.6014],[111.9325,24.6983],[111.9966,24.7357],[112.0664,24.7966],[112.1448,24.7936],[112.1648,24.912],[112.121,24.9493],[112.1827,25.1526],[112.214,25.2004],[112.2638,25.1755],[112.3316,25.1815],[112.4584,25.1643],[112.5442,25.1323],[112.6109,25.1378],[112.6633,25.1131],[112.7141,24.9995],[112.8078,24.9428],[112.9889,24.9639],[112.9588,25.0561],[112.9691,25.1806],[113.0205,25.2139],[113.0148,25.2456],[112.8891,25.2415],[112.8524,25.3277],[112.9081,25.3201],[113.0898,25.4142],[113.2175,25.5056],[113.2829,25.5176],[113.3087,25.4638],[113.4216,25.3838],[113.5234,25.3856],[113.5825,25.3259],[113.7139,25.3609],[113.764,25.3414],[113.8281,25.3567],[113.8802,25.4335],[113.9275,25.4481],[114.0121,25.4351],[114.026,25.2677],[114.115,25.3084],[114.2788,25.2918],[114.3844,25.3353],[114.4292,25.386],[114.5693,25.4069],[114.5805,25.3601],[114.7069,25.2896],[114.7168,25.2456],[114.6831,25.1635],[114.7307,25.1294],[114.6227,25.0722],[114.5482,25.0545],[114.4135,24.9797],[114.3836,24.8847],[114.3016,24.7586],[114.1691,24.6696],[114.2481,24.6447],[114.2894,24.5956],[114.3625,24.5652],[114.4249,24.4996],[114.4981,24.5558],[114.5695,24.5513],[114.6222,24.5794],[114.7116,24.5545],[114.7405,24.6252],[114.8196,24.623],[114.8627,24.5878],[114.9446,24.67],[115.047,24.7067],[115.1391,24.6842],[115.2397,24.7461],[115.4206,24.7846],[115.5411,24.6855],[115.5992,24.6091],[115.7058,24.5457],[115.797,24.5641],[115.7823,24.6851],[115.7491,24.7477],[115.7584,24.8291],[115.836,24.8758],[115.9034,24.8716],[115.8875,24.9168],[116.0357,24.8936],[116.1147,24.8461],[116.2563,24.8398],[116.2747,24.8074],[116.3721,24.8413],[116.5296,24.6154],[116.6599,24.6696],[116.7678,24.6669],[116.7486,24.5515],[116.824,24.4809],[116.8824,24.394],[116.9677,24.1851],[116.9248,24.0776],[117.0365,23.7383],[117.1746,23.6163],[117.0842,23.5506],[117.0684,23.6513],[117.0234,23.6587],[116.9507,23.6109],[116.9089,23.6546],[116.8721,23.6069],[116.855,23.5249],[116.8666,23.4502],[116.7732,23.3494],[116.6578,23.3545],[116.5217,23.4112],[116.5232,23.3775],[116.588,23.3161],[116.6912,23.339],[116.7486,23.3263],[116.7839,23.2124],[116.7056,23.2766],[116.7151,23.2438],[116.6468,23.163],[116.6152,23.1783],[116.6115,23.2387],[116.5089,23.2341],[116.527,23.2006],[116.6029,23.2177],[116.5336,23.1091],[116.5632,23.0188],[116.5219,22.9984],[116.4947,22.9394],[116.3796,22.929],[116.2985,22.9632],[116.221,22.919],[116.171,22.8645],[116.0957,22.8259],[116.1237,22.8947],[116.0421,22.9329],[116.0762,22.8679],[115.958,22.8047],[115.8835,22.7946],[115.826,22.7466],[115.8099,22.8083],[115.6825,22.8882],[115.533,22.862],[115.5476,22.8954],[115.4683,22.9265],[115.5056,22.8493],[115.5913,22.8475],[115.5239,22.7418],[115.5752,22.6683],[115.4648,22.701],[115.3735,22.6942],[115.3385,22.7331],[115.4241,22.762],[115.3306,22.7885],[115.2334,22.7882],[115.303,22.8386],[115.3171,22.9045],[115.2456,22.8354],[115.0655,22.796],[115.0178,22.737],[115.0289,22.7084],[114.9598,22.6961],[114.9417,22.7539],[114.8891,22.7637],[114.9666,22.6765],[114.8802,22.5591],[114.8658,22.6017],[114.7541,22.5897],[114.7374,22.669],[114.7525,22.7497],[114.8132,22.7748],[114.7848,22.8159],[114.5633,22.7327],[114.4996,22.6531],[114.5825,22.6553],[114.5432,22.5694],[114.6177,22.5141],[114.5158,22.4526],[114.4851,22.4683],[114.4796,22.5462],[114.3956,22.6135],[114.2298,22.5558],[114.162,22.5605],[114.0824,22.5294]]],[[[113.545,22.88],[113.51,22.9212],[113.5451,22.9378],[113.545,22.88]]],[[[117.1418,23.4497],[117.1288,23.3994],[116.943,23.4301],[117.01,23.439],[117.1089,23.4823],[117.1418,23.4497]]],[[[116.9878,23.5241],[116.936,23.5355],[117.0093,23.555],[116.9878,23.5241]]]]}},{"type":"Feature","id":"guangxi","properties":{"id":"guangxi","name":"广西","nameEn":"Guangxi","adcode":"450000","center":[108.756,23.7451],"sourceIds":["CHN-1152"]},"geometry":{"type":"MultiPolygon","coordinates":[[[[109.096,21.022],[109.0999,21.0607],[109.1277,21.0322],[109.096,21.022]]],[[[105.5213,23.1631],[105.5273,23.1976],[105.6188,23.2847],[105.6289,23.3473],[105.7017,23.3593],[105.6921,23.3898],[105.7458,23.4138],[105.848,23.5194],[105.983,23.469],[106.0561,23.483],[106.1281,23.5407],[106.1522,23.7504],[106.1341,23.7967],[106.1938,23.8694],[106.1452,23.9347],[106.1574,23.9737],[106.0152,24.0594],[106.0211,24.1109],[105.9106,24.0815],[105.8722,24.0247],[105.788,24.0207],[105.6409,24.0825],[105.6185,24.1353],[105.5205,24.1162],[105.4936,24.0501],[105.4472,24.0376],[105.2863,24.1243],[105.2829,24.0741],[105.1909,24.1256],[105.1699,24.1674],[105.1762,24.3099],[105.113,24.4098],[105.0608,24.4307],[104.9611,24.4164],[104.8594,24.4537],[104.7527,24.4683],[104.6994,24.4487],[104.7287,24.3642],[104.667,24.3398],[104.5992,24.4025],[104.5019,24.5782],[104.4946,24.6982],[104.5399,24.7418],[104.7293,24.6314],[104.781,24.6796],[104.8519,24.7058],[104.8767,24.755],[105.0125,24.7975],[105.0481,24.8954],[105.1001,24.9543],[105.1887,25.0088],[105.2894,24.9332],[105.3807,24.9571],[105.4444,24.9236],[105.4581,24.8664],[105.5086,24.8175],[105.6753,24.7897],[105.7877,24.7157],[105.9165,24.7287],[106.0207,24.6419],[106.0595,24.6935],[106.1762,24.7822],[106.1987,24.8768],[106.1557,24.9604],[106.3066,24.9815],[106.4567,25.0361],[106.5871,25.1044],[106.6668,25.1735],[106.886,25.197],[106.9093,25.2484],[106.9955,25.2554],[107.0146,25.3534],[106.9746,25.4404],[107.0779,25.5284],[107.1288,25.5233],[107.2442,25.5586],[107.3274,25.4702],[107.3139,25.4238],[107.4056,25.3737],[107.4241,25.3031],[107.4772,25.28],[107.4989,25.2141],[107.6474,25.3064],[107.6769,25.206],[107.745,25.2263],[107.776,25.153],[107.8619,25.146],[107.9666,25.209],[108.0678,25.2131],[108.1292,25.2688],[108.1318,25.3864],[108.2934,25.5387],[108.4048,25.5149],[108.496,25.4474],[108.5985,25.3113],[108.6011,25.3778],[108.5679,25.4159],[108.6011,25.4834],[108.6517,25.501],[108.6423,25.5503],[108.6946,25.602],[108.7678,25.5989],[108.7741,25.5219],[108.9412,25.5488],[108.9836,25.515],[109.0414,25.5434],[109.0244,25.595],[109.0442,25.7091],[109.0267,25.7198],[108.9007,25.6565],[108.8709,25.7075],[108.9533,25.7757],[109.0854,25.8054],[109.128,25.7494],[109.1824,25.8033],[109.2286,25.7384],[109.3004,25.7431],[109.3556,25.876],[109.398,25.9132],[109.3991,25.9985],[109.4567,26.0389],[109.6032,26.0527],[109.6723,25.9853],[109.6538,25.9163],[109.6766,25.8891],[109.772,25.9082],[109.7813,26.0238],[109.8384,26.045],[109.9273,26.1971],[110.062,26.1499],[110.0336,26.0365],[110.1382,26.0517],[110.247,25.9782],[110.299,26.021],[110.3417,26.1127],[110.4097,26.164],[110.4846,26.1716],[110.5365,26.2249],[110.5541,26.3412],[110.6886,26.3323],[110.724,26.2743],[110.8789,26.2752],[110.9065,26.293],[110.9473,26.3899],[111.001,26.3537],[111.1233,26.306],[111.2519,26.2797],[111.2567,26.2101],[111.2317,26.0629],[111.1943,25.9575],[111.2286,25.8928],[111.2785,25.8611],[111.3174,25.909],[111.4466,25.9267],[111.4725,25.8907],[111.4224,25.8569],[111.4113,25.8026],[111.3611,25.7344],[111.3237,25.7298],[111.305,25.6392],[111.3262,25.5906],[111.3158,25.5032],[111.2538,25.3991],[111.1642,25.3649],[111.1138,25.2386],[111.0615,25.1786],[110.9932,25.1508],[110.9546,25.0253],[111.0306,24.918],[111.079,24.9442],[111.1258,25.0445],[111.2744,25.1477],[111.3181,25.112],[111.3732,25.1338],[111.4269,25.1062],[111.4215,25.0524],[111.4619,25.0195],[111.4297,24.9434],[111.4446,24.8458],[111.4736,24.7929],[111.4282,24.681],[111.5169,24.6427],[111.5687,24.6998],[111.6158,24.707],[111.6671,24.7797],[111.797,24.7604],[111.926,24.7749],[111.9966,24.7357],[111.9325,24.6983],[111.9333,24.6014],[112.0055,24.5531],[111.9909,24.4659],[112.0473,24.3815],[112.0366,24.3329],[111.9759,24.2768],[111.8693,24.2318],[111.8757,24.0985],[111.9019,24.0016],[111.8079,23.9092],[111.7754,23.8325],[111.6575,23.8417],[111.6137,23.7599],[111.6297,23.6937],[111.6012,23.658],[111.471,23.6132],[111.4693,23.5579],[111.3912,23.4313],[111.3628,23.273],[111.3842,23.2001],[111.37,23.1391],[111.4117,23.0724],[111.3512,22.9082],[111.2772,22.8185],[111.1815,22.7485],[111.066,22.7406],[111.0798,22.6923],[111.0238,22.6387],[110.9437,22.649],[110.9313,22.6171],[110.7546,22.5802],[110.7268,22.4846],[110.6823,22.4836],[110.697,22.3687],[110.7746,22.2837],[110.6708,22.2676],[110.6424,22.1835],[110.591,22.1602],[110.5393,22.18],[110.4667,22.151],[110.4141,22.1983],[110.3336,22.1905],[110.3555,22.1008],[110.344,21.9922],[110.3803,21.9515],[110.3773,21.9034],[110.2161,21.8745],[110.1424,21.8974],[109.9672,21.8667],[109.9172,21.6872],[109.894,21.6611],[109.7962,21.6347],[109.7459,21.6487],[109.7481,21.5749],[109.7732,21.4931],[109.7415,21.474],[109.6497,21.5205],[109.677,21.6234],[109.608,21.5751],[109.5609,21.6713],[109.5677,21.76],[109.4927,21.6986],[109.5728,21.5817],[109.5308,21.4916],[109.4382,21.4551],[109.3155,21.4591],[109.2146,21.4174],[109.1494,21.4385],[109.1387,21.4016],[109.0398,21.4503],[109.0601,21.4801],[109.1426,21.5102],[109.1358,21.603],[109.0776,21.597],[109.0667,21.6365],[108.9702,21.6063],[108.8695,21.6713],[108.8614,21.76],[108.7931,21.7128],[108.8343,21.6857],[108.8211,21.6439],[108.7335,21.6127],[108.7516,21.6501],[108.7127,21.6884],[108.7249,21.7464],[108.6832,21.7054],[108.6463,21.7514],[108.6731,21.798],[108.6423,21.8221],[108.6287,21.7464],[108.5714,21.8128],[108.6355,21.8842],[108.5945,21.9177],[108.5703,21.8934],[108.553,21.9518],[108.5188,21.8903],[108.4487,21.8658],[108.5051,21.7879],[108.4915,21.7402],[108.5188,21.6713],[108.5598,21.6986],[108.5188,21.5955],[108.42,21.5569],[108.4164,21.6234],[108.471,21.6713],[108.4097,21.6645],[108.3215,21.7097],[108.3276,21.6303],[108.2838,21.5447],[108.211,21.5006],[108.2525,21.5953],[108.2103,21.6303],[108.1764,21.5758],[108.0663,21.562],[108.0166,21.4704],[107.8555,21.6003],[107.8324,21.6394],[107.7448,21.6575],[107.6132,21.6056],[107.461,21.5964],[107.4459,21.6469],[107.3482,21.5994],[107.2727,21.7183],[107.1724,21.7151],[107.0658,21.7958],[107.0029,21.8106],[106.9871,21.8448],[107.0094,21.9274],[106.9204,21.917],[106.8648,21.9681],[106.7815,21.975],[106.7224,22.007],[106.6746,21.9622],[106.6482,21.9955],[106.6722,22.0925],[106.6397,22.1909],[106.6629,22.2233],[106.6173,22.3228],[106.5553,22.332],[106.5269,22.4278],[106.5688,22.5746],[106.6076,22.61],[106.6463,22.5688],[106.6802,22.5795],[106.7466,22.7443],[106.7898,22.7972],[106.731,22.8001],[106.6675,22.8675],[106.6104,22.8529],[106.5817,22.8953],[106.4878,22.9254],[106.458,22.889],[106.3157,22.8538],[106.234,22.8639],[106.2024,22.947],[106.0776,22.981],[105.9992,22.9754],[105.9448,22.9277],[105.8539,22.9047],[105.7547,23.0057],[105.6903,23.044],[105.5516,23.0597],[105.5213,23.1631]]]]}},{"type":"Feature","id":"hainan","properties":{"id":"hainan","name":"海南","nameEn":"Hainan","adcode":"460000","center":[109.825,19.1865],"sourceIds":["CHN-1775","PFA+00?"]},"geometry":{"type":"MultiPolygon","coordinates":[[[[111.1929,15.7782],[111.1994,15.7892],[111.2075,15.7822],[111.1929,15.7782]]],[[[111.7614,16.0487],[111.7634,16.0434],[111.7531,16.0447],[111.7614,16.0487]]],[[[111.6057,16.5335],[111.6063,16.5242],[111.5999,16.5275],[111.6057,16.5335]]],[[[112.7288,16.6693],[112.7368,16.6602],[112.7302,16.6602],[112.7288,16.6693]]],[[[112.3306,16.8376],[112.3372,16.8284],[112.3259,16.8332],[112.3306,16.8376]]],[[[112.3411,16.927],[112.3355,16.9238],[112.3337,16.9333],[112.3411,16.927]]],[[[110.9658,19.636],[110.8765,19.5398],[110.8218,19.5678],[110.7962,19.4846],[110.7324,19.4169],[110.6697,19.3817],[110.6779,19.3344],[110.6414,19.3124],[110.6216,19.2307],[110.5803,19.1552],[110.5462,19.1399],[110.5632,19.0556],[110.5099,18.9643],[110.5134,18.9064],[110.4656,18.8819],[110.4315,18.8215],[110.4928,18.7931],[110.4937,18.876],[110.5344,18.7856],[110.469,18.7772],[110.4268,18.6809],[110.2708,18.6682],[110.1033,18.5394],[110.0526,18.3902],[109.9686,18.3898],[110.0199,18.4177],[109.9925,18.4431],[109.8355,18.3823],[109.7461,18.3959],[109.7266,18.3038],[109.6704,18.273],[109.7393,18.2587],[109.7012,18.2041],[109.6773,18.2451],[109.5612,18.1693],[109.5612,18.2587],[109.5096,18.2308],[109.44,18.289],[109.2181,18.3056],[109.1626,18.2878],[109.1395,18.3407],[109.0916,18.3686],[109.0007,18.3672],[108.7956,18.4866],[108.695,18.5048],[108.6741,18.5548],[108.6909,18.6047],[108.6936,18.7199],[108.6275,18.8359],[108.6538,18.921],[108.6152,19.1016],[108.6631,19.1562],[108.6639,19.2096],[108.6221,19.2177],[108.627,19.275],[108.6773,19.3276],[108.6865,19.3779],[108.7707,19.3944],[108.9408,19.5141],[109.0159,19.6013],[109.1565,19.6496],[109.2049,19.7186],[109.3074,19.7111],[109.2732,19.7936],[109.1702,19.7248],[109.1668,19.8055],[109.3037,19.9217],[109.3213,19.892],[109.465,19.8341],[109.527,19.862],[109.527,19.9514],[109.5957,19.9931],[109.719,20.0106],[109.7376,19.9781],[109.8355,19.9309],[109.8833,19.9848],[109.9426,19.9909],[109.9901,19.906],[110.0137,19.9575],[110.1149,20.0019],[110.157,20.0674],[110.261,20.0331],[110.325,20.0612],[110.3865,20.0019],[110.383,20.081],[110.5641,19.9845],[110.6058,19.9232],[110.6232,19.9718],[110.5708,20.0307],[110.5931,20.1073],[110.6401,20.1083],[110.6779,20.1636],[110.7109,20.0752],[110.7883,20.0104],[110.9346,19.9951],[110.9771,19.8659],[110.9966,19.6866],[111.0347,19.6422],[110.9658,19.636]]]]}},{"type":"Feature","id":"chongqing","properties":{"id":"chongqing","name":"重庆","nameEn":"Chongqing","adcode":"500000","center":[107.73,30.0173],"sourceIds":["CHN-1154"]},"geometry":{"type":"Polygon","coordinates":[[[108.5184,32.1976],[108.6632,32.1125],[108.7393,32.0904],[108.7893,32.0453],[109.0559,31.9406],[109.1889,31.8403],[109.2526,31.744],[109.336,31.7052],[109.594,31.7376],[109.6588,31.7181],[109.7245,31.6361],[109.7326,31.5611],[109.9295,31.5187],[109.966,31.4782],[110.1082,31.398],[110.1467,31.3311],[110.1405,31.2632],[110.1749,31.1887],[110.1076,31.1223],[110.1376,31.0002],[110.1277,30.9064],[110.0662,30.8285],[109.9967,30.8262],[109.9455,30.8758],[109.8707,30.8886],[109.7486,30.8354],[109.665,30.768],[109.6398,30.7179],[109.5459,30.6506],[109.5133,30.6602],[109.3942,30.5837],[109.2865,30.6015],[109.1793,30.5668],[109.0734,30.6003],[108.9646,30.6075],[108.8684,30.5514],[108.7325,30.5197],[108.67,30.5738],[108.5731,30.4979],[108.4332,30.4873],[108.3806,30.3997],[108.4105,30.3628],[108.532,30.3155],[108.5435,30.281],[108.53,30.113],[108.5504,30.0093],[108.5289,29.9424],[108.5382,29.8855],[108.5032,29.8522],[108.4004,29.8311],[108.4468,29.7358],[108.521,29.7272],[108.5391,29.7824],[108.613,29.858],[108.6584,29.817],[108.696,29.6982],[108.872,29.639],[108.8955,29.5779],[108.872,29.5016],[108.9238,29.4024],[108.9206,29.349],[109.0142,29.3075],[109.0773,29.2141],[109.2066,29.1042],[109.2748,29.0493],[109.2455,28.9313],[109.2467,28.7855],[109.2812,28.7291],[109.2565,28.6598],[109.2132,28.6288],[109.2851,28.5846],[109.2584,28.5059],[109.1553,28.4355],[109.1236,28.3059],[109.0923,28.2705],[109.095,28.2052],[108.9429,28.1999],[108.7285,28.2422],[108.7837,28.4261],[108.6895,28.4847],[108.6408,28.4586],[108.6813,28.3377],[108.6075,28.3352],[108.5828,28.3742],[108.5824,28.6011],[108.5387,28.6462],[108.4061,28.6584],[108.3303,28.6892],[108.3207,28.7397],[108.3673,28.777],[108.3405,28.9197],[108.2862,29.0772],[108.1661,29.0604],[108.0546,29.0645],[107.8754,28.9841],[107.8291,28.9922],[107.7898,29.0402],[107.7835,29.1374],[107.6926,29.1427],[107.5572,29.1868],[107.4961,29.2461],[107.4305,29.1829],[107.424,29.077],[107.4997,28.9931],[107.4368,28.8773],[107.297,28.8084],[107.2488,28.809],[107.1611,28.8813],[107.1066,28.9005],[107.0307,28.8876],[106.9595,28.791],[106.9273,28.8103],[106.8492,28.773],[106.8479,28.6584],[106.8032,28.5883],[106.762,28.5909],[106.75,28.5022],[106.694,28.4828],[106.6302,28.5217],[106.5576,28.534],[106.6265,28.6374],[106.5624,28.7671],[106.4892,28.8317],[106.4611,28.8194],[106.5222,28.6727],[106.4889,28.6174],[106.4887,28.541],[106.3824,28.5725],[106.298,28.6724],[106.2574,28.7938],[106.2603,28.8693],[106.1793,28.9157],[106.1251,28.9161],[106.0084,28.9734],[105.878,28.92],[105.7951,28.9365],[105.7453,28.9948],[105.724,29.1177],[105.7338,29.1541],[105.7006,29.2237],[105.708,29.291],[105.6446,29.2697],[105.5058,29.2915],[105.4125,29.3439],[105.4052,29.43],[105.3148,29.4696],[105.2911,29.5848],[105.4117,29.7032],[105.5484,29.7366],[105.5575,29.8039],[105.6523,29.857],[105.71,29.8675],[105.713,29.9568],[105.7389,30.0326],[105.5572,30.1476],[105.5704,30.189],[105.6483,30.2139],[105.6537,30.2815],[105.7345,30.2871],[105.7283,30.3296],[105.7917,30.4234],[105.8534,30.4299],[105.905,30.3974],[105.9988,30.3851],[106.1247,30.3423],[106.239,30.2202],[106.3049,30.2629],[106.4083,30.2719],[106.4487,30.3239],[106.5017,30.3126],[106.5385,30.3411],[106.6178,30.2687],[106.6397,30.1974],[106.7173,30.0593],[106.7704,30.0366],[106.9593,30.064],[107.0329,30.0579],[107.2287,30.2382],[107.2671,30.3259],[107.3721,30.4999],[107.4165,30.5267],[107.4776,30.6095],[107.4884,30.6578],[107.4567,30.7609],[107.5076,30.822],[107.5589,30.8429],[107.6797,30.8533],[107.7215,30.8892],[107.8115,30.798],[107.9295,30.8727],[107.9317,30.9488],[108.0068,31.0386],[108.0436,31.1857],[108.0331,31.2222],[108.1421,31.284],[108.194,31.3309],[108.2231,31.4679],[108.3232,31.4994],[108.4068,31.566],[108.4496,31.6529],[108.5162,31.7083],[108.5007,31.7908],[108.4227,31.8525],[108.287,31.9222],[108.2678,31.9729],[108.3447,32.0735],[108.4192,32.1],[108.3612,32.1672],[108.389,32.1843],[108.5184,32.1976]]]}},{"type":"Feature","id":"sichuan","properties":{"id":"sichuan","name":"四川","nameEn":"Sichuan","adcode":"510000","center":[102.384,30.5431],"sourceIds":["CHN-1809"]},"geometry":{"type":"Polygon","coordinates":[[[108.5184,32.1976],[108.389,32.1843],[108.3612,32.1672],[108.4192,32.1],[108.3447,32.0735],[108.2678,31.9729],[108.287,31.9222],[108.4227,31.8525],[108.5007,31.7908],[108.5162,31.7083],[108.4496,31.6529],[108.4068,31.566],[108.3232,31.4994],[108.2231,31.4679],[108.194,31.3309],[108.1421,31.284],[108.0331,31.2222],[108.0436,31.1857],[108.0068,31.0386],[107.9317,30.9488],[107.9295,30.8727],[107.8115,30.798],[107.7215,30.8892],[107.6797,30.8533],[107.5589,30.8429],[107.5076,30.822],[107.4567,30.7609],[107.4884,30.6578],[107.4776,30.6095],[107.4165,30.5267],[107.3721,30.4999],[107.2671,30.3259],[107.2287,30.2382],[107.0329,30.0579],[106.9593,30.064],[106.7704,30.0366],[106.7173,30.0593],[106.6397,30.1974],[106.6178,30.2687],[106.5385,30.3411],[106.5017,30.3126],[106.4487,30.3239],[106.4083,30.2719],[106.3049,30.2629],[106.239,30.2202],[106.1247,30.3423],[105.9988,30.3851],[105.905,30.3974],[105.8534,30.4299],[105.7917,30.4234],[105.7283,30.3296],[105.7345,30.2871],[105.6537,30.2815],[105.6483,30.2139],[105.5704,30.189],[105.5572,30.1476],[105.7389,30.0326],[105.713,29.9568],[105.71,29.8675],[105.6523,29.857],[105.5575,29.8039],[105.5484,29.7366],[105.4117,29.7032],[105.2911,29.5848],[105.3148,29.4696],[105.4052,29.43],[105.4125,29.3439],[105.5058,29.2915],[105.6446,29.2697],[105.708,29.291],[105.7006,29.2237],[105.7338,29.1541],[105.724,29.1177],[105.7453,28.9948],[105.7951,28.9365],[105.878,28.92],[106.0084,28.9734],[106.1251,28.9161],[106.1793,28.9157],[106.2603,28.8693],[106.2574,28.7938],[106.298,28.6724],[106.3824,28.5725],[106.3387,28.4801],[106.2997,28.483],[106.2687,28.5566],[106.1888,28.5846],[105.9844,28.7535],[105.9315,28.7065],[105.8919,28.6093],[105.6832,28.5834],[105.6206,28.4824],[105.6558,28.4411],[105.6505,28.34],[105.866,28.2584],[105.8918,28.1539],[106.009,28.1402],[106.1094,28.1747],[106.1993,28.1243],[106.2153,28.0561],[106.299,28.0004],[106.3454,27.8349],[106.2476,27.7752],[106.1036,27.7881],[106.0392,27.7568],[105.8759,27.7452],[105.8431,27.7194],[105.7397,27.7157],[105.6311,27.6822],[105.5923,27.7296],[105.4798,27.7839],[105.3608,27.76],[105.297,27.7217],[105.277,27.7874],[105.2281,27.8558],[105.2687,27.9184],[105.2824,28.0007],[105.1916,28.0097],[105.1719,28.0617],[105.0557,28.0881],[104.9662,28.0478],[104.9583,27.9565],[104.8974,27.9011],[104.786,27.8745],[104.7024,27.883],[104.6048,27.8458],[104.4825,27.891],[104.3754,27.9617],[104.3338,28.0467],[104.4279,28.0753],[104.4446,28.0999],[104.4053,28.1977],[104.4173,28.2393],[104.3765,28.2823],[104.2635,28.346],[104.2501,28.5308],[104.44,28.6054],[104.4142,28.6401],[104.1402,28.6334],[104.0922,28.6127],[104.0478,28.6336],[103.9526,28.615],[103.8782,28.6306],[103.8511,28.6681],[103.7952,28.5312],[103.8598,28.4009],[103.8803,28.3257],[103.7892,28.2556],[103.7089,28.2159],[103.6438,28.2705],[103.5718,28.2432],[103.5384,28.1845],[103.459,28.1348],[103.4412,28.0424],[103.4892,28.0377],[103.5142,27.9714],[103.563,27.9755],[103.5112,27.9301],[103.5085,27.8645],[103.4148,27.7429],[103.2861,27.6337],[103.285,27.5808],[103.2181,27.5669],[103.1605,27.4972],[103.1208,27.4123],[102.9774,27.3889],[102.9548,27.4208],[102.8895,27.2915],[102.9139,27.1123],[102.8782,27.032],[102.9013,26.9247],[102.9753,26.8311],[103.0578,26.5363],[102.9958,26.4854],[103.0033,26.4004],[102.9514,26.3451],[102.8782,26.3651],[102.8455,26.3272],[102.767,26.2934],[102.7203,26.2376],[102.6678,26.2259],[102.6099,26.2602],[102.6265,26.3451],[102.5681,26.3786],[102.5029,26.3377],[102.4006,26.3118],[102.3583,26.2626],[102.2521,26.2289],[102.1457,26.1322],[102.1126,26.0844],[101.9216,26.0989],[101.8495,26.0348],[101.7757,26.1065],[101.7637,26.1763],[101.6766,26.2277],[101.5949,26.2087],[101.58,26.3069],[101.6436,26.3495],[101.5442,26.495],[101.4512,26.5306],[101.4124,26.5697],[101.4947,26.7056],[101.4806,26.7871],[101.4094,26.7295],[101.3707,26.7746],[101.3424,26.871],[101.1612,27.0168],[101.1415,27.0449],[101.1728,27.1911],[101.0038,27.1975],[100.9917,27.3308],[100.9408,27.4347],[100.8669,27.4947],[100.8721,27.562],[100.6609,27.8751],[100.6254,27.8973],[100.5593,27.8245],[100.4643,27.8472],[100.4095,27.829],[100.3492,27.7467],[100.2975,27.7611],[100.2959,27.8526],[100.2021,27.8988],[100.1596,27.9644],[100.0588,28.0661],[100.0292,28.1449],[100.0469,28.1871],[100.162,28.2363],[100.1431,28.3416],[100.0683,28.384],[100.001,28.4562],[99.9339,28.5694],[99.8456,28.6038],[99.8284,28.6726],[99.7323,28.745],[99.7189,28.8423],[99.6287,28.8146],[99.5344,28.6808],[99.5029,28.5794],[99.3931,28.5428],[99.3711,28.5008],[99.398,28.4566],[99.3886,28.3343],[99.4164,28.2548],[99.3989,28.1265],[99.3815,28.1845],[99.2747,28.2773],[99.1626,28.4382],[99.1784,28.4822],[99.1695,28.6025],[99.1177,28.7087],[99.0993,28.856],[99.1211,28.9647],[99.1041,29.0923],[99.1088,29.2238],[99.0625,29.3083],[99.042,29.5625],[98.9868,29.6509],[99.0177,29.8533],[99.0563,29.9153],[99.0341,30.0553],[98.9868,30.1444],[98.9607,30.46],[98.9328,30.4907],[98.9318,30.5796],[98.9054,30.6638],[98.9533,30.7082],[98.9543,30.7479],[98.8986,30.7787],[98.7751,30.9022],[98.803,30.991],[98.7213,31.0664],[98.6931,31.1247],[98.6038,31.1698],[98.6114,31.2562],[98.6379,31.3093],[98.6827,31.3159],[98.7678,31.2304],[98.885,31.3541],[98.5922,31.5988],[98.5587,31.6771],[98.5015,31.7498],[98.4257,31.8134],[98.4208,31.8782],[98.453,31.9841],[98.3747,32.0804],[98.3096,32.1287],[98.2202,32.2522],[98.2058,32.3556],[98.0806,32.4047],[98.0142,32.4645],[97.7157,32.5442],[97.6206,32.588],[97.4307,32.7003],[97.3842,32.7792],[97.361,32.897],[97.4003,32.9577],[97.4687,32.9825],[97.5044,33.0267],[97.4765,33.1203],[97.5005,33.1944],[97.5752,33.264],[97.6157,33.3284],[97.6841,33.348],[97.7243,33.4061],[97.6216,33.4456],[97.5393,33.4537],[97.4929,33.4989],[97.4774,33.5622],[97.3905,33.6114],[97.3947,33.7367],[97.3648,33.8258],[97.3835,33.8699],[97.6102,33.9309],[97.6389,33.9996],[97.6957,34.0052],[97.7383,33.9464],[97.7451,33.8649],[97.8191,33.8642],[98.0349,33.9598],[98.2118,33.9395],[98.3017,33.8458],[98.3847,33.8636],[98.4579,33.8401],[98.6458,33.6762],[98.6279,33.6159],[98.7357,33.4898],[98.7785,33.3503],[98.7729,33.3027],[98.8521,33.1749],[98.9069,33.1393],[99.1006,33.0725],[99.2253,32.9989],[99.2894,32.8871],[99.3969,32.8528],[99.5094,32.8354],[99.6985,32.7446],[99.7289,32.7577],[99.7626,32.847],[99.7693,32.9218],[99.841,32.957],[99.8602,33.0276],[99.9508,32.9441],[100.0469,32.9355],[100.1366,32.8475],[100.1586,32.7823],[100.119,32.6709],[100.2232,32.6369],[100.255,32.7258],[100.3994,32.7584],[100.4985,32.6691],[100.5609,32.5633],[100.473,32.4853],[100.4686,32.4553],[100.5312,32.4034],[100.603,32.4512],[100.635,32.5262],[100.6747,32.6831],[100.8349,32.6635],[100.9022,32.6305],[100.9837,32.6387],[101.0495,32.6756],[101.1708,32.6883],[101.2366,32.8075],[101.2319,32.8577],[101.1314,32.9384],[101.1249,33.0018],[101.1641,33.1281],[101.22,33.1706],[101.3243,33.2023],[101.3743,33.1786],[101.4452,33.2359],[101.5246,33.1959],[101.592,33.1296],[101.6436,33.1278],[101.7269,33.2678],[101.6651,33.3204],[101.6911,33.4203],[101.7661,33.4712],[101.7775,33.53],[101.7954,33.6051],[101.884,33.5463],[101.9232,33.4064],[101.8891,33.3287],[101.8322,33.2692],[101.8528,33.1221],[102.0042,33.2188],[102.0994,33.2222],[102.131,33.2847],[102.2289,33.3237],[102.2788,33.3778],[102.3863,33.4098],[102.4818,33.465],[102.4536,33.5356],[102.4818,33.5401],[102.356,33.6094],[102.3248,33.6534],[102.3431,33.7252],[102.2474,33.7977],[102.2642,33.8262],[102.1712,33.9418],[102.3194,33.9874],[102.372,33.976],[102.4406,34.0597],[102.6176,34.0835],[102.6359,34.1103],[102.5748,34.1395],[102.7083,34.2142],[102.7818,34.2742],[102.9306,34.2956],[103.0006,34.214],[103.1201,34.1686],[103.1524,34.1085],[103.1421,33.9615],[103.1932,33.8838],[103.1842,33.8221],[103.272,33.7652],[103.3507,33.7557],[103.4363,33.7697],[103.5184,33.8108],[103.5586,33.8069],[103.5228,33.7141],[103.6594,33.7105],[103.7451,33.676],[103.9151,33.6833],[104.093,33.6685],[104.1563,33.624],[104.1747,33.4902],[104.2929,33.3636],[104.3829,33.3265],[104.2806,33.2721],[104.3282,33.1404],[104.4059,33.0633],[104.4142,33.0227],[104.3776,32.9588],[104.3213,32.9527],[104.2765,32.8823],[104.2889,32.8479],[104.4057,32.8094],[104.5584,32.6883],[104.6454,32.6579],[104.841,32.6398],[104.8983,32.6118],[105.0318,32.6387],[105.0883,32.6],[105.1468,32.6083],[105.213,32.6634],[105.27,32.6417],[105.4372,32.7465],[105.3864,32.8234],[105.3852,32.8742],[105.4644,32.9215],[105.4986,32.9074],[105.5513,32.8059],[105.5683,32.7305],[105.6333,32.7075],[105.7245,32.7598],[105.806,32.7551],[105.8755,32.8447],[106.0393,32.8724],[106.1025,32.8598],[106.0609,32.7712],[106.0565,32.7136],[106.1149,32.6488],[106.2289,32.592],[106.2819,32.5955],[106.364,32.6387],[106.604,32.6755],[106.7126,32.7378],[106.8134,32.7208],[107.0653,32.7083],[107.0962,32.6692],[107.07,32.5229],[107.2022,32.4528],[107.2841,32.4529],[107.3705,32.5198],[107.4483,32.5222],[107.4596,32.4086],[107.6592,32.3886],[107.7729,32.3107],[107.8435,32.2282],[107.9601,32.1583],[108.0031,32.1499],[108.0518,32.2266],[108.1877,32.2353],[108.2367,32.2627],[108.3676,32.2655],[108.4794,32.2503],[108.5184,32.1976]]]}},{"type":"Feature","id":"guizhou","properties":{"id":"guizhou","name":"贵州","nameEn":"Guizhou","adcode":"520000","center":[106.559,26.8033],"sourceIds":["CHN-1153"]},"geometry":{"type":"Polygon","coordinates":[[[109.2584,28.5059],[109.2639,28.3222],[109.3543,28.2652],[109.3543,28.2088],[109.2987,28.0947],[109.3001,28.0515],[109.3633,28.0575],[109.3099,27.9703],[109.3377,27.9296],[109.3093,27.8978],[109.3282,27.8077],[109.3588,27.7607],[109.4134,27.739],[109.4473,27.65],[109.4184,27.5595],[109.3184,27.5006],[109.2769,27.4385],[109.2064,27.4448],[109.1308,27.4062],[109.1174,27.3706],[109.0149,27.2622],[108.9639,27.2465],[108.9001,27.1888],[108.8968,27.1472],[108.7913,27.0831],[108.8742,27.0181],[108.9502,27.0269],[109.0078,27.0941],[109.0955,27.1344],[109.1556,27.0797],[109.2306,27.152],[109.2756,27.1333],[109.336,27.1535],[109.4382,27.131],[109.4992,27.0625],[109.5071,26.9764],[109.4438,26.901],[109.5199,26.8584],[109.5053,26.8248],[109.3971,26.7547],[109.294,26.7273],[109.3017,26.6806],[109.3772,26.6462],[109.4067,26.5972],[109.4026,26.5373],[109.315,26.4257],[109.2966,26.3125],[109.3304,26.2805],[109.3993,26.2699],[109.4275,26.0986],[109.4567,26.0389],[109.3991,25.9985],[109.398,25.9132],[109.3556,25.876],[109.3004,25.7431],[109.2286,25.7384],[109.1824,25.8033],[109.128,25.7494],[109.0854,25.8054],[108.9533,25.7757],[108.8709,25.7075],[108.9007,25.6565],[109.0267,25.7198],[109.0442,25.7091],[109.0244,25.595],[109.0414,25.5434],[108.9836,25.515],[108.9412,25.5488],[108.7741,25.5219],[108.7678,25.5989],[108.6946,25.602],[108.6423,25.5503],[108.6517,25.501],[108.6011,25.4834],[108.5679,25.4159],[108.6011,25.3778],[108.5985,25.3113],[108.496,25.4474],[108.4048,25.5149],[108.2934,25.5387],[108.1318,25.3864],[108.1292,25.2688],[108.0678,25.2131],[107.9666,25.209],[107.8619,25.146],[107.776,25.153],[107.745,25.2263],[107.6769,25.206],[107.6474,25.3064],[107.4989,25.2141],[107.4772,25.28],[107.4241,25.3031],[107.4056,25.3737],[107.3139,25.4238],[107.3274,25.4702],[107.2442,25.5586],[107.1288,25.5233],[107.0779,25.5284],[106.9746,25.4404],[107.0146,25.3534],[106.9955,25.2554],[106.9093,25.2484],[106.886,25.197],[106.6668,25.1735],[106.5871,25.1044],[106.4567,25.0361],[106.3066,24.9815],[106.1557,24.9604],[106.1987,24.8768],[106.1762,24.7822],[106.0595,24.6935],[106.0207,24.6419],[105.9165,24.7287],[105.7877,24.7157],[105.6753,24.7897],[105.5086,24.8175],[105.4581,24.8664],[105.4444,24.9236],[105.3807,24.9571],[105.2894,24.9332],[105.1887,25.0088],[105.1001,24.9543],[105.0481,24.8954],[105.0125,24.7975],[104.8767,24.755],[104.8519,24.7058],[104.781,24.6796],[104.7293,24.6314],[104.5399,24.7418],[104.5456,24.8134],[104.7005,24.999],[104.689,25.1013],[104.7197,25.2109],[104.7678,25.2199],[104.7782,25.2617],[104.6689,25.2968],[104.5658,25.3812],[104.535,25.5081],[104.4327,25.5068],[104.4224,25.5793],[104.3499,25.6142],[104.3062,25.6648],[104.2995,25.7608],[104.367,25.7505],[104.4206,25.8569],[104.3929,25.9479],[104.4634,25.9815],[104.499,26.0308],[104.505,26.1474],[104.5452,26.2704],[104.6755,26.3793],[104.6265,26.4977],[104.5594,26.5847],[104.4662,26.6135],[104.4299,26.7125],[104.3931,26.7137],[104.3585,26.6478],[104.2181,26.6266],[104.1534,26.6512],[104.0798,26.6002],[104.0204,26.5142],[103.9158,26.5178],[103.7866,26.5771],[103.7578,26.6294],[103.7721,26.7405],[103.7374,26.7361],[103.7173,26.799],[103.7296,26.8565],[103.7783,26.88],[103.7783,26.9559],[103.7009,27.0524],[103.6371,27.0184],[103.5964,27.0761],[103.6954,27.1517],[103.8593,27.3154],[103.9113,27.3904],[103.9811,27.3995],[104.0471,27.3463],[104.1743,27.2715],[104.2384,27.2952],[104.2469,27.3495],[104.3444,27.4412],[104.3736,27.4375],[104.4437,27.3472],[104.5097,27.3193],[104.5942,27.3138],[104.7834,27.3322],[104.8709,27.3098],[105.0826,27.4125],[105.1974,27.3986],[105.2461,27.5825],[105.297,27.7217],[105.3608,27.76],[105.4798,27.7839],[105.5923,27.7296],[105.6311,27.6822],[105.7397,27.7157],[105.8431,27.7194],[105.8759,27.7452],[106.0392,27.7568],[106.1036,27.7881],[106.2476,27.7752],[106.3454,27.8349],[106.299,28.0004],[106.2153,28.0561],[106.1993,28.1243],[106.1094,28.1747],[106.009,28.1402],[105.8918,28.1539],[105.866,28.2584],[105.6505,28.34],[105.6558,28.4411],[105.6206,28.4824],[105.6832,28.5834],[105.8919,28.6093],[105.9315,28.7065],[105.9844,28.7535],[106.1888,28.5846],[106.2687,28.5566],[106.2997,28.483],[106.3387,28.4801],[106.3824,28.5725],[106.4887,28.541],[106.4889,28.6174],[106.5222,28.6727],[106.4611,28.8194],[106.4892,28.8317],[106.5624,28.7671],[106.6265,28.6374],[106.5576,28.534],[106.6302,28.5217],[106.694,28.4828],[106.75,28.5022],[106.762,28.5909],[106.8032,28.5883],[106.8479,28.6584],[106.8492,28.773],[106.9273,28.8103],[106.9595,28.791],[107.0307,28.8876],[107.1066,28.9005],[107.1611,28.8813],[107.2488,28.809],[107.297,28.8084],[107.4368,28.8773],[107.4997,28.9931],[107.424,29.077],[107.4305,29.1829],[107.4961,29.2461],[107.5572,29.1868],[107.6926,29.1427],[107.7835,29.1374],[107.7898,29.0402],[107.8291,28.9922],[107.8754,28.9841],[108.0546,29.0645],[108.1661,29.0604],[108.2862,29.0772],[108.3405,28.9197],[108.3673,28.777],[108.3207,28.7397],[108.3303,28.6892],[108.4061,28.6584],[108.5387,28.6462],[108.5824,28.6011],[108.5828,28.3742],[108.6075,28.3352],[108.6813,28.3377],[108.6408,28.4586],[108.6895,28.4847],[108.7837,28.4261],[108.7285,28.2422],[108.9429,28.1999],[109.095,28.2052],[109.0923,28.2705],[109.1236,28.3059],[109.1553,28.4355],[109.2584,28.5059]]]}},{"type":"Feature","id":"yunnan","properties":{"id":"yunnan","name":"云南","nameEn":"Yunnan","adcode":"530000","center":[101.661,24.4603],"sourceIds":["CHN-1810"]},"geometry":{"type":"Polygon","coordinates":[[[98.115,28.1439],[98.2302,28.2029],[98.2615,28.2397],[98.2998,28.3548],[98.41,28.2506],[98.4899,28.2481],[98.5758,28.3175],[98.6404,28.4241],[98.6358,28.5003],[98.594,28.5832],[98.5892,28.6703],[98.6781,28.7571],[98.6387,28.8787],[98.6353,28.9414],[98.6648,28.9742],[98.785,29.0002],[98.8507,28.8201],[98.9456,28.842],[98.9089,28.9124],[98.9324,28.9863],[98.9926,29.0225],[99.0063,29.0732],[98.9722,29.159],[98.9902,29.202],[99.1088,29.2238],[99.1041,29.0923],[99.1211,28.9647],[99.0993,28.856],[99.1177,28.7087],[99.1695,28.6025],[99.1784,28.4822],[99.1626,28.4382],[99.2747,28.2773],[99.3815,28.1845],[99.3989,28.1265],[99.4164,28.2548],[99.3886,28.3343],[99.398,28.4566],[99.3711,28.5008],[99.3931,28.5428],[99.5029,28.5794],[99.5344,28.6808],[99.6287,28.8146],[99.7189,28.8423],[99.7323,28.745],[99.8284,28.6726],[99.8456,28.6038],[99.9339,28.5694],[100.001,28.4562],[100.0683,28.384],[100.1431,28.3416],[100.162,28.2363],[100.0469,28.1871],[100.0292,28.1449],[100.0588,28.0661],[100.1596,27.9644],[100.2021,27.8988],[100.2959,27.8526],[100.2975,27.7611],[100.3492,27.7467],[100.4095,27.829],[100.4643,27.8472],[100.5593,27.8245],[100.6254,27.8973],[100.6609,27.8751],[100.8721,27.562],[100.8669,27.4947],[100.9408,27.4347],[100.9917,27.3308],[101.0038,27.1975],[101.1728,27.1911],[101.1415,27.0449],[101.1612,27.0168],[101.3424,26.871],[101.3707,26.7746],[101.4094,26.7295],[101.4806,26.7871],[101.4947,26.7056],[101.4124,26.5697],[101.4512,26.5306],[101.5442,26.495],[101.6436,26.3495],[101.58,26.3069],[101.5949,26.2087],[101.6766,26.2277],[101.7637,26.1763],[101.7757,26.1065],[101.8495,26.0348],[101.9216,26.0989],[102.1126,26.0844],[102.1457,26.1322],[102.2521,26.2289],[102.3583,26.2626],[102.4006,26.3118],[102.5029,26.3377],[102.5681,26.3786],[102.6265,26.3451],[102.6099,26.2602],[102.6678,26.2259],[102.7203,26.2376],[102.767,26.2934],[102.8455,26.3272],[102.8782,26.3651],[102.9514,26.3451],[103.0033,26.4004],[102.9958,26.4854],[103.0578,26.5363],[102.9753,26.8311],[102.9013,26.9247],[102.8782,27.032],[102.9139,27.1123],[102.8895,27.2915],[102.9548,27.4208],[102.9774,27.3889],[103.1208,27.4123],[103.1605,27.4972],[103.2181,27.5669],[103.285,27.5808],[103.2861,27.6337],[103.4148,27.7429],[103.5085,27.8645],[103.5112,27.9301],[103.563,27.9755],[103.5142,27.9714],[103.4892,28.0377],[103.4412,28.0424],[103.459,28.1348],[103.5384,28.1845],[103.5718,28.2432],[103.6438,28.2705],[103.7089,28.2159],[103.7892,28.2556],[103.8803,28.3257],[103.8598,28.4009],[103.7952,28.5312],[103.8511,28.6681],[103.8782,28.6306],[103.9526,28.615],[104.0478,28.6336],[104.0922,28.6127],[104.1402,28.6334],[104.4142,28.6401],[104.44,28.6054],[104.2501,28.5308],[104.2635,28.346],[104.3765,28.2823],[104.4173,28.2393],[104.4053,28.1977],[104.4446,28.0999],[104.4279,28.0753],[104.3338,28.0467],[104.3754,27.9617],[104.4825,27.891],[104.6048,27.8458],[104.7024,27.883],[104.786,27.8745],[104.8974,27.9011],[104.9583,27.9565],[104.9662,28.0478],[105.0557,28.0881],[105.1719,28.0617],[105.1916,28.0097],[105.2824,28.0007],[105.2687,27.9184],[105.2281,27.8558],[105.277,27.7874],[105.297,27.7217],[105.2461,27.5825],[105.1974,27.3986],[105.0826,27.4125],[104.8709,27.3098],[104.7834,27.3322],[104.5942,27.3138],[104.5097,27.3193],[104.4437,27.3472],[104.3736,27.4375],[104.3444,27.4412],[104.2469,27.3495],[104.2384,27.2952],[104.1743,27.2715],[104.0471,27.3463],[103.9811,27.3995],[103.9113,27.3904],[103.8593,27.3154],[103.6954,27.1517],[103.5964,27.0761],[103.6371,27.0184],[103.7009,27.0524],[103.7783,26.9559],[103.7783,26.88],[103.7296,26.8565],[103.7173,26.799],[103.7374,26.7361],[103.7721,26.7405],[103.7578,26.6294],[103.7866,26.5771],[103.9158,26.5178],[104.0204,26.5142],[104.0798,26.6002],[104.1534,26.6512],[104.2181,26.6266],[104.3585,26.6478],[104.3931,26.7137],[104.4299,26.7125],[104.4662,26.6135],[104.5594,26.5847],[104.6265,26.4977],[104.6755,26.3793],[104.5452,26.2704],[104.505,26.1474],[104.499,26.0308],[104.4634,25.9815],[104.3929,25.9479],[104.4206,25.8569],[104.367,25.7505],[104.2995,25.7608],[104.3062,25.6648],[104.3499,25.6142],[104.4224,25.5793],[104.4327,25.5068],[104.535,25.5081],[104.5658,25.3812],[104.6689,25.2968],[104.7782,25.2617],[104.7678,25.2199],[104.7197,25.2109],[104.689,25.1013],[104.7005,24.999],[104.5456,24.8134],[104.5399,24.7418],[104.4946,24.6982],[104.5019,24.5782],[104.5992,24.4025],[104.667,24.3398],[104.7287,24.3642],[104.6994,24.4487],[104.7527,24.4683],[104.8594,24.4537],[104.9611,24.4164],[105.0608,24.4307],[105.113,24.4098],[105.1762,24.3099],[105.1699,24.1674],[105.1909,24.1256],[105.2829,24.0741],[105.2863,24.1243],[105.4472,24.0376],[105.4936,24.0501],[105.5205,24.1162],[105.6185,24.1353],[105.6409,24.0825],[105.788,24.0207],[105.8722,24.0247],[105.9106,24.0815],[106.0211,24.1109],[106.0152,24.0594],[106.1574,23.9737],[106.1452,23.9347],[106.1938,23.8694],[106.1341,23.7967],[106.1522,23.7504],[106.1281,23.5407],[106.0561,23.483],[105.983,23.469],[105.848,23.5194],[105.7458,23.4138],[105.6921,23.3898],[105.7017,23.3593],[105.6289,23.3473],[105.6188,23.2847],[105.5273,23.1976],[105.5213,23.1631],[105.4739,23.1945],[105.4309,23.2678],[105.3323,23.318],[105.3122,23.3658],[105.2359,23.3198],[105.2175,23.2654],[105.0611,23.2325],[104.9452,23.1598],[104.8701,23.1635],[104.8613,23.1196],[104.7979,23.0856],[104.8236,22.9241],[104.7282,22.8391],[104.6627,22.8109],[104.5792,22.8089],[104.5535,22.836],[104.449,22.7452],[104.3402,22.6864],[104.2495,22.7283],[104.2133,22.825],[104.0733,22.7827],[104.0238,22.7192],[103.9854,22.5272],[103.9595,22.5071],[103.8668,22.5754],[103.7942,22.6594],[103.6469,22.799],[103.59,22.768],[103.5446,22.691],[103.5509,22.6408],[103.5143,22.5874],[103.4731,22.5916],[103.4043,22.6888],[103.4017,22.7378],[103.3096,22.7879],[103.2525,22.6786],[103.1417,22.607],[103.142,22.5378],[103.0442,22.4865],[103.0451,22.4405],[102.9891,22.4376],[102.8937,22.4874],[102.8452,22.5852],[102.7519,22.6253],[102.6927,22.6705],[102.5867,22.7161],[102.5358,22.6958],[102.5158,22.7452],[102.4427,22.7652],[102.395,22.6805],[102.3563,22.6587],[102.3769,22.6156],[102.2525,22.4955],[102.218,22.4107],[102.1645,22.4255],[102.1073,22.3975],[102.0146,22.4461],[101.8916,22.4297],[101.8679,22.3788],[101.8178,22.4063],[101.7849,22.4722],[101.7131,22.4915],[101.6545,22.4461],[101.6437,22.3647],[101.6061,22.2848],[101.5407,22.2715],[101.5182,22.2282],[101.5615,22.1761],[101.5554,22.0903],[101.6068,21.9676],[101.6737,21.9314],[101.7511,21.8161],[101.7285,21.7175],[101.7559,21.6487],[101.8038,21.6259],[101.7936,21.5882],[101.7348,21.5544],[101.7225,21.3042],[101.8123,21.2581],[101.8052,21.2045],[101.7601,21.196],[101.7667,21.1506],[101.7179,21.1345],[101.6359,21.1895],[101.5772,21.1852],[101.584,21.2244],[101.4951,21.2428],[101.3815,21.2225],[101.2753,21.1741],[101.209,21.2455],[101.2074,21.3148],[101.2348,21.3637],[101.1714,21.4034],[101.1866,21.5353],[101.159,21.5527],[101.1739,21.6119],[101.1277,21.6952],[101.1189,21.7598],[101.0687,21.762],[100.9928,21.7114],[100.8775,21.6773],[100.797,21.6261],[100.704,21.5164],[100.5718,21.4551],[100.4567,21.455],[100.3837,21.5278],[100.3265,21.5243],[100.2752,21.4752],[100.1871,21.4279],[100.09,21.5289],[100.0856,21.5676],[100.1463,21.6492],[100.0823,21.6845],[99.9967,21.6861],[99.9503,21.7212],[99.9202,21.852],[99.9657,21.963],[99.9424,22.0455],[99.8478,22.055],[99.821,22.0178],[99.7392,22.0668],[99.6839,22.039],[99.6335,22.0848],[99.4386,22.1242],[99.3649,22.0989],[99.2529,22.1028],[99.1445,22.1535],[99.2437,22.3412],[99.2431,22.3932],[99.2828,22.4119],[99.3578,22.4955],[99.355,22.6085],[99.308,22.7452],[99.359,22.7749],[99.4144,22.8569],[99.4134,22.9307],[99.4845,22.9103],[99.538,22.9264],[99.4904,23.012],[99.4931,23.0574],[99.4033,23.0683],[99.3141,23.1265],[99.2166,23.0574],[99.1993,23.0923],[99.0749,23.1017],[99.0264,23.1604],[98.859,23.1794],[98.9107,23.2976],[98.8532,23.335],[98.8896,23.4068],[98.8489,23.4804],[98.8,23.4807],[98.7809,23.5329],[98.8574,23.6043],[98.8003,23.6927],[98.7779,23.7693],[98.6637,23.7969],[98.6633,23.9695],[98.7168,23.9884],[98.8562,24.0838],[98.8657,24.1457],[98.7162,24.1213],[98.5852,24.0757],[98.5033,24.1213],[98.3956,24.1281],[98.3307,24.0995],[98.1815,24.1187],[98.1051,24.1015],[97.89,24.0226],[97.8178,23.9582],[97.7678,23.9465],[97.6968,23.8871],[97.6371,23.8636],[97.5165,23.9428],[97.7077,24.1253],[97.7184,24.2777],[97.6445,24.3024],[97.6896,24.3465],[97.6399,24.4393],[97.5196,24.4308],[97.5386,24.5973],[97.5361,24.745],[97.6639,24.8298],[97.7485,24.8265],[97.773,24.8547],[97.7241,24.8972],[97.7033,24.9604],[97.7036,25.0739],[97.7375,25.0905],[97.8236,25.2616],[97.8889,25.2056],[98.0449,25.3119],[98.1084,25.3889],[98.0995,25.4933],[98.1342,25.5346],[98.1401,25.6115],[98.2324,25.5866],[98.2766,25.5524],[98.3326,25.567],[98.4132,25.6921],[98.4613,25.7947],[98.5095,25.8381],[98.61,25.8006],[98.6924,25.879],[98.6162,25.9794],[98.5824,25.9823],[98.5455,26.1056],[98.6257,26.1443],[98.6444,26.0979],[98.7055,26.1749],[98.677,26.2393],[98.6422,26.2545],[98.6578,26.3116],[98.7172,26.4087],[98.7211,26.5389],[98.7556,26.625],[98.732,26.7135],[98.7492,26.7714],[98.7145,26.862],[98.7357,26.9073],[98.7127,26.9951],[98.7378,27.0487],[98.6914,27.0924],[98.6726,27.1756],[98.7042,27.3042],[98.6744,27.3866],[98.6793,27.5773],[98.6472,27.6117],[98.5784,27.5917],[98.5222,27.6563],[98.4923,27.6434],[98.4103,27.6843],[98.3833,27.5558],[98.3286,27.5229],[98.2947,27.5366],[98.2544,27.6481],[98.2044,27.7273],[98.1966,27.8232],[98.1401,27.8786],[98.1767,27.8981],[98.1071,27.9731],[98.1225,28.0154],[98.115,28.1439]]]}},{"type":"Feature","id":"xizang","properties":{"id":"xizang","name":"西藏","nameEn":"Xizang","adcode":"540000","center":[88.4137,31.4515],"sourceIds":["CHN-1662"]},"geometry":{"type":"Polygon","coordinates":[[[78.9569,34.34],[79.0377,34.3847],[79.2045,34.4394],[79.3384,34.4308],[79.5126,34.4717],[79.6025,34.4587],[79.7173,34.4128],[79.794,34.431],[79.8627,34.5212],[79.9563,34.6848],[79.953,34.7578],[79.9167,34.7984],[79.8838,34.9196],[79.9263,34.9547],[80.001,34.9684],[80.0469,35.0177],[80.0142,35.0859],[80.1762,35.2532],[80.2629,35.4357],[80.2596,35.5142],[80.3192,35.5093],[80.486,35.4042],[80.6561,35.3843],[80.7661,35.3434],[80.8585,35.3471],[80.9789,35.2934],[81.0369,35.3108],[81.0609,35.3886],[81.2102,35.3169],[81.3573,35.3324],[81.4618,35.3102],[81.5451,35.2518],[81.6042,35.2369],[81.7114,35.2457],[81.9243,35.2922],[82.0022,35.3194],[82.086,35.448],[82.2892,35.545],[82.3189,35.6337],[82.4282,35.6898],[82.7104,35.6502],[82.7846,35.6845],[82.9359,35.6741],[82.9784,35.6008],[82.9718,35.4904],[83.0987,35.4128],[83.2461,35.4212],[83.3527,35.394],[83.4526,35.3936],[83.5648,35.3607],[83.8707,35.3745],[83.9844,35.416],[84.0511,35.4117],[84.1332,35.3775],[84.2147,35.389],[84.5634,35.5595],[84.7776,35.6005],[84.9236,35.6893],[85.1498,35.7498],[85.2603,35.7304],[85.3893,35.7567],[85.5239,35.7163],[85.5619,35.6574],[85.6198,35.6754],[85.7169,35.7593],[85.7682,35.7726],[85.9299,35.7617],[85.9932,35.7848],[86.0874,35.8756],[86.1332,35.9853],[86.1785,36.0203],[86.2123,36.1159],[86.2724,36.1456],[86.3995,36.17],[86.4594,36.2194],[86.5896,36.2165],[86.7139,36.2315],[86.787,36.2603],[87.0008,36.2741],[87.1938,36.304],[87.3456,36.3741],[87.5006,36.3365],[87.5709,36.3338],[87.9245,36.3826],[88.0001,36.4284],[88.1488,36.4284],[88.2768,36.4486],[88.4592,36.4489],[88.5224,36.4143],[88.7117,36.3684],[88.8281,36.3737],[88.9583,36.2873],[89.1105,36.2623],[89.2236,36.2636],[89.6778,36.082],[89.5147,36.0533],[89.4351,35.9878],[89.4846,35.8802],[89.5814,35.8398],[89.7888,35.8269],[89.7889,35.7755],[89.7151,35.6423],[89.7174,35.5508],[89.6903,35.5086],[89.7368,35.4788],[89.7301,35.4437],[89.6187,35.3872],[89.4843,35.3422],[89.4854,35.2807],[89.4548,35.2128],[89.5717,35.0733],[89.5627,34.9564],[89.6454,34.9337],[89.7877,34.9264],[89.8252,34.8461],[89.7877,34.7867],[89.7239,34.7396],[89.7618,34.6627],[89.7911,34.5541],[89.7957,34.4084],[89.8456,34.37],[89.7866,34.1985],[89.7393,34.1538],[89.6699,34.1398],[89.6367,34.0934],[89.6811,33.9834],[89.7419,33.9095],[89.8772,33.8227],[89.9,33.7476],[89.9426,33.7294],[89.9751,33.6306],[90.1406,33.5782],[90.2032,33.5001],[90.2057,33.4015],[90.2433,33.348],[90.3232,33.2887],[90.4363,33.2822],[90.4695,33.252],[90.6603,33.1559],[90.8041,33.1405],[90.9499,33.2394],[91.0375,33.2348],[91.1279,33.2543],[91.1892,33.337],[91.3616,33.337],[91.3999,33.3165],[91.3765,33.2713],[91.4752,33.1407],[91.5427,33.0803],[91.7203,32.9825],[91.8131,32.9683],[91.9244,32.8715],[91.9768,32.8486],[92.0861,32.8856],[92.1961,32.8686],[92.1876,32.8153],[92.2214,32.745],[92.36,32.7683],[92.4658,32.7694],[92.65,32.7404],[92.7273,32.7606],[92.85,32.7289],[93.0059,32.7346],[93.0313,32.6635],[93.2185,32.6598],[93.3453,32.5777],[93.4426,32.5633],[93.5104,32.5161],[93.5972,32.5646],[93.7342,32.5725],[93.802,32.5552],[93.8774,32.4954],[93.9309,32.5096],[94.0046,32.4806],[94.1108,32.4782],[94.1783,32.5223],[94.3169,32.5408],[94.3568,32.6141],[94.4106,32.5915],[94.5037,32.6247],[94.5822,32.6722],[94.6275,32.6659],[94.7218,32.5929],[94.7552,32.5355],[94.8522,32.5001],[94.9389,32.4282],[94.9513,32.3372],[95.0618,32.2612],[95.2591,32.2441],[95.3176,32.1843],[95.3821,32.1701],[95.4253,32.0948],[95.413,32.0083],[95.3543,31.9544],[95.4068,31.8107],[95.4971,31.7417],[95.5927,31.7616],[95.725,31.7464],[95.7738,31.698],[95.8489,31.7143],[96.0275,31.715],[96.0942,31.7005],[96.1673,31.548],[96.236,31.5777],[96.2146,31.6068],[96.2323,31.682],[96.2129,31.7351],[96.1478,31.7799],[96.1826,31.8712],[96.2782,31.9091],[96.3316,31.8909],[96.3827,31.8185],[96.4832,31.7535],[96.6642,31.7211],[96.7374,31.6798],[96.7954,31.7155],[96.7485,31.8239],[96.7864,31.9101],[96.733,31.9603],[96.8717,31.9944],[96.9146,31.9901],[97.0181,32.0229],[97.1241,32.0093],[97.1835,32.0646],[97.2549,32.0758],[97.2544,32.204],[97.2917,32.265],[97.3598,32.2605],[97.3932,32.385],[97.3263,32.4236],[97.3609,32.5002],[97.5623,32.4843],[97.6309,32.4441],[97.7157,32.5442],[98.0142,32.4645],[98.0806,32.4047],[98.2058,32.3556],[98.2202,32.2522],[98.3096,32.1287],[98.3747,32.0804],[98.453,31.9841],[98.4208,31.8782],[98.4257,31.8134],[98.5015,31.7498],[98.5587,31.6771],[98.5922,31.5988],[98.885,31.3541],[98.7678,31.2304],[98.6827,31.3159],[98.6379,31.3093],[98.6114,31.2562],[98.6038,31.1698],[98.6931,31.1247],[98.7213,31.0664],[98.803,30.991],[98.7751,30.9022],[98.8986,30.7787],[98.9543,30.7479],[98.9533,30.7082],[98.9054,30.6638],[98.9318,30.5796],[98.9328,30.4907],[98.9607,30.46],[98.9868,30.1444],[99.0341,30.0553],[99.0563,29.9153],[99.0177,29.8533],[98.9868,29.6509],[99.042,29.5625],[99.0625,29.3083],[99.1088,29.2238],[98.9902,29.202],[98.9722,29.159],[99.0063,29.0732],[98.9926,29.0225],[98.9324,28.9863],[98.9089,28.9124],[98.9456,28.842],[98.8507,28.8201],[98.785,29.0002],[98.6648,28.9742],[98.6353,28.9414],[98.6387,28.8787],[98.6781,28.7571],[98.5892,28.6703],[98.594,28.5832],[98.6358,28.5003],[98.6404,28.4241],[98.5758,28.3175],[98.4899,28.2481],[98.41,28.2506],[98.2998,28.3548],[98.2615,28.2397],[98.2302,28.2029],[98.115,28.1439],[98.0486,28.1996],[97.9911,28.214],[97.9929,28.2689],[97.8975,28.3553],[97.8591,28.3701],[97.7973,28.3439],[97.74,28.3826],[97.6996,28.488],[97.6705,28.5113],[97.6136,28.482],[97.5462,28.5385],[97.4453,28.383],[97.4478,28.2976],[97.3844,28.2848],[97.3235,28.2175],[97.2297,28.2746],[97.1155,28.3666],[97.0784,28.3751],[96.9974,28.3371],[96.934,28.3366],[96.7169,28.4365],[96.5615,28.4473],[96.3696,28.3781],[96.3019,28.4207],[96.3365,28.4797],[96.5024,28.6445],[96.501,28.6876],[96.598,28.7099],[96.5767,28.8085],[96.5108,28.8855],[96.4576,28.9946],[96.3666,29.0365],[96.2486,28.9453],[96.1953,28.9411],[96.1746,29.1088],[96.2101,29.1458],[96.3164,29.1719],[96.3669,29.2442],[96.3371,29.2797],[96.2678,29.2417],[96.2054,29.2569],[96.142,29.3685],[95.9537,29.3592],[95.8631,29.324],[95.7959,29.3529],[95.7448,29.3404],[95.7474,29.2737],[95.7172,29.2183],[95.5923,29.2497],[95.5153,29.2094],[95.5227,29.1612],[95.4876,29.069],[95.3674,29.0365],[95.2249,29.0594],[95.2079,29.0896],[95.0477,29.1408],[94.8541,29.17],[94.7766,29.1667],[94.7677,29.2139],[94.7042,29.2847],[94.6304,29.3195],[94.5827,29.3029],[94.5286,29.2312],[94.3964,29.2071],[94.3238,29.146],[94.2875,29.1479],[94.2708,29.0979],[94.3473,29.0243],[94.2502,28.9331],[94.1737,28.9302],[94.1354,28.8978],[93.992,28.8446],[93.9931,28.8019],[93.9278,28.6828],[93.8631,28.7049],[93.7817,28.6805],[93.7225,28.6966],[93.6255,28.6724],[93.4462,28.6719],[93.3172,28.6035],[93.287,28.5205],[93.1863,28.432],[93.2181,28.3946],[93.2078,28.3405],[92.9749,28.2823],[92.9038,28.2497],[92.8503,28.1919],[92.7792,28.1959],[92.6548,28.1058],[92.6389,28.0575],[92.6893,28.0483],[92.7364,27.9859],[92.6837,27.9105],[92.575,27.8478],[92.4751,27.8466],[92.439,27.8233],[92.4044,27.8538],[92.3679,27.8038],[92.3292,27.8329],[92.3039,27.7862],[92.2396,27.8653],[92.1263,27.8127],[92.0649,27.7617],[91.9889,27.7694],[91.9522,27.7248],[91.8649,27.73],[91.8266,27.8076],[91.7299,27.8041],[91.6801,27.8498],[91.6283,27.8527],[91.6528,27.9167],[91.6217,27.9507],[91.4188,27.9947],[91.3414,28.0306],[91.2902,28.0914],[91.1759,28.0575],[91.0926,27.9717],[90.9751,27.9821],[90.9095,28.0327],[90.7269,28.0617],[90.6839,28.0871],[90.5753,28.0658],[90.4752,28.0723],[90.4857,28.1247],[90.5976,28.2004],[90.5877,28.2333],[90.5054,28.2498],[90.456,28.2827],[90.354,28.2991],[90.2915,28.2614],[90.2618,28.3354],[90.2256,28.3584],[90.1762,28.3255],[90.0709,28.3452],[89.9525,28.3082],[89.8629,28.2958],[89.7809,28.2288],[89.7558,28.1844],[89.5615,28.1346],[89.4445,28.0312],[89.336,27.8691],[89.2249,27.8078],[89.1982,27.7306],[89.1274,27.6273],[89.051,27.6083],[88.973,27.5177],[88.9511,27.4331],[88.997,27.3309],[88.8923,27.3155],[88.7736,27.4085],[88.741,27.5457],[88.8057,27.6551],[88.8539,27.8437],[88.8107,27.9279],[88.8177,27.9947],[88.7356,28.0553],[88.652,28.0694],[88.6105,28.1058],[88.5021,28.0289],[88.4558,28.0315],[88.3788,27.9826],[88.1157,27.9473],[88.1182,27.8609],[88.03,27.8933],[87.9664,27.8827],[87.8259,27.9066],[87.7798,27.8394],[87.7268,27.8078],[87.6361,27.8237],[87.5733,27.805],[87.5316,27.8368],[87.3691,27.8039],[87.3853,27.8494],[87.2905,27.8161],[87.1558,27.8258],[87.1165,27.8446],[87.0305,27.9381],[86.8931,27.9542],[86.8405,28.0148],[86.7398,28.0215],[86.7317,28.0769],[86.662,28.1068],[86.6123,28.0803],[86.5442,28.093],[86.4969,27.9379],[86.4388,27.9109],[86.3182,27.9458],[86.2781,27.9837],[86.203,28.0026],[86.1722,28.0718],[86.1872,28.1087],[86.156,28.1565],[86.0687,28.0768],[86.1129,27.9268],[86.0757,27.8948],[85.9803,27.8852],[85.9512,27.9162],[85.9566,27.9762],[85.9089,28.0224],[85.8483,28.1589],[85.7566,28.2032],[85.6998,28.2691],[85.6929,28.3352],[85.6118,28.2511],[85.5653,28.2754],[85.4316,28.2971],[85.3454,28.2612],[85.2596,28.2669],[85.1736,28.3043],[85.1094,28.2923],[85.0802,28.3188],[85.0776,28.4357],[85.1476,28.5158],[85.168,28.5832],[85.0549,28.6387],[84.9187,28.5357],[84.7991,28.5466],[84.7556,28.5854],[84.6778,28.6044],[84.683,28.6508],[84.6072,28.6982],[84.4508,28.7339],[84.4227,28.7992],[84.354,28.8613],[84.2351,28.9],[84.2067,28.9407],[84.2314,29.026],[84.1755,29.0574],[84.1323,29.1438],[84.1617,29.1925],[84.0991,29.247],[83.9758,29.2637],[83.9456,29.2918],[83.8834,29.282],[83.7932,29.2348],[83.7197,29.2336],[83.656,29.1608],[83.5838,29.1621],[83.5171,29.1917],[83.4934,29.2761],[83.4372,29.3052],[83.357,29.4154],[83.328,29.485],[83.2639,29.473],[83.2526,29.5552],[83.1621,29.6252],[83.0934,29.6151],[83.0796,29.5796],[82.9759,29.664],[82.8997,29.6884],[82.8366,29.6598],[82.691,29.7807],[82.689,29.8277],[82.6185,29.8398],[82.5418,29.9232],[82.4758,29.9455],[82.3944,30.0031],[82.2107,30.0644],[82.1445,30.0694],[82.1276,30.1244],[82.1557,30.1814],[82.0959,30.2135],[82.0888,30.3301],[81.969,30.3283],[81.9412,30.354],[81.8444,30.3712],[81.779,30.358],[81.6357,30.411],[81.5916,30.4143],[81.4831,30.3319],[81.3875,30.3739],[81.3769,30.2412],[81.3224,30.1338],[81.2777,30.1319],[81.2668,30.0699],[81.1945,30.0045],[81.0978,30.0169],[80.976,30.2552],[80.7817,30.321],[80.7231,30.392],[80.5753,30.4663],[80.5251,30.4586],[80.3259,30.5465],[80.1798,30.5595],[80.2033,30.6063],[80.1669,30.6619],[80.2314,30.7249],[80.1693,30.7853],[80.0625,30.7848],[80.0056,30.8473],[79.9032,30.8902],[79.8335,30.9615],[79.739,30.9792],[79.5778,30.9384],[79.5296,30.9536],[79.4764,31.014],[79.4016,31.0236],[79.367,31.1116],[79.3022,31.1635],[79.2383,31.3297],[79.1314,31.4384],[79.0702,31.4614],[78.9888,31.3433],[78.921,31.2697],[78.862,31.2915],[78.7845,31.2883],[78.7385,31.335],[78.7626,31.4451],[78.6995,31.51],[78.8189,31.6074],[78.7313,31.668],[78.6709,31.7705],[78.7003,31.8217],[78.7446,31.9642],[78.6493,32.0364],[78.5131,32.2076],[78.458,32.2297],[78.4627,32.2818],[78.4364,32.3962],[78.4522,32.4168],[78.381,32.528],[78.4475,32.5663],[78.6302,32.578],[78.7133,32.6375],[78.751,32.6128],[78.735,32.5606],[78.7715,32.4617],[78.9113,32.3547],[79.0753,32.3708],[79.1129,32.4724],[79.2356,32.5043],[79.2874,32.5326],[79.3205,32.5923],[79.3795,32.5765],[79.4068,32.5297],[79.4435,32.5348],[79.6207,32.7287],[79.4141,32.9721],[79.3336,32.9943],[79.3993,33.0269],[79.3732,33.1121],[79.4235,33.1578],[79.4561,33.2504],[79.4201,33.2752],[79.2601,33.2918],[79.098,33.2877],[78.965,33.3443],[78.8243,33.4611],[78.7814,33.5528],[78.7941,33.7439],[78.7703,33.8724],[78.7211,33.9944],[78.7301,34.0793],[78.9032,34.1581],[78.9762,34.2172],[78.9854,34.2864],[78.9569,34.34]]]}},{"type":"Feature","id":"shaanxi","properties":{"id":"shaanxi","name":"陕西","nameEn":"Shaanxi","adcode":"610000","center":[108.363,33.7713],"sourceIds":["CHN-1804"]},"geometry":{"type":"Polygon","coordinates":[[[108.5184,32.1976],[108.4794,32.2503],[108.3676,32.2655],[108.2367,32.2627],[108.1877,32.2353],[108.0518,32.2266],[108.0031,32.1499],[107.9601,32.1583],[107.8435,32.2282],[107.7729,32.3107],[107.6592,32.3886],[107.4596,32.4086],[107.4483,32.5222],[107.3705,32.5198],[107.2841,32.4529],[107.2022,32.4528],[107.07,32.5229],[107.0962,32.6692],[107.0653,32.7083],[106.8134,32.7208],[106.7126,32.7378],[106.604,32.6755],[106.364,32.6387],[106.2819,32.5955],[106.2289,32.592],[106.1149,32.6488],[106.0565,32.7136],[106.0609,32.7712],[106.1025,32.8598],[106.0393,32.8724],[105.8755,32.8447],[105.806,32.7551],[105.7245,32.7598],[105.6333,32.7075],[105.5683,32.7305],[105.5513,32.8059],[105.4986,32.9074],[105.6393,32.8855],[105.7339,32.9074],[105.7816,32.9477],[105.8865,32.978],[105.9106,33.0317],[105.8979,33.1491],[105.9127,33.2337],[105.8441,33.243],[105.7472,33.294],[105.718,33.3887],[105.7853,33.4063],[105.8324,33.4975],[105.9517,33.5532],[105.9929,33.6106],[106.0735,33.6175],[106.1706,33.5622],[106.307,33.6124],[106.3927,33.6188],[106.4955,33.5436],[106.5595,33.5986],[106.5402,33.6614],[106.4817,33.7009],[106.4588,33.8239],[106.4909,33.8556],[106.4243,33.8988],[106.4302,33.9421],[106.4983,34.043],[106.5137,34.1066],[106.5874,34.1375],[106.5525,34.2421],[106.4968,34.2665],[106.554,34.2808],[106.656,34.2542],[106.6906,34.2913],[106.6736,34.3847],[106.6141,34.4587],[106.4983,34.5202],[106.3684,34.5202],[106.3177,34.5833],[106.4043,34.6801],[106.4915,34.741],[106.5497,34.8626],[106.5008,34.9262],[106.4912,35.0301],[106.5646,35.0796],[106.7702,35.0952],[106.9148,35.089],[106.9556,35.0596],[107.0515,35.0381],[107.099,34.9796],[107.2109,34.8918],[107.3208,34.9422],[107.4969,34.9258],[107.5696,34.9654],[107.71,34.9514],[107.8303,34.9767],[107.8406,35.0059],[107.7598,35.0789],[107.6705,35.228],[107.7304,35.2519],[107.7417,35.3184],[107.9228,35.2669],[107.9641,35.2233],[108.155,35.2906],[108.2143,35.2923],[108.2768,35.2628],[108.3536,35.2783],[108.4926,35.2725],[108.53,35.2909],[108.6172,35.3928],[108.6037,35.5479],[108.5463,35.6105],[108.51,35.7009],[108.5232,35.776],[108.4931,35.8812],[108.6771,36.0052],[108.6998,36.1255],[108.6499,36.2265],[108.7037,36.359],[108.6065,36.432],[108.5331,36.4577],[108.4413,36.4613],[108.3564,36.546],[108.2439,36.5735],[108.2124,36.6005],[108.1683,36.5692],[108.0417,36.5977],[108.033,36.6544],[107.9655,36.6691],[107.8865,36.7554],[107.7577,36.7898],[107.6955,36.8251],[107.6173,36.8242],[107.5225,36.853],[107.5009,36.8908],[107.4429,36.8864],[107.282,36.9149],[107.2855,37.0685],[107.327,37.1554],[107.286,37.2618],[107.238,37.3014],[107.27,37.4278],[107.3222,37.5276],[107.3172,37.5902],[107.4361,37.6635],[107.5094,37.7643],[107.6067,37.7657],[107.6617,37.8107],[107.6576,37.8529],[107.7026,37.8324],[107.9287,37.7853],[108.0065,37.6954],[107.9996,37.645],[108.0387,37.6325],[108.2335,37.6404],[108.333,37.6336],[108.4964,37.6686],[108.6499,37.6628],[108.7643,37.6819],[108.7836,37.78],[108.7805,37.9053],[108.8363,37.9884],[108.9103,37.9267],[108.9543,37.9255],[109.001,37.9885],[109.0354,38.0752],[109.028,38.111],[108.9535,38.1991],[108.9864,38.3352],[109.0454,38.4225],[109.1443,38.5045],[109.16,38.5421],[109.3132,38.6205],[109.3158,38.6678],[109.3651,38.6893],[109.4239,38.7691],[109.538,38.7852],[109.5746,38.8521],[109.6353,38.9058],[109.6743,39.0112],[109.8206,39.0545],[109.8452,39.0966],[109.9633,39.1813],[110.1769,39.2852],[110.1092,39.4284],[110.1449,39.4448],[110.2252,39.4241],[110.2744,39.357],[110.3381,39.3181],[110.4942,39.3743],[110.5265,39.365],[110.6379,39.2451],[110.6849,39.2644],[110.7282,39.3383],[110.8457,39.4652],[111.0131,39.5649],[111.1206,39.5808],[111.1227,39.5276],[111.041,39.423],[111.11,39.3852],[111.2249,39.3105],[111.118,39.0674],[110.995,39.0038],[110.9729,38.9743],[111.0038,38.9161],[110.9803,38.8166],[110.8718,38.6214],[110.8994,38.5455],[110.8528,38.4572],[110.7743,38.4262],[110.7463,38.3778],[110.6712,38.317],[110.5797,38.2873],[110.5596,38.217],[110.5112,38.2022],[110.5,38.0904],[110.515,37.955],[110.5893,37.9191],[110.6534,37.8132],[110.7429,37.7649],[110.7054,37.7137],[110.7792,37.6784],[110.7668,37.6379],[110.7888,37.5614],[110.7463,37.4803],[110.6303,37.3966],[110.6874,37.3572],[110.665,37.2823],[110.5279,37.1445],[110.4275,37.0103],[110.3733,37.0179],[110.4183,36.9673],[110.3696,36.8912],[110.418,36.8162],[110.3802,36.77],[110.4412,36.7265],[110.3938,36.6824],[110.4832,36.593],[110.4961,36.4841],[110.459,36.3494],[110.4732,36.2637],[110.4472,36.1419],[110.4978,35.9797],[110.511,35.8869],[110.5604,35.8492],[110.5756,35.7125],[110.6198,35.5973],[110.5562,35.5086],[110.5477,35.4382],[110.4965,35.4041],[110.4248,35.2942],[110.3354,35.198],[110.3107,35.0909],[110.2597,34.9448],[110.2725,34.8816],[110.2374,34.8014],[110.2523,34.6633],[110.336,34.6158],[110.3277,34.4798],[110.3741,34.4037],[110.4537,34.3813],[110.4787,34.3264],[110.4338,34.2614],[110.477,34.2211],[110.6183,34.1625],[110.5936,34.0653],[110.6424,33.9803],[110.5938,33.8797],[110.7492,33.8028],[110.7921,33.7051],[110.8779,33.6431],[110.9682,33.5988],[111.0106,33.5002],[110.9901,33.4381],[111.0156,33.3744],[110.9746,33.2665],[110.9001,33.2052],[110.8176,33.1949],[110.7389,33.1284],[110.7529,33.098],[110.6512,33.1486],[110.6045,33.1539],[110.5474,33.2453],[110.4323,33.1731],[110.2344,33.1563],[110.0943,33.2133],[109.9599,33.2141],[109.8753,33.2434],[109.752,33.2409],[109.6597,33.2641],[109.6258,33.2433],[109.5157,33.2371],[109.4531,33.1482],[109.5649,33.114],[109.6519,33.1133],[109.7573,33.0801],[109.7812,33.0448],[109.7396,32.93],[109.8358,32.8959],[109.8991,32.9144],[109.9928,32.8891],[110.0958,32.8413],[110.155,32.7296],[110.1683,32.6223],[110.0738,32.6166],[110.0619,32.5764],[110.0009,32.5519],[109.8795,32.5916],[109.8153,32.5706],[109.7686,32.6001],[109.6348,32.5906],[109.5794,32.5412],[109.5613,32.405],[109.487,32.3546],[109.5477,32.2336],[109.601,32.2133],[109.6663,32.043],[109.6102,31.9273],[109.6158,31.8212],[109.594,31.7376],[109.336,31.7052],[109.2526,31.744],[109.1889,31.8403],[109.0559,31.9406],[108.7893,32.0453],[108.7393,32.0904],[108.6632,32.1125],[108.5184,32.1976]]]}},{"type":"Feature","id":"gansu","properties":{"id":"gansu","name":"甘肃","nameEn":"Gansu","adcode":"620000","center":[100.735,38.7393],"sourceIds":["CHN-1150"]},"geometry":{"type":"Polygon","coordinates":[[[96.3663,42.7229],[97.1907,42.7871],[97.8469,41.6193],[97.6796,41.5023],[97.6476,41.4555],[97.7085,41.3494],[97.837,41.2175],[97.9505,41.1198],[98.018,41.09],[98.2038,40.9512],[98.2939,40.9166],[98.3265,40.8557],[98.2348,40.5417],[98.2458,40.5245],[98.5152,40.5335],[98.6458,40.5675],[98.8257,40.7266],[99.1574,40.8363],[99.496,40.8429],[99.6645,40.9013],[99.7667,40.9099],[100.0112,40.8963],[100.0755,40.859],[100.176,40.7351],[100.2038,40.617],[100.14,40.5181],[100.0142,40.4025],[99.9566,40.2733],[99.8994,40.2048],[99.627,40.0692],[99.5325,40.0008],[99.4309,39.8788],[99.6861,39.876],[99.762,39.8602],[99.8431,39.8029],[100.0435,39.7277],[100.1889,39.6949],[100.2866,39.6273],[100.3068,39.5498],[100.3529,39.5174],[100.455,39.4956],[100.5067,39.4185],[100.5435,39.4089],[100.7895,39.4079],[100.8332,39.3801],[100.852,39.1675],[100.8885,39.1052],[101.0485,39.0008],[101.0982,38.9914],[101.18,39.0206],[101.2171,38.9997],[101.2064,38.9308],[101.2478,38.87],[101.3359,38.8066],[101.3104,38.7688],[101.414,38.7492],[101.5802,38.6882],[101.65,38.7006],[101.8311,38.6898],[101.992,38.8286],[102.0312,38.8792],[101.8255,39.0644],[101.8553,39.0912],[102.0152,39.1201],[102.3931,39.2372],[102.4724,39.232],[102.5935,39.1779],[102.8306,39.1302],[102.9654,39.1194],[103.0697,39.1861],[103.284,39.293],[103.4638,39.3572],[103.7493,39.4249],[104.024,39.4411],[104.0606,39.4274],[104.06,39.3078],[104.2248,39.0907],[104.2168,39.0347],[104.1716,38.9595],[104.0426,38.8741],[103.9795,38.759],[103.8734,38.6427],[103.7943,38.5908],[103.4712,38.4359],[103.4435,38.3933],[103.4877,38.3303],[103.5293,38.1612],[103.5217,38.1398],[103.3881,38.102],[103.3875,37.9991],[103.4382,37.8424],[103.6787,37.775],[103.8637,37.6264],[104.1085,37.4618],[104.2625,37.3903],[104.3585,37.4012],[104.4086,37.4013],[104.4645,37.4402],[104.6895,37.4119],[104.7224,37.3393],[104.6214,37.2493],[104.7089,37.215],[104.7647,37.2505],[104.8554,37.2182],[104.9224,37.0968],[105.0165,37.0402],[105.0905,37.0263],[105.1802,36.9721],[105.2033,36.9248],[105.3046,36.8199],[105.3217,36.7807],[105.2366,36.7399],[105.2205,36.693],[105.2687,36.5502],[105.3476,36.4184],[105.3928,36.3844],[105.4459,36.2546],[105.4374,36.1067],[105.3515,36.0576],[105.3164,35.9936],[105.3181,35.9332],[105.4318,35.7564],[105.5631,35.7],[105.7256,35.7101],[105.687,35.6813],[105.7249,35.6037],[105.8294,35.4936],[105.9361,35.5248],[106.0651,35.4877],[106.0604,35.4639],[105.9124,35.4505],[105.9079,35.4044],[105.9844,35.4273],[106.1124,35.4247],[106.2107,35.3952],[106.3134,35.2736],[106.3778,35.2607],[106.4649,35.3324],[106.4966,35.4748],[106.4133,35.5459],[106.5055,35.5536],[106.4488,35.6204],[106.4293,35.6994],[106.4696,35.7274],[106.5949,35.7274],[106.69,35.7067],[106.7285,35.677],[106.8551,35.7346],[106.9134,35.7888],[106.8432,35.8822],[106.9381,35.9298],[106.9137,35.9526],[106.9448,36.0769],[106.8137,36.2116],[106.7449,36.2066],[106.6039,36.2778],[106.4966,36.2684],[106.4732,36.3178],[106.5041,36.3623],[106.4954,36.4367],[106.4308,36.5023],[106.4847,36.534],[106.5024,36.7065],[106.6022,36.7258],[106.649,36.8342],[106.5748,36.9313],[106.6339,36.9979],[106.6204,37.0566],[106.6441,37.1817],[106.6899,37.2066],[106.7907,37.1897],[106.8468,37.1428],[106.9329,37.1072],[107.0617,37.1215],[107.1878,37.1171],[107.2855,37.0685],[107.282,36.9149],[107.4429,36.8864],[107.5009,36.8908],[107.5225,36.853],[107.6173,36.8242],[107.6955,36.8251],[107.7577,36.7898],[107.8865,36.7554],[107.9655,36.6691],[108.033,36.6544],[108.0417,36.5977],[108.1683,36.5692],[108.2124,36.6005],[108.2439,36.5735],[108.3564,36.546],[108.4413,36.4613],[108.5331,36.4577],[108.6065,36.432],[108.7037,36.359],[108.6499,36.2265],[108.6998,36.1255],[108.6771,36.0052],[108.4931,35.8812],[108.5232,35.776],[108.51,35.7009],[108.5463,35.6105],[108.6037,35.5479],[108.6172,35.3928],[108.53,35.2909],[108.4926,35.2725],[108.3536,35.2783],[108.2768,35.2628],[108.2143,35.2923],[108.155,35.2906],[107.9641,35.2233],[107.9228,35.2669],[107.7417,35.3184],[107.7304,35.2519],[107.6705,35.228],[107.7598,35.0789],[107.8406,35.0059],[107.8303,34.9767],[107.71,34.9514],[107.5696,34.9654],[107.4969,34.9258],[107.3208,34.9422],[107.2109,34.8918],[107.099,34.9796],[107.0515,35.0381],[106.9556,35.0596],[106.9148,35.089],[106.7702,35.0952],[106.5646,35.0796],[106.4912,35.0301],[106.5008,34.9262],[106.5497,34.8626],[106.4915,34.741],[106.4043,34.6801],[106.3177,34.5833],[106.3684,34.5202],[106.4983,34.5202],[106.6141,34.4587],[106.6736,34.3847],[106.6906,34.2913],[106.656,34.2542],[106.554,34.2808],[106.4968,34.2665],[106.5525,34.2421],[106.5874,34.1375],[106.5137,34.1066],[106.4983,34.043],[106.4302,33.9421],[106.4243,33.8988],[106.4909,33.8556],[106.4588,33.8239],[106.4817,33.7009],[106.5402,33.6614],[106.5595,33.5986],[106.4955,33.5436],[106.3927,33.6188],[106.307,33.6124],[106.1706,33.5622],[106.0735,33.6175],[105.9929,33.6106],[105.9517,33.5532],[105.8324,33.4975],[105.7853,33.4063],[105.718,33.3887],[105.7472,33.294],[105.8441,33.243],[105.9127,33.2337],[105.8979,33.1491],[105.9106,33.0317],[105.8865,32.978],[105.7816,32.9477],[105.7339,32.9074],[105.6393,32.8855],[105.4986,32.9074],[105.4644,32.9215],[105.3852,32.8742],[105.3864,32.8234],[105.4372,32.7465],[105.27,32.6417],[105.213,32.6634],[105.1468,32.6083],[105.0883,32.6],[105.0318,32.6387],[104.8983,32.6118],[104.841,32.6398],[104.6454,32.6579],[104.5584,32.6883],[104.4057,32.8094],[104.2889,32.8479],[104.2765,32.8823],[104.3213,32.9527],[104.3776,32.9588],[104.4142,33.0227],[104.4059,33.0633],[104.3282,33.1404],[104.2806,33.2721],[104.3829,33.3265],[104.2929,33.3636],[104.1747,33.4902],[104.1563,33.624],[104.093,33.6685],[103.9151,33.6833],[103.7451,33.676],[103.6594,33.7105],[103.5228,33.7141],[103.5586,33.8069],[103.5184,33.8108],[103.4363,33.7697],[103.3507,33.7557],[103.272,33.7652],[103.1842,33.8221],[103.1932,33.8838],[103.1421,33.9615],[103.1524,34.1085],[103.1201,34.1686],[103.0006,34.214],[102.9306,34.2956],[102.7818,34.2742],[102.7083,34.2142],[102.5748,34.1395],[102.6359,34.1103],[102.6176,34.0835],[102.4406,34.0597],[102.372,33.976],[102.3194,33.9874],[102.1712,33.9418],[102.2642,33.8262],[102.2474,33.7977],[102.3431,33.7252],[102.3248,33.6534],[102.356,33.6094],[102.4818,33.5401],[102.4536,33.5356],[102.4818,33.465],[102.3863,33.4098],[102.2788,33.3778],[102.2289,33.3237],[102.131,33.2847],[102.0994,33.2222],[102.0042,33.2188],[101.8528,33.1221],[101.8322,33.2692],[101.8891,33.3287],[101.9232,33.4064],[101.884,33.5463],[101.7954,33.6051],[101.7775,33.53],[101.7074,33.5044],[101.6134,33.5119],[101.5769,33.6305],[101.4956,33.7046],[101.3996,33.6451],[101.3494,33.6371],[101.2282,33.674],[101.1603,33.6641],[101.1655,33.756],[101.1295,33.8506],[101.009,33.8815],[100.948,33.9298],[100.8929,34.0296],[100.7917,34.1549],[100.7813,34.2065],[100.8155,34.2946],[100.9353,34.3863],[101.0358,34.3389],[101.256,34.3005],[101.3237,34.2595],[101.6117,34.1912],[101.6472,34.136],[101.729,34.1087],[101.7804,34.0675],[101.8625,34.1414],[101.9306,34.1323],[102.0205,34.1865],[102.0196,34.2186],[102.0765,34.267],[102.1622,34.2941],[102.2123,34.3515],[102.2073,34.393],[102.1503,34.4951],[102.0528,34.5391],[101.9592,34.5583],[101.9139,34.6614],[101.7934,34.6319],[101.7551,34.7037],[101.852,34.7632],[101.8953,34.7505],[101.9232,34.7873],[101.9128,34.8448],[102.0094,34.9421],[102.0603,34.9492],[102.1948,35.0376],[102.2671,35.0559],[102.3756,35.2037],[102.3177,35.275],[102.2654,35.2806],[102.2992,35.3506],[102.2893,35.4069],[102.3376,35.4304],[102.4264,35.4353],[102.535,35.5356],[102.6874,35.5146],[102.7213,35.6191],[102.6799,35.7568],[102.7003,35.8395],[102.7354,35.8304],[102.8375,35.8608],[102.976,35.8333],[102.9705,35.9434],[102.9995,35.9907],[102.9312,36.0543],[102.9333,36.0861],[103.0404,36.2165],[102.8945,36.3094],[102.8186,36.3261],[102.7697,36.4976],[102.6982,36.6089],[102.6108,36.6572],[102.6152,36.7288],[102.6675,36.7414],[102.6747,36.8016],[102.5888,36.8574],[102.5556,36.9],[102.4601,36.9557],[102.4958,37.0891],[102.5498,37.1188],[102.5506,37.1638],[102.4266,37.2781],[102.3506,37.3028],[102.2455,37.3809],[102.142,37.4067],[102.0327,37.4789],[102.0672,37.5483],[101.9959,37.6145],[101.972,37.7204],[101.9371,37.7307],[101.8187,37.604],[101.7854,37.5205],[101.7071,37.5878],[101.6465,37.6119],[101.2929,37.7989],[101.0498,37.9637],[100.6357,38.1054],[100.602,38.1274],[100.5543,38.2521],[100.4974,38.2894],[100.3578,38.307],[100.2358,38.3946],[100.1408,38.4858],[100.0986,38.4773],[100.0831,38.3945],[100.1555,38.3028],[100.1585,38.2074],[100.079,38.2784],[100.0006,38.3144],[99.7999,38.3657],[99.5572,38.5154],[99.4963,38.6011],[99.4459,38.6254],[99.3598,38.7056],[99.0993,38.8896],[99.0948,38.9578],[98.9621,38.9818],[98.9019,39.0356],[98.7819,39.0677],[98.7352,39.0623],[98.714,39.0185],[98.6022,38.9476],[98.4446,38.9573],[98.3835,39.0092],[98.3243,39.0233],[98.2626,38.9317],[98.1029,38.8146],[98.0205,38.8362],[97.6976,38.981],[97.6749,39.005],[97.3626,39.1504],[97.1375,39.2032],[97.0265,39.1962],[96.9625,39.1032],[96.9911,38.9968],[96.9709,38.8642],[96.9812,38.7443],[96.9424,38.6391],[96.9712,38.5673],[96.9587,38.3872],[96.9455,38.3582],[96.8451,38.3564],[96.5104,38.4701],[96.5026,38.549],[96.3945,38.5824],[96.3155,38.6269],[96.1825,38.6435],[96.0548,38.6788],[96.0076,38.7517],[95.8919,38.7837],[95.7882,38.8623],[95.7216,38.8747],[95.6019,38.971],[95.5658,39.0152],[95.4609,39.0466],[95.3053,39.1828],[95.2186,39.1604],[95.0572,39.1475],[94.9819,39.1568],[94.9124,39.1982],[94.7246,39.2368],[94.6311,39.2954],[94.4793,39.3178],[94.117,39.3219],[93.9089,39.2856],[93.7221,39.3067],[93.6451,39.2802],[93.502,39.2719],[93.4052,39.217],[93.2756,39.1887],[93.1403,39.1987],[93.0357,39.1521],[92.936,39.1529],[92.948,39.4525],[92.7724,39.8105],[92.7774,39.9055],[92.9074,40.0792],[92.9195,40.1181],[92.9259,40.4229],[92.9415,40.4726],[93.0368,40.4899],[93.2863,40.4693],[93.5035,40.5476],[93.5775,40.588],[93.6691,40.6834],[93.7599,40.8233],[94.011,41.104],[94.5809,41.5852],[95.0583,41.7886],[95.492,41.856],[95.7719,41.8297],[95.8639,41.855],[96.0358,41.9953],[96.0178,42.1387],[96.0438,42.4999],[96.0909,42.5869],[96.3663,42.7229]]]}},{"type":"Feature","id":"qinghai","properties":{"id":"qinghai","name":"青海","nameEn":"Qinghai","adcode":"630000","center":[96.2377,35.2652],"sourceIds":["CHN-1151"]},"geometry":{"type":"Polygon","coordinates":[[[92.936,39.1529],[93.0357,39.1521],[93.1403,39.1987],[93.2756,39.1887],[93.4052,39.217],[93.502,39.2719],[93.6451,39.2802],[93.7221,39.3067],[93.9089,39.2856],[94.117,39.3219],[94.4793,39.3178],[94.6311,39.2954],[94.7246,39.2368],[94.9124,39.1982],[94.9819,39.1568],[95.0572,39.1475],[95.2186,39.1604],[95.3053,39.1828],[95.4609,39.0466],[95.5658,39.0152],[95.6019,38.971],[95.7216,38.8747],[95.7882,38.8623],[95.8919,38.7837],[96.0076,38.7517],[96.0548,38.6788],[96.1825,38.6435],[96.3155,38.6269],[96.3945,38.5824],[96.5026,38.549],[96.5104,38.4701],[96.8451,38.3564],[96.9455,38.3582],[96.9587,38.3872],[96.9712,38.5673],[96.9424,38.6391],[96.9812,38.7443],[96.9709,38.8642],[96.9911,38.9968],[96.9625,39.1032],[97.0265,39.1962],[97.1375,39.2032],[97.3626,39.1504],[97.6749,39.005],[97.6976,38.981],[98.0205,38.8362],[98.1029,38.8146],[98.2626,38.9317],[98.3243,39.0233],[98.3835,39.0092],[98.4446,38.9573],[98.6022,38.9476],[98.714,39.0185],[98.7352,39.0623],[98.7819,39.0677],[98.9019,39.0356],[98.9621,38.9818],[99.0948,38.9578],[99.0993,38.8896],[99.3598,38.7056],[99.4459,38.6254],[99.4963,38.6011],[99.5572,38.5154],[99.7999,38.3657],[100.0006,38.3144],[100.079,38.2784],[100.1585,38.2074],[100.1555,38.3028],[100.0831,38.3945],[100.0986,38.4773],[100.1408,38.4858],[100.2358,38.3946],[100.3578,38.307],[100.4974,38.2894],[100.5543,38.2521],[100.602,38.1274],[100.6357,38.1054],[101.0498,37.9637],[101.2929,37.7989],[101.6465,37.6119],[101.7071,37.5878],[101.7854,37.5205],[101.8187,37.604],[101.9371,37.7307],[101.972,37.7204],[101.9959,37.6145],[102.0672,37.5483],[102.0327,37.4789],[102.142,37.4067],[102.2455,37.3809],[102.3506,37.3028],[102.4266,37.2781],[102.5506,37.1638],[102.5498,37.1188],[102.4958,37.0891],[102.4601,36.9557],[102.5556,36.9],[102.5888,36.8574],[102.6747,36.8016],[102.6675,36.7414],[102.6152,36.7288],[102.6108,36.6572],[102.6982,36.6089],[102.7697,36.4976],[102.8186,36.3261],[102.8945,36.3094],[103.0404,36.2165],[102.9333,36.0861],[102.9312,36.0543],[102.9995,35.9907],[102.9705,35.9434],[102.976,35.8333],[102.8375,35.8608],[102.7354,35.8304],[102.7003,35.8395],[102.6799,35.7568],[102.7213,35.6191],[102.6874,35.5146],[102.535,35.5356],[102.4264,35.4353],[102.3376,35.4304],[102.2893,35.4069],[102.2992,35.3506],[102.2654,35.2806],[102.3177,35.275],[102.3756,35.2037],[102.2671,35.0559],[102.1948,35.0376],[102.0603,34.9492],[102.0094,34.9421],[101.9128,34.8448],[101.9232,34.7873],[101.8953,34.7505],[101.852,34.7632],[101.7551,34.7037],[101.7934,34.6319],[101.9139,34.6614],[101.9592,34.5583],[102.0528,34.5391],[102.1503,34.4951],[102.2073,34.393],[102.2123,34.3515],[102.1622,34.2941],[102.0765,34.267],[102.0196,34.2186],[102.0205,34.1865],[101.9306,34.1323],[101.8625,34.1414],[101.7804,34.0675],[101.729,34.1087],[101.6472,34.136],[101.6117,34.1912],[101.3237,34.2595],[101.256,34.3005],[101.0358,34.3389],[100.9353,34.3863],[100.8155,34.2946],[100.7813,34.2065],[100.7917,34.1549],[100.8929,34.0296],[100.948,33.9298],[101.009,33.8815],[101.1295,33.8506],[101.1655,33.756],[101.1603,33.6641],[101.2282,33.674],[101.3494,33.6371],[101.3996,33.6451],[101.4956,33.7046],[101.5769,33.6305],[101.6134,33.5119],[101.7074,33.5044],[101.7775,33.53],[101.7661,33.4712],[101.6911,33.4203],[101.6651,33.3204],[101.7269,33.2678],[101.6436,33.1278],[101.592,33.1296],[101.5246,33.1959],[101.4452,33.2359],[101.3743,33.1786],[101.3243,33.2023],[101.22,33.1706],[101.1641,33.1281],[101.1249,33.0018],[101.1314,32.9384],[101.2319,32.8577],[101.2366,32.8075],[101.1708,32.6883],[101.0495,32.6756],[100.9837,32.6387],[100.9022,32.6305],[100.8349,32.6635],[100.6747,32.6831],[100.635,32.5262],[100.603,32.4512],[100.5312,32.4034],[100.4686,32.4553],[100.473,32.4853],[100.5609,32.5633],[100.4985,32.6691],[100.3994,32.7584],[100.255,32.7258],[100.2232,32.6369],[100.119,32.6709],[100.1586,32.7823],[100.1366,32.8475],[100.0469,32.9355],[99.9508,32.9441],[99.8602,33.0276],[99.841,32.957],[99.7693,32.9218],[99.7626,32.847],[99.7289,32.7577],[99.6985,32.7446],[99.5094,32.8354],[99.3969,32.8528],[99.2894,32.8871],[99.2253,32.9989],[99.1006,33.0725],[98.9069,33.1393],[98.8521,33.1749],[98.7729,33.3027],[98.7785,33.3503],[98.7357,33.4898],[98.6279,33.6159],[98.6458,33.6762],[98.4579,33.8401],[98.3847,33.8636],[98.3017,33.8458],[98.2118,33.9395],[98.0349,33.9598],[97.8191,33.8642],[97.7451,33.8649],[97.7383,33.9464],[97.6957,34.0052],[97.6389,33.9996],[97.6102,33.9309],[97.3835,33.8699],[97.3648,33.8258],[97.3947,33.7367],[97.3905,33.6114],[97.4774,33.5622],[97.4929,33.4989],[97.5393,33.4537],[97.6216,33.4456],[97.7243,33.4061],[97.6841,33.348],[97.6157,33.3284],[97.5752,33.264],[97.5005,33.1944],[97.4765,33.1203],[97.5044,33.0267],[97.4687,32.9825],[97.4003,32.9577],[97.361,32.897],[97.3842,32.7792],[97.4307,32.7003],[97.6206,32.588],[97.7157,32.5442],[97.6309,32.4441],[97.5623,32.4843],[97.3609,32.5002],[97.3263,32.4236],[97.3932,32.385],[97.3598,32.2605],[97.2917,32.265],[97.2544,32.204],[97.2549,32.0758],[97.1835,32.0646],[97.1241,32.0093],[97.0181,32.0229],[96.9146,31.9901],[96.8717,31.9944],[96.733,31.9603],[96.7864,31.9101],[96.7485,31.8239],[96.7954,31.7155],[96.7374,31.6798],[96.6642,31.7211],[96.4832,31.7535],[96.3827,31.8185],[96.3316,31.8909],[96.2782,31.9091],[96.1826,31.8712],[96.1478,31.7799],[96.2129,31.7351],[96.2323,31.682],[96.2146,31.6068],[96.236,31.5777],[96.1673,31.548],[96.0942,31.7005],[96.0275,31.715],[95.8489,31.7143],[95.7738,31.698],[95.725,31.7464],[95.5927,31.7616],[95.4971,31.7417],[95.4068,31.8107],[95.3543,31.9544],[95.413,32.0083],[95.4253,32.0948],[95.3821,32.1701],[95.3176,32.1843],[95.2591,32.2441],[95.0618,32.2612],[94.9513,32.3372],[94.9389,32.4282],[94.8522,32.5001],[94.7552,32.5355],[94.7218,32.5929],[94.6275,32.6659],[94.5822,32.6722],[94.5037,32.6247],[94.4106,32.5915],[94.3568,32.6141],[94.3169,32.5408],[94.1783,32.5223],[94.1108,32.4782],[94.0046,32.4806],[93.9309,32.5096],[93.8774,32.4954],[93.802,32.5552],[93.7342,32.5725],[93.5972,32.5646],[93.5104,32.5161],[93.4426,32.5633],[93.3453,32.5777],[93.2185,32.6598],[93.0313,32.6635],[93.0059,32.7346],[92.85,32.7289],[92.7273,32.7606],[92.65,32.7404],[92.4658,32.7694],[92.36,32.7683],[92.2214,32.745],[92.1876,32.8153],[92.1961,32.8686],[92.0861,32.8856],[91.9768,32.8486],[91.9244,32.8715],[91.8131,32.9683],[91.7203,32.9825],[91.5427,33.0803],[91.4752,33.1407],[91.3765,33.2713],[91.3999,33.3165],[91.3616,33.337],[91.1892,33.337],[91.1279,33.2543],[91.0375,33.2348],[90.9499,33.2394],[90.8041,33.1405],[90.6603,33.1559],[90.4695,33.252],[90.4363,33.2822],[90.3232,33.2887],[90.2433,33.348],[90.2057,33.4015],[90.2032,33.5001],[90.1406,33.5782],[89.9751,33.6306],[89.9426,33.7294],[89.9,33.7476],[89.8772,33.8227],[89.7419,33.9095],[89.6811,33.9834],[89.6367,34.0934],[89.6699,34.1398],[89.7393,34.1538],[89.7866,34.1985],[89.8456,34.37],[89.7957,34.4084],[89.7911,34.5541],[89.7618,34.6627],[89.7239,34.7396],[89.7877,34.7867],[89.8252,34.8461],[89.7877,34.9264],[89.6454,34.9337],[89.5627,34.9564],[89.5717,35.0733],[89.4548,35.2128],[89.4854,35.2807],[89.4843,35.3422],[89.6187,35.3872],[89.7301,35.4437],[89.7368,35.4788],[89.6903,35.5086],[89.7174,35.5508],[89.7151,35.6423],[89.7889,35.7755],[89.7888,35.8269],[89.5814,35.8398],[89.4846,35.8802],[89.4351,35.9878],[89.5147,36.0533],[89.6778,36.082],[89.8668,36.0656],[89.972,36.1049],[90.0138,36.2528],[90.098,36.2049],[90.1657,36.1292],[90.2925,36.1155],[90.6227,36.1111],[90.8294,36.0104],[90.875,36.0036],[91.0059,36.0529],[91.1113,36.0739],[91.1358,36.1406],[91.061,36.3135],[91.0067,36.5035],[90.8053,36.5585],[90.7105,36.6362],[90.6881,36.6985],[90.7124,36.8215],[90.8078,36.9106],[90.8911,36.9395],[90.9637,36.9296],[91.055,36.9451],[91.1914,37.0015],[91.2876,37.0135],[91.3256,37.053],[91.3163,37.119],[91.235,37.1954],[91.1517,37.3233],[91.1262,37.4186],[91.0737,37.4879],[90.9572,37.5194],[90.8345,37.6078],[90.6756,37.6698],[90.569,37.732],[90.4365,37.7786],[90.4101,37.847],[90.4514,37.9368],[90.4393,37.9961],[90.1935,38.3257],[90.1509,38.4328],[90.2561,38.4738],[90.3125,38.4658],[90.4782,38.5325],[90.636,38.6243],[90.6535,38.6741],[90.735,38.6732],[90.8949,38.701],[91.0125,38.6987],[91.1988,38.7404],[91.2944,38.7451],[91.4916,38.8173],[91.6286,38.8257],[91.8806,38.8755],[92.1227,38.9406],[92.2486,38.989],[92.3331,39.0499],[92.8111,39.1264],[92.936,39.1529]]]}},{"type":"Feature","id":"ningxia","properties":{"id":"ningxia","name":"宁夏","nameEn":"Ningxia","adcode":"640000","center":[106.038,37.1762],"sourceIds":["CHN-1803"]},"geometry":{"type":"Polygon","coordinates":[[[107.6576,37.8529],[107.6617,37.8107],[107.6067,37.7657],[107.5094,37.7643],[107.4361,37.6635],[107.3172,37.5902],[107.3222,37.5276],[107.27,37.4278],[107.238,37.3014],[107.286,37.2618],[107.327,37.1554],[107.2855,37.0685],[107.1878,37.1171],[107.0617,37.1215],[106.9329,37.1072],[106.8468,37.1428],[106.7907,37.1897],[106.6899,37.2066],[106.6441,37.1817],[106.6204,37.0566],[106.6339,36.9979],[106.5748,36.9313],[106.649,36.8342],[106.6022,36.7258],[106.5024,36.7065],[106.4847,36.534],[106.4308,36.5023],[106.4954,36.4367],[106.5041,36.3623],[106.4732,36.3178],[106.4966,36.2684],[106.6039,36.2778],[106.7449,36.2066],[106.8137,36.2116],[106.9448,36.0769],[106.9137,35.9526],[106.9381,35.9298],[106.8432,35.8822],[106.9134,35.7888],[106.8551,35.7346],[106.7285,35.677],[106.69,35.7067],[106.5949,35.7274],[106.4696,35.7274],[106.4293,35.6994],[106.4488,35.6204],[106.5055,35.5536],[106.4133,35.5459],[106.4966,35.4748],[106.4649,35.3324],[106.3778,35.2607],[106.3134,35.2736],[106.2107,35.3952],[106.1124,35.4247],[105.9844,35.4273],[105.9079,35.4044],[105.9124,35.4505],[106.0604,35.4639],[106.0651,35.4877],[105.9361,35.5248],[105.8294,35.4936],[105.7249,35.6037],[105.687,35.6813],[105.7256,35.7101],[105.5631,35.7],[105.4318,35.7564],[105.3181,35.9332],[105.3164,35.9936],[105.3515,36.0576],[105.4374,36.1067],[105.4459,36.2546],[105.3928,36.3844],[105.3476,36.4184],[105.2687,36.5502],[105.2205,36.693],[105.2366,36.7399],[105.3217,36.7807],[105.3046,36.8199],[105.2033,36.9248],[105.1802,36.9721],[105.0905,37.0263],[105.0165,37.0402],[104.9224,37.0968],[104.8554,37.2182],[104.7647,37.2505],[104.7089,37.215],[104.6214,37.2493],[104.7224,37.3393],[104.6895,37.4119],[104.4645,37.4402],[104.4086,37.4013],[104.3585,37.4012],[104.4252,37.4986],[104.5224,37.53],[104.647,37.5066],[104.8025,37.5337],[104.9443,37.5457],[105.009,37.5767],[105.0849,37.6607],[105.2466,37.7253],[105.3544,37.7526],[105.5341,37.725],[105.6587,37.7398],[105.7881,37.8051],[105.8247,38.0055],[105.7556,38.1355],[105.7813,38.2059],[105.8281,38.2268],[105.8452,38.3041],[105.8227,38.3461],[105.8412,38.5713],[105.8966,38.7362],[106.0035,38.8812],[106.0603,38.9791],[106.1132,39.1208],[106.2408,39.1267],[106.2834,39.1565],[106.2757,39.2692],[106.3021,39.2895],[106.4969,39.2858],[106.6141,39.3583],[106.7891,39.361],[106.8094,39.3093],[106.8082,39.1991],[106.9119,39.0692],[106.9778,39.0356],[106.9317,38.9211],[106.7044,38.6372],[106.645,38.4592],[106.4701,38.2907],[106.577,38.2405],[106.69,38.2103],[106.8292,38.1504],[107.0608,38.1149],[107.1626,38.1386],[107.3242,38.0659],[107.3928,37.9852],[107.4047,37.9217],[107.6576,37.8529]]]}},{"type":"Feature","id":"xinjiang","properties":{"id":"xinjiang","name":"新疆","nameEn":"Xinjiang","adcode":"650000","center":[85.4253,41.122],"sourceIds":["CHN-1756"]},"geometry":{"type":"Polygon","coordinates":[[[96.3663,42.7229],[96.0909,42.5869],[96.0438,42.4999],[96.0178,42.1387],[96.0358,41.9953],[95.8639,41.855],[95.7719,41.8297],[95.492,41.856],[95.0583,41.7886],[94.5809,41.5852],[94.011,41.104],[93.7599,40.8233],[93.6691,40.6834],[93.5775,40.588],[93.5035,40.5476],[93.2863,40.4693],[93.0368,40.4899],[92.9415,40.4726],[92.9259,40.4229],[92.9195,40.1181],[92.9074,40.0792],[92.7774,39.9055],[92.7724,39.8105],[92.948,39.4525],[92.936,39.1529],[92.8111,39.1264],[92.3331,39.0499],[92.2486,38.989],[92.1227,38.9406],[91.8806,38.8755],[91.6286,38.8257],[91.4916,38.8173],[91.2944,38.7451],[91.1988,38.7404],[91.0125,38.6987],[90.8949,38.701],[90.735,38.6732],[90.6535,38.6741],[90.636,38.6243],[90.4782,38.5325],[90.3125,38.4658],[90.2561,38.4738],[90.1509,38.4328],[90.1935,38.3257],[90.4393,37.9961],[90.4514,37.9368],[90.4101,37.847],[90.4365,37.7786],[90.569,37.732],[90.6756,37.6698],[90.8345,37.6078],[90.9572,37.5194],[91.0737,37.4879],[91.1262,37.4186],[91.1517,37.3233],[91.235,37.1954],[91.3163,37.119],[91.3256,37.053],[91.2876,37.0135],[91.1914,37.0015],[91.055,36.9451],[90.9637,36.9296],[90.8911,36.9395],[90.8078,36.9106],[90.7124,36.8215],[90.6881,36.6985],[90.7105,36.6362],[90.8053,36.5585],[91.0067,36.5035],[91.061,36.3135],[91.1358,36.1406],[91.1113,36.0739],[91.0059,36.0529],[90.875,36.0036],[90.8294,36.0104],[90.6227,36.1111],[90.2925,36.1155],[90.1657,36.1292],[90.098,36.2049],[90.0138,36.2528],[89.972,36.1049],[89.8668,36.0656],[89.6778,36.082],[89.2236,36.2636],[89.1105,36.2623],[88.9583,36.2873],[88.8281,36.3737],[88.7117,36.3684],[88.5224,36.4143],[88.4592,36.4489],[88.2768,36.4486],[88.1488,36.4284],[88.0001,36.4284],[87.9245,36.3826],[87.5709,36.3338],[87.5006,36.3365],[87.3456,36.3741],[87.1938,36.304],[87.0008,36.2741],[86.787,36.2603],[86.7139,36.2315],[86.5896,36.2165],[86.4594,36.2194],[86.3995,36.17],[86.2724,36.1456],[86.2123,36.1159],[86.1785,36.0203],[86.1332,35.9853],[86.0874,35.8756],[85.9932,35.7848],[85.9299,35.7617],[85.7682,35.7726],[85.7169,35.7593],[85.6198,35.6754],[85.5619,35.6574],[85.5239,35.7163],[85.3893,35.7567],[85.2603,35.7304],[85.1498,35.7498],[84.9236,35.6893],[84.7776,35.6005],[84.5634,35.5595],[84.2147,35.389],[84.1332,35.3775],[84.0511,35.4117],[83.9844,35.416],[83.8707,35.3745],[83.5648,35.3607],[83.4526,35.3936],[83.3527,35.394],[83.2461,35.4212],[83.0987,35.4128],[82.9718,35.4904],[82.9784,35.6008],[82.9359,35.6741],[82.7846,35.6845],[82.7104,35.6502],[82.4282,35.6898],[82.3189,35.6337],[82.2892,35.545],[82.086,35.448],[82.0022,35.3194],[81.9243,35.2922],[81.7114,35.2457],[81.6042,35.2369],[81.5451,35.2518],[81.4618,35.3102],[81.3573,35.3324],[81.2102,35.3169],[81.0609,35.3886],[81.0369,35.3108],[80.9789,35.2934],[80.8585,35.3471],[80.7661,35.3434],[80.6561,35.3843],[80.486,35.4042],[80.3192,35.5093],[80.2596,35.5142],[80.2629,35.4357],[80.1762,35.2532],[80.0142,35.0859],[80.0469,35.0177],[80.001,34.9684],[79.9263,34.9547],[79.8838,34.9196],[79.9167,34.7984],[79.953,34.7578],[79.9563,34.6848],[79.8627,34.5212],[79.794,34.431],[79.7173,34.4128],[79.6025,34.4587],[79.5126,34.4717],[79.3384,34.4308],[79.2045,34.4394],[79.0377,34.3847],[78.9569,34.34],[78.9221,34.3723],[78.8017,34.415],[78.7507,34.4713],[78.6073,34.5465],[78.3794,34.5787],[78.3353,34.5944],[78.2732,34.6589],[78.2114,34.8483],[78.1481,34.9431],[78.13,35.0554],[78.0364,35.1942],[78.0012,35.2689],[78.0098,35.3475],[78.0556,35.4529],[78.0443,35.4916],[77.9859,35.4942],[77.8831,35.4311],[77.8003,35.4954],[77.7474,35.4943],[77.6606,35.4581],[77.5122,35.4785],[77.4128,35.4694],[77.2508,35.5307],[77.1053,35.538],[77.039,35.585],[76.8964,35.5896],[76.843,35.6413],[76.7634,35.6471],[76.6767,35.7138],[76.5708,35.7513],[76.5511,35.784],[76.5653,35.8655],[76.5372,35.9025],[76.4031,35.831],[76.312,35.8096],[76.166,35.8062],[76.1381,35.8267],[76.1147,35.9418],[76.0614,35.9916],[75.9843,35.9956],[75.9223,36.0317],[75.8943,36.0974],[75.9766,36.1628],[75.9701,36.2023],[76.0144,36.2304],[75.9688,36.302],[75.9874,36.4212],[75.9766,36.4626],[75.8748,36.6195],[75.7905,36.6878],[75.6498,36.754],[75.5705,36.7667],[75.4926,36.7207],[75.4105,36.7473],[75.3945,36.8643],[75.3513,36.9158],[75.1951,36.9489],[75.1001,36.9941],[74.9768,36.9843],[74.9105,36.9626],[74.8724,36.9071],[74.8609,36.9469],[74.7926,37.0152],[74.7192,37.0164],[74.6625,37.0545],[74.5424,37.0217],[74.4766,37.0831],[74.3826,37.1266],[74.3683,37.1671],[74.4567,37.1773],[74.4873,37.2259],[74.59,37.2434],[74.6233,37.2308],[74.7215,37.2978],[74.7833,37.2197],[74.9127,37.239],[74.9329,37.2725],[75.0684,37.3121],[75.0918,37.3784],[75.1641,37.4006],[75.0359,37.5064],[74.9452,37.5486],[74.8919,37.5992],[74.8861,37.6535],[74.9652,37.7675],[74.8832,37.8439],[74.8928,37.994],[74.7907,38.0814],[74.7713,38.1963],[74.7711,38.2915],[74.8383,38.3794],[74.8329,38.4636],[74.7763,38.5107],[74.6965,38.524],[74.6461,38.5611],[74.4766,38.6121],[74.3342,38.667],[74.2438,38.6502],[74.1091,38.6623],[74.0844,38.614],[74.0373,38.5985],[74.0588,38.547],[74.0289,38.5272],[73.9329,38.5297],[73.7974,38.6028],[73.7364,38.7217],[73.7359,38.8004],[73.6837,38.8549],[73.7399,38.9269],[73.8096,38.9327],[73.816,38.9938],[73.6982,39.0784],[73.6738,39.1426],[73.6023,39.2358],[73.6413,39.3353],[73.6326,39.4483],[73.8207,39.4682],[73.8831,39.5612],[73.9268,39.5929],[73.8935,39.7104],[73.8295,39.747],[73.823,39.8057],[73.944,39.9701],[73.9579,40.0214],[74.004,40.0608],[74.0695,40.0678],[74.1676,40.1064],[74.2723,40.0938],[74.3699,40.1058],[74.4766,40.1724],[74.5654,40.2469],[74.7058,40.3313],[74.8621,40.3262],[74.7874,40.4207],[74.8354,40.5116],[75.0391,40.4411],[75.1381,40.4639],[75.1939,40.4413],[75.4818,40.6141],[75.5599,40.6329],[75.5877,40.6119],[75.6108,40.5129],[75.6669,40.4502],[75.6402,40.3673],[75.6818,40.2917],[75.7505,40.3083],[75.8586,40.2964],[75.9215,40.3091],[75.9624,40.3573],[76.0761,40.392],[76.1514,40.3681],[76.2442,40.4412],[76.2734,40.4341],[76.3135,40.3433],[76.4491,40.4155],[76.4989,40.4646],[76.5564,40.5657],[76.6242,40.6275],[76.6308,40.7289],[76.6742,40.7954],[76.7708,40.8671],[76.7668,40.9447],[76.861,41.0132],[77.0077,41.0442],[77.1188,41.0117],[77.2432,41.0057],[77.333,41.0207],[77.4749,40.982],[77.6656,41.0013],[77.7976,41.0547],[77.8667,41.0641],[78.075,41.0395],[78.176,41.1055],[78.2503,41.2005],[78.3597,41.2875],[78.3393,41.344],[78.3599,41.3775],[78.5104,41.4544],[78.6192,41.4781],[78.6721,41.5384],[78.8073,41.5784],[78.8974,41.6263],[78.9762,41.6418],[79.0887,41.7025],[79.1745,41.7226],[79.3041,41.7876],[79.411,41.7786],[79.611,41.8676],[79.7475,41.8797],[79.7833,41.9051],[79.8429,42.0018],[79.9309,42.0233],[80.1819,42.021],[80.2312,42.0337],[80.2565,42.0844],[80.2103,42.1895],[80.2684,42.238],[80.1947,42.4463],[80.2121,42.4788],[80.1624,42.5524],[80.14,42.623],[80.2275,42.791],[80.2649,42.8237],[80.3168,42.8156],[80.4762,42.8639],[80.5545,42.8989],[80.5219,42.9254],[80.4077,42.9547],[80.3551,43.0006],[80.3681,43.0285],[80.4979,43.0762],[80.5759,43.1194],[80.66,43.1328],[80.7315,43.1011],[80.7879,43.128],[80.7355,43.2889],[80.6429,43.3262],[80.6942,43.3947],[80.7127,43.4589],[80.4762,43.9102],[80.4127,43.9932],[80.3923,44.0655],[80.3451,44.1031],[80.373,44.2702],[80.3329,44.4174],[80.3379,44.494],[80.3838,44.6028],[80.3558,44.6529],[80.492,44.7017],[80.4762,44.7354],[80.2183,44.8181],[80.0394,44.7905],[79.9917,44.7936],[79.8686,44.8494],[79.8582,44.9037],[79.9247,44.9317],[80.0617,45.019],[80.1476,45.0345],[80.219,45.026],[80.4064,45.0566],[80.4251,45.0921],[80.5368,45.1011],[80.6971,45.1437],[80.8539,45.1265],[81.0219,45.1616],[81.1442,45.2047],[81.542,45.2933],[81.6652,45.348],[81.7393,45.3381],[81.8073,45.1887],[81.8753,45.1811],[81.9501,45.1445],[82.1918,45.2222],[82.2946,45.2282],[82.4758,45.1157],[82.5397,45.1237],[82.5852,45.1768],[82.6338,45.3394],[82.6157,45.4354],[82.513,45.4658],[82.3627,45.4812],[82.2915,45.5332],[82.3722,45.7342],[82.4475,45.8254],[82.4889,45.9017],[82.5419,46.1315],[82.5683,46.1965],[82.6744,46.3311],[82.7078,46.4342],[82.7474,46.4933],[82.839,46.7324],[82.9855,46.9425],[83.0135,47.1946],[83.0469,47.2147],[83.1504,47.2115],[83.222,47.1719],[83.3534,47.145],[83.5245,47.0671],[83.9053,46.974],[84.0696,46.9644],[84.1591,46.9933],[84.2658,47.0001],[84.4218,46.9931],[84.521,46.9698],[84.6635,46.9839],[84.7317,46.9478],[84.7496,46.8825],[84.7155,46.8352],[84.7671,46.8181],[84.916,46.8506],[84.9904,46.9077],[85.0354,46.915],[85.1674,46.993],[85.2051,47.0337],[85.4986,47.0518],[85.5568,47.1787],[85.6597,47.2065],[85.679,47.2749],[85.6704,47.3843],[85.6002,47.4632],[85.58,47.5238],[85.5954,47.6241],[85.5154,47.9203],[85.5618,48.0307],[85.5864,48.1412],[85.7187,48.3588],[85.7837,48.4076],[86.006,48.4296],[86.192,48.4182],[86.3338,48.4904],[86.4306,48.4859],[86.5651,48.5273],[86.6211,48.6032],[86.7445,48.7035],[86.7392,48.7835],[86.7895,48.8391],[86.718,48.9125],[86.7275,48.9903],[86.8873,49.1068],[86.9754,49.0924],[87.1163,49.1298],[87.4004,49.071],[87.5253,49.1198],[87.7164,49.1589],[87.8163,49.1658],[87.8355,49.1007],[87.8219,49.0287],[87.8722,49.0041],[87.8726,48.968],[87.7569,48.9204],[87.7379,48.8694],[87.7961,48.8398],[87.8059,48.8006],[87.9076,48.7588],[87.9755,48.756],[88.0594,48.7081],[88.0639,48.6826],[87.9428,48.5995],[88.0166,48.5398],[88.052,48.5432],[88.166,48.4937],[88.2356,48.4932],[88.3321,48.454],[88.4167,48.3941],[88.5027,48.3926],[88.5651,48.343],[88.5808,48.212],[88.6358,48.1758],[88.7092,48.1664],[88.8054,48.106],[88.9323,48.097],[89.0456,47.993],[89.244,47.9802],[89.3343,48.0324],[89.4092,48.0231],[89.5418,48.031],[89.6553,47.8998],[89.7234,47.8782],[89.7513,47.8243],[89.8891,47.8243],[89.9632,47.8887],[90.0446,47.8798],[90.0829,47.7561],[90.2097,47.6957],[90.3448,47.6586],[90.3274,47.623],[90.3816,47.5384],[90.4412,47.493],[90.4482,47.404],[90.4872,47.3782],[90.4687,47.3089],[90.7121,47.0147],[90.8282,46.9823],[90.8851,46.9447],[90.9328,46.8748],[90.9253,46.8131],[91.0048,46.7404],[91.0156,46.7032],[90.9959,46.5946],[91.0475,46.5664],[90.9358,46.3439],[90.8962,46.302],[90.9488,46.1683],[90.9959,46.1137],[91.0024,46.0218],[90.7108,45.7522],[90.6966,45.73],[90.6511,45.4931],[90.738,45.4417],[90.7966,45.2928],[90.8544,45.2706],[90.8732,45.1862],[90.9751,45.2149],[91.0568,45.2176],[91.135,45.1979],[91.2491,45.1297],[91.3665,45.1142],[91.4561,45.1375],[91.5218,45.0775],[91.663,45.0595],[91.747,45.0724],[91.9191,45.0656],[92.0094,45.0762],[92.1084,45.0582],[92.1937,45.0145],[92.3965,45.0131],[92.4751,44.9975],[92.7527,45.038],[92.861,45.0379],[92.9451,45.0058],[93.1657,45.0076],[93.2442,44.9815],[93.341,44.9849],[93.4206,44.9551],[93.5253,44.9513],[93.714,44.8746],[93.8745,44.7142],[93.9274,44.6729],[94.1037,44.6516],[94.195,44.6543],[94.2775,44.5896],[94.3385,44.5121],[94.4301,44.5045],[94.5881,44.4361],[94.6982,44.3435],[95.0368,44.255],[95.3794,44.2871],[95.3214,44.1484],[95.3275,44.0067],[95.5103,43.9791],[95.5892,43.8695],[95.6925,43.6305],[95.8328,43.4089],[95.855,43.2845],[95.9085,43.2145],[96.2943,42.9333],[96.3372,42.8665],[96.3663,42.7229]]]}},{"type":"Feature","id":"taiwan","properties":{"id":"taiwan","name":"台湾","nameEn":"Taiwan","adcode":"710000","center":[121.0,23.8],"sourceIds":["TWN-1168","TWN-1162","TWN-1161","TWN-1165","TWN-1174","TWN-1169","TWN-1176","TWN-1170","TWN-1160","TWN-1156","TWN-1158","TWN-1177","TWN-1172","TWN-1163","TWN-1167","TWN-1164","TWN-3415","TWN-3414","TWN-1173","TWN-1166","TWN-1171"]},"geometry":{"type":"MultiPolygon","coordinates":[[[[120.8357,21.9872],[120.8403,21.9046],[120.7373,21.9661],[120.7004,21.9484],[120.6834,22.0139],[120.697,22.1132],[120.6213,22.2951],[120.5697,22.3738],[120.512,22.4247],[120.3312,22.5197],[120.3135,22.5771],[120.2396,22.6591],[120.2521,22.6896],[120.2,22.7925],[120.2013,22.8441],[120.0594,23.151],[120.1301,23.361],[120.1646,23.3617],[120.125,23.4896],[120.1436,23.638],[120.1892,23.7748],[120.2922,23.9119],[120.3401,24.0218],[120.4119,24.0969],[120.4186,24.1425],[120.4932,24.2307],[120.5708,24.4049],[120.6489,24.4839],[120.7022,24.607],[120.7781,24.6657],[120.8267,24.6661],[120.9092,24.8169],[120.926,24.8847],[121.0055,25.0007],[121.0593,25.0502],[121.2109,25.1112],[121.3303,25.1307],[121.3788,25.1579],[121.4363,25.2414],[121.5397,25.2874],[121.5979,25.2714],[121.6497,25.1971],[121.7185,25.152],[121.8928,25.1137],[121.9092,25.036],[122.0054,25.0019],[121.9058,24.9501],[121.8235,24.8549],[121.8088,24.8052],[121.828,24.6228],[121.856,24.5505],[121.84,24.4813],[121.78,24.4327],[121.7586,24.3323],[121.7727,24.3092],[121.6629,24.1931],[121.6074,24.0769],[121.6289,24.0262],[121.5215,23.6587],[121.4622,23.343],[121.4089,23.2546],[121.4001,23.1455],[121.3474,23.0833],[121.2996,22.9592],[121.1903,22.8432],[121.1903,22.8022],[121.1414,22.7418],[121.021,22.6479],[120.9483,22.5268],[120.9229,22.4247],[120.8866,22.366],[120.875,22.2893],[120.8792,22.0558],[120.8357,21.9872]]],[[[120.0077,23.4326],[120.1248,23.5505],[120.0903,23.4994],[120.0077,23.4326]]],[[[119.6406,23.5635],[119.5872,23.5488],[119.5672,23.5885],[119.648,23.6035],[119.6406,23.5635]]],[[[119.4917,23.571],[119.4894,23.6396],[119.5078,23.6324],[119.4917,23.571]]],[[[119.5911,23.6635],[119.5768,23.6225],[119.5453,23.6649],[119.5911,23.6635]]],[[[118.4488,24.4155],[118.3729,24.4332],[118.3182,24.3905],[118.2839,24.4013],[118.2821,24.4774],[118.3814,24.4735],[118.3942,24.5227],[118.4496,24.5055],[118.4488,24.4155]]],[[[121.5669,22.0078],[121.4983,22.048],[121.492,22.0822],[121.5666,22.0822],[121.5669,22.0078]]],[[[121.4961,22.6347],[121.4575,22.6759],[121.4958,22.6785],[121.4961,22.6347]]]]}},{"type":"Feature","id":"hong-kong","properties":{"id":"hong-kong","name":"香港","nameEn":"Hong Kong","adcode":"810000","center":[114.15,22.36],"sourceIds":["HKG-5168","HKG-5170","HKG-5156","HKG-5153","HKG-5154","HKG-5155","HKG-5165","HKG-5169","HKG-5163","HKG-5162","HKG-5161","HKG-5158","HKG-5157","HKG-5159","HKG-5164","HKG-5166","HKG-5167","HKG-5160"]},"geometry":{"type":"MultiPolygon","coordinates":[[[[114.1546,22.2036],[114.1108,22.1771],[114.1141,22.2161],[114.1546,22.2036]]],[[[113.8392,22.2342],[113.8925,22.2927],[114.0127,22.3113],[114.0189,22.2646],[113.9063,22.204],[113.8464,22.1971],[113.8392,22.2342]]],[[[114.1134,22.2778],[114.2358,22.2778],[114.2077,22.1896],[114.1838,22.241],[114.1134,22.2778]]],[[[114.2298,22.5558],[114.162,22.5605],[114.0824,22.5294],[113.941,22.4268],[113.9144,22.3761],[114.0205,22.3504],[114.111,22.366],[114.1817,22.2944],[114.2389,22.2817],[114.2664,22.316],[114.2967,22.2583],[114.3116,22.2973],[114.2555,22.3559],[114.3186,22.3894],[114.342,22.3458],[114.3897,22.366],[114.3997,22.4361],[114.3523,22.4237],[114.3237,22.48],[114.2118,22.4206],[114.1675,22.4481],[114.2538,22.4518],[114.3351,22.5064],[114.2777,22.5117],[114.2298,22.5558]]]]}},{"type":"Feature","id":"macao","properties":{"id":"macao","name":"澳门","nameEn":"Macao","adcode":"820000","center":[113.55,22.16],"sourceIds":["MAC+00?"]},"geometry":{"type":"MultiPolygon","coordinates":[[[[113.5859,22.1319],[113.5468,22.1054],[113.5344,22.1612],[113.5859,22.1319]]],[[[113.5389,22.2208],[113.5515,22.1896],[113.5199,22.1837],[113.5389,22.2208]]]]}}]}
